Using pre-set license
Built from '2022.3/respin/2022.3.62f2-4af31df585-v2' branch; Version is '2022.3.62f3 (96770f904ca7) revision 9860879'; Using compiler version '192829333'; Build Type 'Release'
OS: 'Windows 11  (10.0.26200) 64bit Professional' Language: 'ja' Physical Memory: 16085 MB
BatchMode: 1, IsHumanControllingUs: 0, StartBugReporterOnCrash: 0, Is64bit: 1, IsPro: 1

COMMAND LINE ARGUMENTS:
C:\Program Files\Unity\Hub\Editor\2022.3.62f3\Editor\Unity.exe
-adb2
-batchMode
-noUpm
-name
AssetImportWorker0
-projectPath
C:/Users/haiha/Unity/20260903_kadaii
-logFile
Logs/AssetImportWorker0.log
-srvPort
51259
Successfully changed project path to: C:/Users/haiha/Unity/20260903_kadaii
C:/Users/haiha/Unity/20260903_kadaii
[UnityMemory] Configuration Parameters - Can be set up in boot.config
    "memorysetup-bucket-allocator-granularity=16"
    "memorysetup-bucket-allocator-bucket-count=8"
    "memorysetup-bucket-allocator-block-size=33554432"
    "memorysetup-bucket-allocator-block-count=8"
    "memorysetup-main-allocator-block-size=16777216"
    "memorysetup-thread-allocator-block-size=16777216"
    "memorysetup-gfx-main-allocator-block-size=16777216"
    "memorysetup-gfx-thread-allocator-block-size=16777216"
    "memorysetup-cache-allocator-block-size=4194304"
    "memorysetup-typetree-allocator-block-size=2097152"
    "memorysetup-profiler-bucket-allocator-granularity=16"
    "memorysetup-profiler-bucket-allocator-bucket-count=8"
    "memorysetup-profiler-bucket-allocator-block-size=33554432"
    "memorysetup-profiler-bucket-allocator-block-count=8"
    "memorysetup-profiler-allocator-block-size=16777216"
    "memorysetup-profiler-editor-allocator-block-size=1048576"
    "memorysetup-temp-allocator-size-main=16777216"
    "memorysetup-job-temp-allocator-block-size=2097152"
    "memorysetup-job-temp-allocator-block-size-background=1048576"
    "memorysetup-job-temp-allocator-reduction-small-platforms=262144"
    "memorysetup-allocator-temp-initial-block-size-main=262144"
    "memorysetup-allocator-temp-initial-block-size-worker=262144"
    "memorysetup-temp-allocator-size-background-worker=32768"
    "memorysetup-temp-allocator-size-job-worker=262144"
    "memorysetup-temp-allocator-size-preload-manager=33554432"
    "memorysetup-temp-allocator-size-nav-mesh-worker=65536"
    "memorysetup-temp-allocator-size-audio-worker=65536"
    "memorysetup-temp-allocator-size-cloud-worker=32768"
    "memorysetup-temp-allocator-size-gi-baking-worker=262144"
    "memorysetup-temp-allocator-size-gfx=262144"
Player connection [3584]  Target information:

Player connection [3584]  * "[IP] 10.192.46.138 [Port] 0 [Flags] 2 [Guid] 912629253 [EditorId] 912629253 [Version] 1048832 [Id] WindowsEditor(7,bisuansd28) [Debug] 1 [PackageName] WindowsEditor [ProjectName] Editor" 

Player connection [3584]  * "[IP] 172.30.64.1 [Port] 0 [Flags] 2 [Guid] 912629253 [EditorId] 912629253 [Version] 1048832 [Id] WindowsEditor(7,bisuansd28) [Debug] 1 [PackageName] WindowsEditor [ProjectName] Editor" 

Player connection [3584]  * "[IP] 192.168.56.1 [Port] 0 [Flags] 2 [Guid] 912629253 [EditorId] 912629253 [Version] 1048832 [Id] WindowsEditor(7,bisuansd28) [Debug] 1 [PackageName] WindowsEditor [ProjectName] Editor" 

Player connection [3584] Host joined multi-casting on [225.0.0.222:54997]...
Player connection [3584] Host joined alternative multi-casting on [225.0.0.222:34997]...
Input System module state changed to: Initialized.
[PhysX] Initialized MultithreadedTaskDispatcher with 16 workers.
Refreshing native plugins compatible for Editor in 29.70 ms, found 4 plugins.
Preloading 0 native plugins for Editor in 0.00 ms.
Initialize engine version: 2022.3.62f3 (96770f904ca7)
[Subsystems] Discovering subsystems at path C:/Program Files/Unity/Hub/Editor/2022.3.62f3/Editor/Data/Resources/UnitySubsystems
[Subsystems] Discovering subsystems at path C:/Users/haiha/Unity/20260903_kadaii/Assets
GfxDevice: creating device client; threaded=0; jobified=0
Direct3D:
    Version:  Direct3D 11.0 [level 11.1]
    Renderer: Microsoft Basic Render Driver (ID=0x8c)
    Vendor:   Microsoft
    VRAM:     8042 MB
Initialize mono
Mono path[0] = 'C:/Program Files/Unity/Hub/Editor/2022.3.62f3/Editor/Data/Managed'
Mono path[1] = 'C:/Program Files/Unity/Hub/Editor/2022.3.62f3/Editor/Data/MonoBleedingEdge/lib/mono/unityjit-win32'
Mono config path = 'C:/Program Files/Unity/Hub/Editor/2022.3.62f3/Editor/Data/MonoBleedingEdge/etc'
Using monoOptions --debugger-agent=transport=dt_socket,embedding=1,server=y,suspend=n,address=127.0.0.1:56940
Begin MonoManager ReloadAssembly
Registering precompiled unity dll's ...
Register platform support module: C:/Program Files/Unity/Hub/Editor/2022.3.62f3/Editor/Data/PlaybackEngines/WebGLSupport/UnityEditor.WebGL.Extensions.dll
Register platform support module: C:/Program Files/Unity/Hub/Editor/2022.3.62f3/Editor/Data/PlaybackEngines/WindowsStandaloneSupport/UnityEditor.WindowsStandalone.Extensions.dll
Registered in 0.027016 seconds.
- Loaded All Assemblies, in  0.899 seconds
Native extension for WindowsStandalone target not found
Native extension for WebGL target not found
Mono: successfully reloaded assembly
- Finished resetting the current domain, in  0.695 seconds
Domain Reload Profiling: 1580ms
	BeginReloadAssembly (266ms)
		ExecutionOrderSort (0ms)
		DisableScriptedObjects (0ms)
		BackupInstance (0ms)
		ReleaseScriptingObjects (0ms)
		CreateAndSetChildDomain (1ms)
	RebuildCommonClasses (77ms)
	RebuildNativeTypeToScriptingClass (21ms)
	initialDomainReloadingComplete (166ms)
	LoadAllAssembliesAndSetupDomain (353ms)
		LoadAssemblies (263ms)
		RebuildTransferFunctionScriptingTraits (0ms)
		AnalyzeDomain (350ms)
			TypeCache.Refresh (347ms)
				TypeCache.ScanAssembly (316ms)
			ScanForSourceGeneratedMonoScriptInfo (1ms)
			ResolveRequiredComponents (0ms)
	FinalizeReload (696ms)
		ReleaseScriptCaches (0ms)
		RebuildScriptCaches (0ms)
		SetupLoadedEditorAssemblies (598ms)
			LogAssemblyErrors (0ms)
			InitializePlatformSupportModulesInManaged (20ms)
			SetLoadedEditorAssemblies (42ms)
			RefreshPlugins (0ms)
			BeforeProcessingInitializeOnLoad (4ms)
			ProcessInitializeOnLoadAttributes (407ms)
			ProcessInitializeOnLoadMethodAttributes (124ms)
			AfterProcessingInitializeOnLoad (0ms)
			EditorAssembliesLoaded (0ms)
		ExecutionOrderSort2 (0ms)
		AwakeInstancesAfterBackupRestoration (0ms)
========================================================================
Worker process is ready to serve import requests
Caller must complete domain reload
Begin MonoManager ReloadAssembly
- Loaded All Assemblies, in  1.581 seconds
Native extension for WindowsStandalone target not found
Native extension for WebGL target not found
Mono: successfully reloaded assembly
- Finished resetting the current domain, in  1.012 seconds
Domain Reload Profiling: 2580ms
	BeginReloadAssembly (415ms)
		ExecutionOrderSort (0ms)
		DisableScriptedObjects (10ms)
		BackupInstance (0ms)
		ReleaseScriptingObjects (0ms)
		CreateAndSetChildDomain (68ms)
	RebuildCommonClasses (100ms)
	RebuildNativeTypeToScriptingClass (21ms)
	initialDomainReloadingComplete (101ms)
	LoadAllAssembliesAndSetupDomain (931ms)
		LoadAssemblies (824ms)
		RebuildTransferFunctionScriptingTraits (0ms)
		AnalyzeDomain (358ms)
			TypeCache.Refresh (322ms)
				TypeCache.ScanAssembly (300ms)
			ScanForSourceGeneratedMonoScriptInfo (25ms)
			ResolveRequiredComponents (6ms)
	FinalizeReload (1013ms)
		ReleaseScriptCaches (0ms)
		RebuildScriptCaches (0ms)
		SetupLoadedEditorAssemblies (774ms)
			LogAssemblyErrors (0ms)
			InitializePlatformSupportModulesInManaged (12ms)
			SetLoadedEditorAssemblies (8ms)
			RefreshPlugins (0ms)
			BeforeProcessingInitializeOnLoad (102ms)
			ProcessInitializeOnLoadAttributes (598ms)
			ProcessInitializeOnLoadMethodAttributes (35ms)
			AfterProcessingInitializeOnLoad (19ms)
			EditorAssembliesLoaded (0ms)
		ExecutionOrderSort2 (0ms)
		AwakeInstancesAfterBackupRestoration (11ms)
WARNING: Shader Unsupported: 'UnityChanToonShader/NoOutline/ToonColor_ShadingGradeMap_StencilMask' - All subshaders removed
WARNING: Shader Did you use #pragma only_renderers and omit this platform?
WARNING: Shader If subshaders removal was intentional, you may have forgotten turning Fallback off?
WARNING: Shader Unsupported: 'UnityChanToonShader/NoOutline/ToonColor_ShadingGradeMap_StencilMask' - All subshaders removed
WARNING: Shader Did you use #pragma only_renderers and omit this platform?
WARNING: Shader If subshaders removal was intentional, you may have forgotten turning Fallback off?
WARNING: Shader Unsupported: 'UnityChanToonShader/Tessellation/Light/Toon_DoubleShadeWithFeather_StencilOut' - All subshaders removed
WARNING: Shader Did you use #pragma only_renderers and omit this platform?
WARNING: Shader If subshaders removal was intentional, you may have forgotten turning Fallback off?
WARNING: Shader Unsupported: 'UnityChanToonShader/Tessellation/Light/Toon_DoubleShadeWithFeather_StencilOut' - All subshaders removed
WARNING: Shader Did you use #pragma only_renderers and omit this platform?
WARNING: Shader If subshaders removal was intentional, you may have forgotten turning Fallback off?
WARNING: Shader Unsupported: 'UnityChanToonShader/Tessellation/NoOutline/ToonColor_DoubleShadeWithFeather_StencilOut' - All subshaders removed
WARNING: Shader Did you use #pragma only_renderers and omit this platform?
WARNING: Shader If subshaders removal was intentional, you may have forgotten turning Fallback off?
WARNING: Shader Unsupported: 'UnityChanToonShader/Tessellation/NoOutline/ToonColor_DoubleShadeWithFeather_StencilOut' - All subshaders removed
WARNING: Shader Did you use #pragma only_renderers and omit this platform?
WARNING: Shader If subshaders removal was intentional, you may have forgotten turning Fallback off?
WARNING: Shader Unsupported: 'UnityChanToonShader/Mobile/Toon_DoubleShadeWithFeather_Clipping' - All subshaders removed
WARNING: Shader Did you use #pragma only_renderers and omit this platform?
WARNING: Shader If subshaders removal was intentional, you may have forgotten turning Fallback off?
WARNING: Shader Unsupported: 'UnityChanToonShader/Mobile/Toon_DoubleShadeWithFeather_Clipping' - All subshaders removed
WARNING: Shader Did you use #pragma only_renderers and omit this platform?
WARNING: Shader If subshaders removal was intentional, you may have forgotten turning Fallback off?
WARNING: Shader Unsupported: 'UnityChanToonShader/NoOutline/ToonColor_DoubleShadeWithFeather_Clipping_StencilOut' - All subshaders removed
WARNING: Shader Did you use #pragma only_renderers and omit this platform?
WARNING: Shader If subshaders removal was intentional, you may have forgotten turning Fallback off?
WARNING: Shader Unsupported: 'UnityChanToonShader/NoOutline/ToonColor_DoubleShadeWithFeather_Clipping_StencilOut' - All subshaders removed
WARNING: Shader Did you use #pragma only_renderers and omit this platform?
WARNING: Shader If subshaders removal was intentional, you may have forgotten turning Fallback off?
WARNING: Shader Unsupported: 'UnityChanToonShader/NoOutline/ToonColor_DoubleShadeWithFeather_StencilOut' - All subshaders removed
WARNING: Shader Did you use #pragma only_renderers and omit this platform?
WARNING: Shader If subshaders removal was intentional, you may have forgotten turning Fallback off?
WARNING: Shader Unsupported: 'UnityChanToonShader/NoOutline/ToonColor_DoubleShadeWithFeather_StencilOut' - All subshaders removed
WARNING: Shader Did you use #pragma only_renderers and omit this platform?
WARNING: Shader If subshaders removal was intentional, you may have forgotten turning Fallback off?
WARNING: Shader Unsupported: 'UnityChanToonShader/NoOutline/ToonColor_DoubleShadeWithFeather_StencilMask' - All subshaders removed
WARNING: Shader Did you use #pragma only_renderers and omit this platform?
WARNING: Shader If subshaders removal was intentional, you may have forgotten turning Fallback off?
WARNING: Shader Unsupported: 'UnityChanToonShader/NoOutline/ToonColor_DoubleShadeWithFeather_StencilMask' - All subshaders removed
WARNING: Shader Did you use #pragma only_renderers and omit this platform?
WARNING: Shader If subshaders removal was intentional, you may have forgotten turning Fallback off?
WARNING: Shader Unsupported: 'UnityChanToonShader/Tessellation/NoOutline/ToonColor_ShadingGradeMap' - All subshaders removed
WARNING: Shader Did you use #pragma only_renderers and omit this platform?
WARNING: Shader If subshaders removal was intentional, you may have forgotten turning Fallback off?
WARNING: Shader Unsupported: 'UnityChanToonShader/Tessellation/NoOutline/ToonColor_ShadingGradeMap' - All subshaders removed
WARNING: Shader Did you use #pragma only_renderers and omit this platform?
WARNING: Shader If subshaders removal was intentional, you may have forgotten turning Fallback off?
WARNING: Shader Unsupported: 'UnityChanToonShader/Tessellation/NoOutline/ToonColor_DoubleShadeWithFeather' - All subshaders removed
WARNING: Shader Did you use #pragma only_renderers and omit this platform?
WARNING: Shader If subshaders removal was intentional, you may have forgotten turning Fallback off?
WARNING: Shader Unsupported: 'UnityChanToonShader/Tessellation/NoOutline/ToonColor_DoubleShadeWithFeather' - All subshaders removed
WARNING: Shader Did you use #pragma only_renderers and omit this platform?
WARNING: Shader If subshaders removal was intentional, you may have forgotten turning Fallback off?
WARNING: Shader Unsupported: 'UnityChanToonShader/Mobile/Toon_ShadingGradeMap_StencilOut' - All subshaders removed
WARNING: Shader Did you use #pragma only_renderers and omit this platform?
WARNING: Shader If subshaders removal was intentional, you may have forgotten turning Fallback off?
WARNING: Shader Unsupported: 'UnityChanToonShader/Mobile/Toon_ShadingGradeMap_StencilOut' - All subshaders removed
WARNING: Shader Did you use #pragma only_renderers and omit this platform?
WARNING: Shader If subshaders removal was intentional, you may have forgotten turning Fallback off?
WARNING: Shader Unsupported: 'UnityChanToonShader/NoOutline/ToonColor_DoubleShadeWithFeather_TransClipping_StencilMask' - All subshaders removed
WARNING: Shader Did you use #pragma only_renderers and omit this platform?
WARNING: Shader If subshaders removal was intentional, you may have forgotten turning Fallback off?
WARNING: Shader Unsupported: 'UnityChanToonShader/NoOutline/ToonColor_DoubleShadeWithFeather_TransClipping_StencilMask' - All subshaders removed
WARNING: Shader Did you use #pragma only_renderers and omit this platform?
WARNING: Shader If subshaders removal was intentional, you may have forgotten turning Fallback off?
WARNING: Shader Unsupported: 'UnityChanToonShader/Tessellation/NoOutline/ToonColor_DoubleShadeWithFeather_Clipping_StencilMask' - All subshaders removed
WARNING: Shader Did you use #pragma only_renderers and omit this platform?
WARNING: Shader If subshaders removal was intentional, you may have forgotten turning Fallback off?
WARNING: Shader Unsupported: 'UnityChanToonShader/Tessellation/NoOutline/ToonColor_DoubleShadeWithFeather_Clipping_StencilMask' - All subshaders removed
WARNING: Shader Did you use #pragma only_renderers and omit this platform?
WARNING: Shader If subshaders removal was intentional, you may have forgotten turning Fallback off?
WARNING: Shader Unsupported: 'UnityChanToonShader/Mobile/Toon_DoubleShadeWithFeather' - All subshaders removed
WARNING: Shader Did you use #pragma only_renderers and omit this platform?
WARNING: Shader If subshaders removal was intentional, you may have forgotten turning Fallback off?
WARNING: Shader Unsupported: 'UnityChanToonShader/Mobile/Toon_DoubleShadeWithFeather' - All subshaders removed
WARNING: Shader Did you use #pragma only_renderers and omit this platform?
WARNING: Shader If subshaders removal was intentional, you may have forgotten turning Fallback off?
WARNING: Shader Unsupported: 'UnityChanToonShader/Mobile/Toon_DoubleShadeWithFeather_TransClipping_StencilMask' - All subshaders removed
WARNING: Shader Did you use #pragma only_renderers and omit this platform?
WARNING: Shader If subshaders removal was intentional, you may have forgotten turning Fallback off?
WARNING: Shader Unsupported: 'UnityChanToonShader/Mobile/Toon_DoubleShadeWithFeather_TransClipping_StencilMask' - All subshaders removed
WARNING: Shader Did you use #pragma only_renderers and omit this platform?
WARNING: Shader If subshaders removal was intentional, you may have forgotten turning Fallback off?
WARNING: Shader Unsupported: 'UnityChanToonShader/NoOutline/ToonColor_DoubleShadeWithFeather_Clipping_StencilMask' - All subshaders removed
WARNING: Shader Did you use #pragma only_renderers and omit this platform?
WARNING: Shader If subshaders removal was intentional, you may have forgotten turning Fallback off?
WARNING: Shader Unsupported: 'UnityChanToonShader/NoOutline/ToonColor_DoubleShadeWithFeather_Clipping_StencilMask' - All subshaders removed
WARNING: Shader Did you use #pragma only_renderers and omit this platform?
WARNING: Shader If subshaders removal was intentional, you may have forgotten turning Fallback off?
WARNING: Shader Unsupported: 'UnityChanToonShader/Tessellation/Light/AngelRing/Toon_ShadingGradeMap' - All subshaders removed
WARNING: Shader Did you use #pragma only_renderers and omit this platform?
WARNING: Shader If subshaders removal was intentional, you may have forgotten turning Fallback off?
WARNING: Shader Unsupported: 'UnityChanToonShader/Tessellation/Light/AngelRing/Toon_ShadingGradeMap' - All subshaders removed
WARNING: Shader Did you use #pragma only_renderers and omit this platform?
WARNING: Shader If subshaders removal was intentional, you may have forgotten turning Fallback off?
WARNING: Shader Unsupported: 'UnityChanToonShader/Mobile/Toon_ShadingGradeMap' - All subshaders removed
WARNING: Shader Did you use #pragma only_renderers and omit this platform?
WARNING: Shader If subshaders removal was intentional, you may have forgotten turning Fallback off?
WARNING: Shader Unsupported: 'UnityChanToonShader/Mobile/Toon_ShadingGradeMap' - All subshaders removed
WARNING: Shader Did you use #pragma only_renderers and omit this platform?
WARNING: Shader If subshaders removal was intentional, you may have forgotten turning Fallback off?
WARNING: Shader Unsupported: 'UnityChanToonShader/Mobile/Toon_DoubleShadeWithFeather_TransClipping' - All subshaders removed
WARNING: Shader Did you use #pragma only_renderers and omit this platform?
WARNING: Shader If subshaders removal was intentional, you may have forgotten turning Fallback off?
WARNING: Shader Unsupported: 'UnityChanToonShader/Mobile/Toon_DoubleShadeWithFeather_TransClipping' - All subshaders removed
WARNING: Shader Did you use #pragma only_renderers and omit this platform?
WARNING: Shader If subshaders removal was intentional, you may have forgotten turning Fallback off?
WARNING: Shader Unsupported: 'UnityChanToonShader/Tessellation/Light/Toon_DoubleShadeWithFeather' - All subshaders removed
WARNING: Shader Did you use #pragma only_renderers and omit this platform?
WARNING: Shader If subshaders removal was intentional, you may have forgotten turning Fallback off?
WARNING: Shader Unsupported: 'UnityChanToonShader/Tessellation/Light/Toon_DoubleShadeWithFeather' - All subshaders removed
WARNING: Shader Did you use #pragma only_renderers and omit this platform?
WARNING: Shader If subshaders removal was intentional, you may have forgotten turning Fallback off?
WARNING: Shader Unsupported: 'UnityChanToonShader/NoOutline/ToonColor_DoubleShadeWithFeather_TransClipping' - All subshaders removed
WARNING: Shader Did you use #pragma only_renderers and omit this platform?
WARNING: Shader If subshaders removal was intentional, you may have forgotten turning Fallback off?
WARNING: Shader Unsupported: 'UnityChanToonShader/NoOutline/ToonColor_DoubleShadeWithFeather_TransClipping' - All subshaders removed
WARNING: Shader Did you use #pragma only_renderers and omit this platform?
WARNING: Shader If subshaders removal was intentional, you may have forgotten turning Fallback off?
WARNING: Shader Unsupported: 'UnityChanToonShader/Tessellation/NoOutline/ToonColor_ShadingGradeMap_StencilOut' - All subshaders removed
WARNING: Shader Did you use #pragma only_renderers and omit this platform?
WARNING: Shader If subshaders removal was intentional, you may have forgotten turning Fallback off?
WARNING: Shader Unsupported: 'UnityChanToonShader/Tessellation/NoOutline/ToonColor_ShadingGradeMap_StencilOut' - All subshaders removed
WARNING: Shader Did you use #pragma only_renderers and omit this platform?
WARNING: Shader If subshaders removal was intentional, you may have forgotten turning Fallback off?
WARNING: Shader Unsupported: 'UnityChanToonShader/NoOutline/ToonColor_DoubleShadeWithFeather' - All subshaders removed
WARNING: Shader Did you use #pragma only_renderers and omit this platform?
WARNING: Shader If subshaders removal was intentional, you may have forgotten turning Fallback off?
WARNING: Shader Unsupported: 'UnityChanToonShader/NoOutline/ToonColor_DoubleShadeWithFeather' - All subshaders removed
WARNING: Shader Did you use #pragma only_renderers and omit this platform?
WARNING: Shader If subshaders removal was intentional, you may have forgotten turning Fallback off?
WARNING: Shader Unsupported: 'UnityChanToonShader/Mobile/AngelRing/Toon_ShadingGradeMap_StencilOut' - All subshaders removed
WARNING: Shader Did you use #pragma only_renderers and omit this platform?
WARNING: Shader If subshaders removal was intentional, you may have forgotten turning Fallback off?
WARNING: Shader Unsupported: 'UnityChanToonShader/Mobile/AngelRing/Toon_ShadingGradeMap_StencilOut' - All subshaders removed
WARNING: Shader Did you use #pragma only_renderers and omit this platform?
WARNING: Shader If subshaders removal was intentional, you may have forgotten turning Fallback off?
WARNING: Shader Unsupported: 'UnityChanToonShader/Tessellation/NoOutline/AngelRing/ToonColor_ShadingGradeMap' - All subshaders removed
WARNING: Shader Did you use #pragma only_renderers and omit this platform?
WARNING: Shader If subshaders removal was intentional, you may have forgotten turning Fallback off?
WARNING: Shader Unsupported: 'UnityChanToonShader/Tessellation/NoOutline/AngelRing/ToonColor_ShadingGradeMap' - All subshaders removed
WARNING: Shader Did you use #pragma only_renderers and omit this platform?
WARNING: Shader If subshaders removal was intentional, you may have forgotten turning Fallback off?
WARNING: Shader Unsupported: 'UnityChanToonShader/Mobile/Toon_DoubleShadeWithFeather_Clipping_StencilMask' - All subshaders removed
WARNING: Shader Did you use #pragma only_renderers and omit this platform?
WARNING: Shader If subshaders removal was intentional, you may have forgotten turning Fallback off?
WARNING: Shader Unsupported: 'UnityChanToonShader/Mobile/Toon_DoubleShadeWithFeather_Clipping_StencilMask' - All subshaders removed
WARNING: Shader Did you use #pragma only_renderers and omit this platform?
WARNING: Shader If subshaders removal was intentional, you may have forgotten turning Fallback off?
WARNING: Shader Unsupported: 'UnityChanToonShader/Mobile/Toon_ShadingGradeMap_TransClipping' - All subshaders removed
WARNING: Shader Did you use #pragma only_renderers and omit this platform?
WARNING: Shader If subshaders removal was intentional, you may have forgotten turning Fallback off?
WARNING: Shader Unsupported: 'UnityChanToonShader/Mobile/Toon_ShadingGradeMap_TransClipping' - All subshaders removed
WARNING: Shader Did you use #pragma only_renderers and omit this platform?
WARNING: Shader If subshaders removal was intentional, you may have forgotten turning Fallback off?
WARNING: Shader Unsupported: 'UnityChanToonShader/Mobile/Toon_ShadingGradeMap_StencilMask' - All subshaders removed
WARNING: Shader Did you use #pragma only_renderers and omit this platform?
WARNING: Shader If subshaders removal was intentional, you may have forgotten turning Fallback off?
WARNING: Shader Unsupported: 'UnityChanToonShader/Mobile/Toon_ShadingGradeMap_StencilMask' - All subshaders removed
WARNING: Shader Did you use #pragma only_renderers and omit this platform?
WARNING: Shader If subshaders removal was intentional, you may have forgotten turning Fallback off?
WARNING: Shader Unsupported: 'UnityChanToonShader/NoOutline/ToonColor_ShadingGradeMap_TransClipping_StencilMask' - All subshaders removed
WARNING: Shader Did you use #pragma only_renderers and omit this platform?
WARNING: Shader If subshaders removal was intentional, you may have forgotten turning Fallback off?
WARNING: Shader Unsupported: 'UnityChanToonShader/NoOutline/ToonColor_ShadingGradeMap_TransClipping_StencilMask' - All subshaders removed
WARNING: Shader Did you use #pragma only_renderers and omit this platform?
WARNING: Shader If subshaders removal was intentional, you may have forgotten turning Fallback off?
WARNING: Shader Unsupported: 'UnityChanToonShader/Tessellation/NoOutline/AngelRing/ToonColor_ShadingGradeMap_TransClipping_StencilOut' - All subshaders removed
WARNING: Shader Did you use #pragma only_renderers and omit this platform?
WARNING: Shader If subshaders removal was intentional, you may have forgotten turning Fallback off?
WARNING: Shader Unsupported: 'UnityChanToonShader/Tessellation/NoOutline/AngelRing/ToonColor_ShadingGradeMap_TransClipping_StencilOut' - All subshaders removed
WARNING: Shader Did you use #pragma only_renderers and omit this platform?
WARNING: Shader If subshaders removal was intentional, you may have forgotten turning Fallback off?
WARNING: Shader Unsupported: 'UnityChanToonShader/Mobile/Toon_DoubleShadeWithFeather_StencilMask' - All subshaders removed
WARNING: Shader Did you use #pragma only_renderers and omit this platform?
WARNING: Shader If subshaders removal was intentional, you may have forgotten turning Fallback off?
WARNING: Shader Unsupported: 'UnityChanToonShader/Mobile/Toon_DoubleShadeWithFeather_StencilMask' - All subshaders removed
WARNING: Shader Did you use #pragma only_renderers and omit this platform?
WARNING: Shader If subshaders removal was intentional, you may have forgotten turning Fallback off?
WARNING: Shader Unsupported: 'UnityChanToonShader/Tessellation/NoOutline/ToonColor_DoubleShadeWithFeather_TransClipping_StencilMask' - All subshaders removed
WARNING: Shader Did you use #pragma only_renderers and omit this platform?
WARNING: Shader If subshaders removal was intentional, you may have forgotten turning Fallback off?
WARNING: Shader Unsupported: 'UnityChanToonShader/Tessellation/NoOutline/ToonColor_DoubleShadeWithFeather_TransClipping_StencilMask' - All subshaders removed
WARNING: Shader Did you use #pragma only_renderers and omit this platform?
WARNING: Shader If subshaders removal was intentional, you may have forgotten turning Fallback off?
WARNING: Shader Unsupported: 'UnityChanToonShader/Tessellation/NoOutline/ToonColor_DoubleShadeWithFeather_Clipping' - All subshaders removed
WARNING: Shader Did you use #pragma only_renderers and omit this platform?
WARNING: Shader If subshaders removal was intentional, you may have forgotten turning Fallback off?
WARNING: Shader Unsupported: 'UnityChanToonShader/Tessellation/NoOutline/ToonColor_DoubleShadeWithFeather_Clipping' - All subshaders removed
WARNING: Shader Did you use #pragma only_renderers and omit this platform?
WARNING: Shader If subshaders removal was intentional, you may have forgotten turning Fallback off?
WARNING: Shader Unsupported: 'UnityChanToonShader/Tessellation/Light/Toon_ShadingGradeMap_StencilMask' - All subshaders removed
WARNING: Shader Did you use #pragma only_renderers and omit this platform?
WARNING: Shader If subshaders removal was intentional, you may have forgotten turning Fallback off?
WARNING: Shader Unsupported: 'UnityChanToonShader/Tessellation/Light/Toon_ShadingGradeMap_StencilMask' - All subshaders removed
WARNING: Shader Did you use #pragma only_renderers and omit this platform?
WARNING: Shader If subshaders removal was intentional, you may have forgotten turning Fallback off?
WARNING: Shader Unsupported: 'UnityChanToonShader/Tessellation/NoOutline/ToonColor_ShadingGradeMap_StencilMask' - All subshaders removed
WARNING: Shader Did you use #pragma only_renderers and omit this platform?
WARNING: Shader If subshaders removal was intentional, you may have forgotten turning Fallback off?
WARNING: Shader Unsupported: 'UnityChanToonShader/Tessellation/NoOutline/ToonColor_ShadingGradeMap_StencilMask' - All subshaders removed
WARNING: Shader Did you use #pragma only_renderers and omit this platform?
WARNING: Shader If subshaders removal was intentional, you may have forgotten turning Fallback off?
WARNING: Shader Unsupported: 'UnityChanToonShader/Tessellation/NoOutline/AngelRing/ToonColor_ShadingGradeMap_StencilOut' - All subshaders removed
WARNING: Shader Did you use #pragma only_renderers and omit this platform?
WARNING: Shader If subshaders removal was intentional, you may have forgotten turning Fallback off?
WARNING: Shader Unsupported: 'UnityChanToonShader/Tessellation/NoOutline/AngelRing/ToonColor_ShadingGradeMap_StencilOut' - All subshaders removed
WARNING: Shader Did you use #pragma only_renderers and omit this platform?
WARNING: Shader If subshaders removal was intentional, you may have forgotten turning Fallback off?
WARNING: Shader Unsupported: 'UnityChanToonShader/NoOutline/ToonColor_ShadingGradeMap_StencilOut' - All subshaders removed
WARNING: Shader Did you use #pragma only_renderers and omit this platform?
WARNING: Shader If subshaders removal was intentional, you may have forgotten turning Fallback off?
WARNING: Shader Unsupported: 'UnityChanToonShader/NoOutline/ToonColor_ShadingGradeMap_StencilOut' - All subshaders removed
WARNING: Shader Did you use #pragma only_renderers and omit this platform?
WARNING: Shader If subshaders removal was intentional, you may have forgotten turning Fallback off?
WARNING: Shader Unsupported: 'UnityChanToonShader/NoOutline/ToonColor_ShadingGradeMap' - All subshaders removed
WARNING: Shader Did you use #pragma only_renderers and omit this platform?
WARNING: Shader If subshaders removal was intentional, you may have forgotten turning Fallback off?
WARNING: Shader Unsupported: 'UnityChanToonShader/NoOutline/ToonColor_ShadingGradeMap' - All subshaders removed
WARNING: Shader Did you use #pragma only_renderers and omit this platform?
WARNING: Shader If subshaders removal was intentional, you may have forgotten turning Fallback off?
WARNING: Shader Unsupported: 'UnityChanToonShader/NoOutline/ToonColor_DoubleShadeWithFeather_Clipping' - All subshaders removed
WARNING: Shader Did you use #pragma only_renderers and omit this platform?
WARNING: Shader If subshaders removal was intentional, you may have forgotten turning Fallback off?
WARNING: Shader Unsupported: 'UnityChanToonShader/NoOutline/ToonColor_DoubleShadeWithFeather_Clipping' - All subshaders removed
WARNING: Shader Did you use #pragma only_renderers and omit this platform?
WARNING: Shader If subshaders removal was intentional, you may have forgotten turning Fallback off?
WARNING: Shader Unsupported: 'UnityChanToonShader/NoOutline/ToonColor_ShadingGradeMap_TransClipping_StencilOut' - All subshaders removed
WARNING: Shader Did you use #pragma only_renderers and omit this platform?
WARNING: Shader If subshaders removal was intentional, you may have forgotten turning Fallback off?
WARNING: Shader Unsupported: 'UnityChanToonShader/NoOutline/ToonColor_ShadingGradeMap_TransClipping_StencilOut' - All subshaders removed
WARNING: Shader Did you use #pragma only_renderers and omit this platform?
WARNING: Shader If subshaders removal was intentional, you may have forgotten turning Fallback off?
WARNING: Shader Unsupported: 'UnityChanToonShader/Tessellation/NoOutline/ToonColor_DoubleShadeWithFeather_TransClipping_StencilOut' - All subshaders removed
WARNING: Shader Did you use #pragma only_renderers and omit this platform?
WARNING: Shader If subshaders removal was intentional, you may have forgotten turning Fallback off?
WARNING: Shader Unsupported: 'UnityChanToonShader/Tessellation/NoOutline/ToonColor_DoubleShadeWithFeather_TransClipping_StencilOut' - All subshaders removed
WARNING: Shader Did you use #pragma only_renderers and omit this platform?
WARNING: Shader If subshaders removal was intentional, you may have forgotten turning Fallback off?
WARNING: Shader Unsupported: 'UnityChanToonShader/Tessellation/NoOutline/ToonColor_DoubleShadeWithFeather_Clipping_StencilOut' - All subshaders removed
WARNING: Shader Did you use #pragma only_renderers and omit this platform?
WARNING: Shader If subshaders removal was intentional, you may have forgotten turning Fallback off?
WARNING: Shader Unsupported: 'UnityChanToonShader/Tessellation/NoOutline/ToonColor_DoubleShadeWithFeather_Clipping_StencilOut' - All subshaders removed
WARNING: Shader Did you use #pragma only_renderers and omit this platform?
WARNING: Shader If subshaders removal was intentional, you may have forgotten turning Fallback off?
WARNING: Shader Unsupported: 'UnityChanToonShader/Tessellation/NoOutline/ToonColor_ShadingGradeMap_TransClipping' - All subshaders removed
WARNING: Shader Did you use #pragma only_renderers and omit this platform?
WARNING: Shader If subshaders removal was intentional, you may have forgotten turning Fallback off?
WARNING: Shader Unsupported: 'UnityChanToonShader/Tessellation/NoOutline/ToonColor_ShadingGradeMap_TransClipping' - All subshaders removed
WARNING: Shader Did you use #pragma only_renderers and omit this platform?
WARNING: Shader If subshaders removal was intentional, you may have forgotten turning Fallback off?
WARNING: Shader Unsupported: 'UnityChanToonShader/Tessellation/Light/Toon_ShadingGradeMap_StencilOut' - All subshaders removed
WARNING: Shader Did you use #pragma only_renderers and omit this platform?
WARNING: Shader If subshaders removal was intentional, you may have forgotten turning Fallback off?
WARNING: Shader Unsupported: 'UnityChanToonShader/Tessellation/Light/Toon_ShadingGradeMap_StencilOut' - All subshaders removed
WARNING: Shader Did you use #pragma only_renderers and omit this platform?
WARNING: Shader If subshaders removal was intentional, you may have forgotten turning Fallback off?
WARNING: Shader Unsupported: 'UnityChanToonShader/Mobile/AngelRing/Toon_ShadingGradeMap' - All subshaders removed
WARNING: Shader Did you use #pragma only_renderers and omit this platform?
WARNING: Shader If subshaders removal was intentional, you may have forgotten turning Fallback off?
WARNING: Shader Unsupported: 'UnityChanToonShader/Mobile/AngelRing/Toon_ShadingGradeMap' - All subshaders removed
WARNING: Shader Did you use #pragma only_renderers and omit this platform?
WARNING: Shader If subshaders removal was intentional, you may have forgotten turning Fallback off?
WARNING: Shader Unsupported: 'UnityChanToonShader/Tessellation/Light/AngelRing/Toon_ShadingGradeMap_StencilOut' - All subshaders removed
WARNING: Shader Did you use #pragma only_renderers and omit this platform?
WARNING: Shader If subshaders removal was intentional, you may have forgotten turning Fallback off?
WARNING: Shader Unsupported: 'UnityChanToonShader/Tessellation/Light/AngelRing/Toon_ShadingGradeMap_StencilOut' - All subshaders removed
WARNING: Shader Did you use #pragma only_renderers and omit this platform?
WARNING: Shader If subshaders removal was intentional, you may have forgotten turning Fallback off?
WARNING: Shader Unsupported: 'UnityChanToonShader/Tessellation/NoOutline/AngelRing/ToonColor_ShadingGradeMap_TransClipping' - All subshaders removed
WARNING: Shader Did you use #pragma only_renderers and omit this platform?
WARNING: Shader If subshaders removal was intentional, you may have forgotten turning Fallback off?
WARNING: Shader Unsupported: 'UnityChanToonShader/Tessellation/NoOutline/AngelRing/ToonColor_ShadingGradeMap_TransClipping' - All subshaders removed
WARNING: Shader Did you use #pragma only_renderers and omit this platform?
WARNING: Shader If subshaders removal was intentional, you may have forgotten turning Fallback off?
WARNING: Shader Unsupported: 'UnityChanToonShader/NoOutline/AngelRing/ToonColor_ShadingGradeMap_TransClipping' - All subshaders removed
WARNING: Shader Did you use #pragma only_renderers and omit this platform?
WARNING: Shader If subshaders removal was intentional, you may have forgotten turning Fallback off?
WARNING: Shader Unsupported: 'UnityChanToonShader/NoOutline/AngelRing/ToonColor_ShadingGradeMap_TransClipping' - All subshaders removed
WARNING: Shader Did you use #pragma only_renderers and omit this platform?
WARNING: Shader If subshaders removal was intentional, you may have forgotten turning Fallback off?
WARNING: Shader Unsupported: 'UnityChanToonShader/Mobile/Toon_ShadingGradeMap_TransClipping_StencilMask' - All subshaders removed
WARNING: Shader Did you use #pragma only_renderers and omit this platform?
WARNING: Shader If subshaders removal was intentional, you may have forgotten turning Fallback off?
WARNING: Shader Unsupported: 'UnityChanToonShader/Mobile/Toon_ShadingGradeMap_TransClipping_StencilMask' - All subshaders removed
WARNING: Shader Did you use #pragma only_renderers and omit this platform?
WARNING: Shader If subshaders removal was intentional, you may have forgotten turning Fallback off?
WARNING: Shader Unsupported: 'UnityChanToonShader/NoOutline/ToonColor_ShadingGradeMap_TransClipping' - All subshaders removed
WARNING: Shader Did you use #pragma only_renderers and omit this platform?
WARNING: Shader If subshaders removal was intentional, you may have forgotten turning Fallback off?
WARNING: Shader Unsupported: 'UnityChanToonShader/NoOutline/ToonColor_ShadingGradeMap_TransClipping' - All subshaders removed
WARNING: Shader Did you use #pragma only_renderers and omit this platform?
WARNING: Shader If subshaders removal was intentional, you may have forgotten turning Fallback off?
WARNING: Shader Unsupported: 'UnityChanToonShader/NoOutline/AngelRing/ToonColor_ShadingGradeMap_StencilOut' - All subshaders removed
WARNING: Shader Did you use #pragma only_renderers and omit this platform?
WARNING: Shader If subshaders removal was intentional, you may have forgotten turning Fallback off?
WARNING: Shader Unsupported: 'UnityChanToonShader/NoOutline/AngelRing/ToonColor_ShadingGradeMap_StencilOut' - All subshaders removed
WARNING: Shader Did you use #pragma only_renderers and omit this platform?
WARNING: Shader If subshaders removal was intentional, you may have forgotten turning Fallback off?
WARNING: Shader Unsupported: 'UnityChanToonShader/Tessellation/NoOutline/ToonColor_ShadingGradeMap_TransClipping_StencilMask' - All subshaders removed
WARNING: Shader Did you use #pragma only_renderers and omit this platform?
WARNING: Shader If subshaders removal was intentional, you may have forgotten turning Fallback off?
WARNING: Shader Unsupported: 'UnityChanToonShader/Tessellation/NoOutline/ToonColor_ShadingGradeMap_TransClipping_StencilMask' - All subshaders removed
WARNING: Shader Did you use #pragma only_renderers and omit this platform?
WARNING: Shader If subshaders removal was intentional, you may have forgotten turning Fallback off?
WARNING: Shader Unsupported: 'UnityChanToonShader/Tessellation/Light/Toon_ShadingGradeMap' - All subshaders removed
WARNING: Shader Did you use #pragma only_renderers and omit this platform?
WARNING: Shader If subshaders removal was intentional, you may have forgotten turning Fallback off?
WARNING: Shader Unsupported: 'UnityChanToonShader/Tessellation/Light/Toon_ShadingGradeMap' - All subshaders removed
WARNING: Shader Did you use #pragma only_renderers and omit this platform?
WARNING: Shader If subshaders removal was intentional, you may have forgotten turning Fallback off?
WARNING: Shader Unsupported: 'UnityChanToonShader/Tessellation/NoOutline/ToonColor_ShadingGradeMap_TransClipping_StencilOut' - All subshaders removed
WARNING: Shader Did you use #pragma only_renderers and omit this platform?
WARNING: Shader If subshaders removal was intentional, you may have forgotten turning Fallback off?
WARNING: Shader Unsupported: 'UnityChanToonShader/Tessellation/NoOutline/ToonColor_ShadingGradeMap_TransClipping_StencilOut' - All subshaders removed
WARNING: Shader Did you use #pragma only_renderers and omit this platform?
WARNING: Shader If subshaders removal was intentional, you may have forgotten turning Fallback off?
WARNING: Shader Unsupported: 'UnityChanToonShader/Tessellation/NoOutline/ToonColor_DoubleShadeWithFeather_StencilMask' - All subshaders removed
WARNING: Shader Did you use #pragma only_renderers and omit this platform?
WARNING: Shader If subshaders removal was intentional, you may have forgotten turning Fallback off?
WARNING: Shader Unsupported: 'UnityChanToonShader/Tessellation/NoOutline/ToonColor_DoubleShadeWithFeather_StencilMask' - All subshaders removed
WARNING: Shader Did you use #pragma only_renderers and omit this platform?
WARNING: Shader If subshaders removal was intentional, you may have forgotten turning Fallback off?
WARNING: Shader Unsupported: 'UnityChanToonShader/NoOutline/AngelRing/ToonColor_ShadingGradeMap' - All subshaders removed
WARNING: Shader Did you use #pragma only_renderers and omit this platform?
WARNING: Shader If subshaders removal was intentional, you may have forgotten turning Fallback off?
WARNING: Shader Unsupported: 'UnityChanToonShader/NoOutline/AngelRing/ToonColor_ShadingGradeMap' - All subshaders removed
WARNING: Shader Did you use #pragma only_renderers and omit this platform?
WARNING: Shader If subshaders removal was intentional, you may have forgotten turning Fallback off?
WARNING: Shader Unsupported: 'UnityChanToonShader/Tessellation/NoOutline/ToonColor_DoubleShadeWithFeather_TransClipping' - All subshaders removed
WARNING: Shader Did you use #pragma only_renderers and omit this platform?
WARNING: Shader If subshaders removal was intentional, you may have forgotten turning Fallback off?
WARNING: Shader Unsupported: 'UnityChanToonShader/Tessellation/NoOutline/ToonColor_DoubleShadeWithFeather_TransClipping' - All subshaders removed
WARNING: Shader Did you use #pragma only_renderers and omit this platform?
WARNING: Shader If subshaders removal was intentional, you may have forgotten turning Fallback off?
WARNING: Shader Unsupported: 'UnityChanToonShader/NoOutline/AngelRing/ToonColor_ShadingGradeMap_TransClipping_StencilOut' - All subshaders removed
WARNING: Shader Did you use #pragma only_renderers and omit this platform?
WARNING: Shader If subshaders removal was intentional, you may have forgotten turning Fallback off?
WARNING: Shader Unsupported: 'UnityChanToonShader/NoOutline/AngelRing/ToonColor_ShadingGradeMap_TransClipping_StencilOut' - All subshaders removed
WARNING: Shader Did you use #pragma only_renderers and omit this platform?
WARNING: Shader If subshaders removal was intentional, you may have forgotten turning Fallback off?
WARNING: Shader Unsupported: 'UnityChanToonShader/NoOutline/ToonColor_DoubleShadeWithFeather_TransClipping_StencilOut' - All subshaders removed
WARNING: Shader Did you use #pragma only_renderers and omit this platform?
WARNING: Shader If subshaders removal was intentional, you may have forgotten turning Fallback off?
WARNING: Shader Unsupported: 'UnityChanToonShader/NoOutline/ToonColor_DoubleShadeWithFeather_TransClipping_StencilOut' - All subshaders removed
WARNING: Shader Did you use #pragma only_renderers and omit this platform?
WARNING: Shader If subshaders removal was intentional, you may have forgotten turning Fallback off?
WARNING: Shader Unsupported: 'UnityChanToonShader/Mobile/Toon_DoubleShadeWithFeather_StencilOut' - All subshaders removed
WARNING: Shader Did you use #pragma only_renderers and omit this platform?
WARNING: Shader If subshaders removal was intentional, you may have forgotten turning Fallback off?
WARNING: Shader Unsupported: 'UnityChanToonShader/Mobile/Toon_DoubleShadeWithFeather_StencilOut' - All subshaders removed
WARNING: Shader Did you use #pragma only_renderers and omit this platform?
WARNING: Shader If subshaders removal was intentional, you may have forgotten turning Fallback off?
WARNING: Shader Unsupported: 'UnityChanToonShader/Tessellation/Light/Toon_DoubleShadeWithFeather_StencilMask' - All subshaders removed
WARNING: Shader Did you use #pragma only_renderers and omit this platform?
WARNING: Shader If subshaders removal was intentional, you may have forgotten turning Fallback off?
WARNING: Shader Unsupported: 'UnityChanToonShader/Tessellation/Light/Toon_DoubleShadeWithFeather_StencilMask' - All subshaders removed
WARNING: Shader Did you use #pragma only_renderers and omit this platform?
WARNING: Shader If subshaders removal was intentional, you may have forgotten turning Fallback off?
Launched and connected shader compiler UnityShaderCompiler.exe after 0.09 seconds
Refreshing native plugins compatible for Editor in 11.10 ms, found 4 plugins.
Preloading 0 native plugins for Editor in 0.00 ms.
Unloading 3643 Unused Serialized files (Serialized files now loaded: 0)
Unloading 82 unused Assets / (10.6 MB). Loaded Objects now: 4047.
Memory consumption went from 177.6 MB to 167.0 MB.
Total: 17.158000 ms (FindLiveObjects: 0.517000 ms CreateObjectMapping: 0.302400 ms MarkObjects: 9.990000 ms  DeleteObjects: 6.346800 ms)

AssetImportParameters requested are different than current active one (requested -> active):
  custom:container-demuxer-ogg: 62fdf1f143b41e24485cea50d1cbac27 -> 
  custom:video-codec-MediaFoundation-h265: 746d11721c4dcdbdad8f713fa42b33f4 -> 
  custom:video-decoder-ogg-theora: a1e56fd34408186e4bbccfd4996cb3dc -> 
  custom:framework-win-MediaFoundation: 216162199b28c13a410421893ffa2e32 -> 
  custom:CustomObjectIndexerAttribute: 9a22284fe3817be447336de3de66b15e -> 
  custom:container-demuxer-webm: 4f35f7cbe854078d1ac9338744f61a02 -> 
  custom:container-muxer-webm: aa71ff27fc2769a1b78a27578f13a17b -> 
  custom:video-decoder-webm-vp8: 9c59270c3fd7afecdb556c50c9e8de78 -> 
  custom:SearchIndexIgnoredProperties: e643bd26f0fe6173181afceb89e7c659 -> 
  custom:AudioImporter_EditorPlatform: d09bf68614088b80899f8185d706f6e7 -> 
  custom:video-encoder-webm-vp8: eb34c28f22e8b96e1ab97ce403110664 -> 
  custom:audio-decoder-ogg-vorbis: bf7c407c2cedff20999df2af8eb42d56 -> 
  custom:audio-encoder-webm-vorbis: bf7c407c2cedff20999df2af8eb42d56 -> 
========================================================================
Received Prepare
Caller must complete domain reload
Begin MonoManager ReloadAssembly
- Loaded All Assemblies, in  0.521 seconds
Native extension for WindowsStandalone target not found
Native extension for WebGL target not found
Mono: successfully reloaded assembly
- Finished resetting the current domain, in  2.273 seconds
Domain Reload Profiling: 2790ms
	BeginReloadAssembly (168ms)
		ExecutionOrderSort (0ms)
		DisableScriptedObjects (4ms)
		BackupInstance (0ms)
		ReleaseScriptingObjects (0ms)
		CreateAndSetChildDomain (35ms)
	RebuildCommonClasses (36ms)
	RebuildNativeTypeToScriptingClass (11ms)
	initialDomainReloadingComplete (36ms)
	LoadAllAssembliesAndSetupDomain (265ms)
		LoadAssemblies (344ms)
		RebuildTransferFunctionScriptingTraits (0ms)
		AnalyzeDomain (15ms)
			TypeCache.Refresh (7ms)
				TypeCache.ScanAssembly (0ms)
			ScanForSourceGeneratedMonoScriptInfo (0ms)
			ResolveRequiredComponents (5ms)
	FinalizeReload (2274ms)
		ReleaseScriptCaches (0ms)
		RebuildScriptCaches (0ms)
		SetupLoadedEditorAssemblies (888ms)
			LogAssemblyErrors (0ms)
			InitializePlatformSupportModulesInManaged (16ms)
			SetLoadedEditorAssemblies (5ms)
			RefreshPlugins (0ms)
			BeforeProcessingInitializeOnLoad (140ms)
			ProcessInitializeOnLoadAttributes (675ms)
			ProcessInitializeOnLoadMethodAttributes (40ms)
			AfterProcessingInitializeOnLoad (10ms)
			EditorAssembliesLoaded (3ms)
		ExecutionOrderSort2 (0ms)
		AwakeInstancesAfterBackupRestoration (20ms)
WARNING: Shader Unsupported: 'UnityChanToonShader/NoOutline/ToonColor_ShadingGradeMap_StencilMask' - All subshaders removed
WARNING: Shader Did you use #pragma only_renderers and omit this platform?
WARNING: Shader If subshaders removal was intentional, you may have forgotten turning Fallback off?
WARNING: Shader Unsupported: 'UnityChanToonShader/NoOutline/ToonColor_ShadingGradeMap_StencilMask' - All subshaders removed
WARNING: Shader Did you use #pragma only_renderers and omit this platform?
WARNING: Shader If subshaders removal was intentional, you may have forgotten turning Fallback off?
WARNING: Shader Unsupported: 'UnityChanToonShader/Tessellation/Light/Toon_DoubleShadeWithFeather_StencilOut' - All subshaders removed
WARNING: Shader Did you use #pragma only_renderers and omit this platform?
WARNING: Shader If subshaders removal was intentional, you may have forgotten turning Fallback off?
WARNING: Shader Unsupported: 'UnityChanToonShader/Tessellation/Light/Toon_DoubleShadeWithFeather_StencilOut' - All subshaders removed
WARNING: Shader Did you use #pragma only_renderers and omit this platform?
WARNING: Shader If subshaders removal was intentional, you may have forgotten turning Fallback off?
WARNING: Shader Unsupported: 'UnityChanToonShader/Tessellation/NoOutline/ToonColor_DoubleShadeWithFeather_StencilOut' - All subshaders removed
WARNING: Shader Did you use #pragma only_renderers and omit this platform?
WARNING: Shader If subshaders removal was intentional, you may have forgotten turning Fallback off?
WARNING: Shader Unsupported: 'UnityChanToonShader/Tessellation/NoOutline/ToonColor_DoubleShadeWithFeather_StencilOut' - All subshaders removed
WARNING: Shader Did you use #pragma only_renderers and omit this platform?
WARNING: Shader If subshaders removal was intentional, you may have forgotten turning Fallback off?
WARNING: Shader Unsupported: 'UnityChanToonShader/Mobile/Toon_DoubleShadeWithFeather_Clipping' - All subshaders removed
WARNING: Shader Did you use #pragma only_renderers and omit this platform?
WARNING: Shader If subshaders removal was intentional, you may have forgotten turning Fallback off?
WARNING: Shader Unsupported: 'UnityChanToonShader/Mobile/Toon_DoubleShadeWithFeather_Clipping' - All subshaders removed
WARNING: Shader Did you use #pragma only_renderers and omit this platform?
WARNING: Shader If subshaders removal was intentional, you may have forgotten turning Fallback off?
WARNING: Shader Unsupported: 'UnityChanToonShader/NoOutline/ToonColor_DoubleShadeWithFeather_Clipping_StencilOut' - All subshaders removed
WARNING: Shader Did you use #pragma only_renderers and omit this platform?
WARNING: Shader If subshaders removal was intentional, you may have forgotten turning Fallback off?
WARNING: Shader Unsupported: 'UnityChanToonShader/NoOutline/ToonColor_DoubleShadeWithFeather_Clipping_StencilOut' - All subshaders removed
WARNING: Shader Did you use #pragma only_renderers and omit this platform?
WARNING: Shader If subshaders removal was intentional, you may have forgotten turning Fallback off?
WARNING: Shader Unsupported: 'UnityChanToonShader/NoOutline/ToonColor_DoubleShadeWithFeather_StencilOut' - All subshaders removed
WARNING: Shader Did you use #pragma only_renderers and omit this platform?
WARNING: Shader If subshaders removal was intentional, you may have forgotten turning Fallback off?
WARNING: Shader Unsupported: 'UnityChanToonShader/NoOutline/ToonColor_DoubleShadeWithFeather_StencilOut' - All subshaders removed
WARNING: Shader Did you use #pragma only_renderers and omit this platform?
WARNING: Shader If subshaders removal was intentional, you may have forgotten turning Fallback off?
WARNING: Shader Unsupported: 'UnityChanToonShader/NoOutline/ToonColor_DoubleShadeWithFeather_StencilMask' - All subshaders removed
WARNING: Shader Did you use #pragma only_renderers and omit this platform?
WARNING: Shader If subshaders removal was intentional, you may have forgotten turning Fallback off?
WARNING: Shader Unsupported: 'UnityChanToonShader/NoOutline/ToonColor_DoubleShadeWithFeather_StencilMask' - All subshaders removed
WARNING: Shader Did you use #pragma only_renderers and omit this platform?
WARNING: Shader If subshaders removal was intentional, you may have forgotten turning Fallback off?
WARNING: Shader Unsupported: 'UnityChanToonShader/Tessellation/NoOutline/ToonColor_ShadingGradeMap' - All subshaders removed
WARNING: Shader Did you use #pragma only_renderers and omit this platform?
WARNING: Shader If subshaders removal was intentional, you may have forgotten turning Fallback off?
WARNING: Shader Unsupported: 'UnityChanToonShader/Tessellation/NoOutline/ToonColor_ShadingGradeMap' - All subshaders removed
WARNING: Shader Did you use #pragma only_renderers and omit this platform?
WARNING: Shader If subshaders removal was intentional, you may have forgotten turning Fallback off?
WARNING: Shader Unsupported: 'UnityChanToonShader/Tessellation/NoOutline/ToonColor_DoubleShadeWithFeather' - All subshaders removed
WARNING: Shader Did you use #pragma only_renderers and omit this platform?
WARNING: Shader If subshaders removal was intentional, you may have forgotten turning Fallback off?
WARNING: Shader Unsupported: 'UnityChanToonShader/Tessellation/NoOutline/ToonColor_DoubleShadeWithFeather' - All subshaders removed
WARNING: Shader Did you use #pragma only_renderers and omit this platform?
WARNING: Shader If subshaders removal was intentional, you may have forgotten turning Fallback off?
WARNING: Shader Unsupported: 'UnityChanToonShader/Mobile/Toon_ShadingGradeMap_StencilOut' - All subshaders removed
WARNING: Shader Did you use #pragma only_renderers and omit this platform?
WARNING: Shader If subshaders removal was intentional, you may have forgotten turning Fallback off?
WARNING: Shader Unsupported: 'UnityChanToonShader/Mobile/Toon_ShadingGradeMap_StencilOut' - All subshaders removed
WARNING: Shader Did you use #pragma only_renderers and omit this platform?
WARNING: Shader If subshaders removal was intentional, you may have forgotten turning Fallback off?
WARNING: Shader Unsupported: 'UnityChanToonShader/NoOutline/ToonColor_DoubleShadeWithFeather_TransClipping_StencilMask' - All subshaders removed
WARNING: Shader Did you use #pragma only_renderers and omit this platform?
WARNING: Shader If subshaders removal was intentional, you may have forgotten turning Fallback off?
WARNING: Shader Unsupported: 'UnityChanToonShader/NoOutline/ToonColor_DoubleShadeWithFeather_TransClipping_StencilMask' - All subshaders removed
WARNING: Shader Did you use #pragma only_renderers and omit this platform?
WARNING: Shader If subshaders removal was intentional, you may have forgotten turning Fallback off?
WARNING: Shader Unsupported: 'UnityChanToonShader/Tessellation/NoOutline/ToonColor_DoubleShadeWithFeather_Clipping_StencilMask' - All subshaders removed
WARNING: Shader Did you use #pragma only_renderers and omit this platform?
WARNING: Shader If subshaders removal was intentional, you may have forgotten turning Fallback off?
WARNING: Shader Unsupported: 'UnityChanToonShader/Tessellation/NoOutline/ToonColor_DoubleShadeWithFeather_Clipping_StencilMask' - All subshaders removed
WARNING: Shader Did you use #pragma only_renderers and omit this platform?
WARNING: Shader If subshaders removal was intentional, you may have forgotten turning Fallback off?
WARNING: Shader Unsupported: 'UnityChanToonShader/Mobile/Toon_DoubleShadeWithFeather' - All subshaders removed
WARNING: Shader Did you use #pragma only_renderers and omit this platform?
WARNING: Shader If subshaders removal was intentional, you may have forgotten turning Fallback off?
WARNING: Shader Unsupported: 'UnityChanToonShader/Mobile/Toon_DoubleShadeWithFeather' - All subshaders removed
WARNING: Shader Did you use #pragma only_renderers and omit this platform?
WARNING: Shader If subshaders removal was intentional, you may have forgotten turning Fallback off?
WARNING: Shader Unsupported: 'UnityChanToonShader/Mobile/Toon_DoubleShadeWithFeather_TransClipping_StencilMask' - All subshaders removed
WARNING: Shader Did you use #pragma only_renderers and omit this platform?
WARNING: Shader If subshaders removal was intentional, you may have forgotten turning Fallback off?
WARNING: Shader Unsupported: 'UnityChanToonShader/Mobile/Toon_DoubleShadeWithFeather_TransClipping_StencilMask' - All subshaders removed
WARNING: Shader Did you use #pragma only_renderers and omit this platform?
WARNING: Shader If subshaders removal was intentional, you may have forgotten turning Fallback off?
WARNING: Shader Unsupported: 'UnityChanToonShader/NoOutline/ToonColor_DoubleShadeWithFeather_Clipping_StencilMask' - All subshaders removed
WARNING: Shader Did you use #pragma only_renderers and omit this platform?
WARNING: Shader If subshaders removal was intentional, you may have forgotten turning Fallback off?
WARNING: Shader Unsupported: 'UnityChanToonShader/NoOutline/ToonColor_DoubleShadeWithFeather_Clipping_StencilMask' - All subshaders removed
WARNING: Shader Did you use #pragma only_renderers and omit this platform?
WARNING: Shader If subshaders removal was intentional, you may have forgotten turning Fallback off?
WARNING: Shader Unsupported: 'UnityChanToonShader/Tessellation/Light/AngelRing/Toon_ShadingGradeMap' - All subshaders removed
WARNING: Shader Did you use #pragma only_renderers and omit this platform?
WARNING: Shader If subshaders removal was intentional, you may have forgotten turning Fallback off?
WARNING: Shader Unsupported: 'UnityChanToonShader/Tessellation/Light/AngelRing/Toon_ShadingGradeMap' - All subshaders removed
WARNING: Shader Did you use #pragma only_renderers and omit this platform?
WARNING: Shader If subshaders removal was intentional, you may have forgotten turning Fallback off?
WARNING: Shader Unsupported: 'UnityChanToonShader/Mobile/Toon_ShadingGradeMap' - All subshaders removed
WARNING: Shader Did you use #pragma only_renderers and omit this platform?
WARNING: Shader If subshaders removal was intentional, you may have forgotten turning Fallback off?
WARNING: Shader Unsupported: 'UnityChanToonShader/Mobile/Toon_ShadingGradeMap' - All subshaders removed
WARNING: Shader Did you use #pragma only_renderers and omit this platform?
WARNING: Shader If subshaders removal was intentional, you may have forgotten turning Fallback off?
WARNING: Shader Unsupported: 'UnityChanToonShader/Mobile/Toon_DoubleShadeWithFeather_TransClipping' - All subshaders removed
WARNING: Shader Did you use #pragma only_renderers and omit this platform?
WARNING: Shader If subshaders removal was intentional, you may have forgotten turning Fallback off?
WARNING: Shader Unsupported: 'UnityChanToonShader/Mobile/Toon_DoubleShadeWithFeather_TransClipping' - All subshaders removed
WARNING: Shader Did you use #pragma only_renderers and omit this platform?
WARNING: Shader If subshaders removal was intentional, you may have forgotten turning Fallback off?
WARNING: Shader Unsupported: 'UnityChanToonShader/Tessellation/Light/Toon_DoubleShadeWithFeather' - All subshaders removed
WARNING: Shader Did you use #pragma only_renderers and omit this platform?
WARNING: Shader If subshaders removal was intentional, you may have forgotten turning Fallback off?
WARNING: Shader Unsupported: 'UnityChanToonShader/Tessellation/Light/Toon_DoubleShadeWithFeather' - All subshaders removed
WARNING: Shader Did you use #pragma only_renderers and omit this platform?
WARNING: Shader If subshaders removal was intentional, you may have forgotten turning Fallback off?
WARNING: Shader Unsupported: 'UnityChanToonShader/NoOutline/ToonColor_DoubleShadeWithFeather_TransClipping' - All subshaders removed
WARNING: Shader Did you use #pragma only_renderers and omit this platform?
WARNING: Shader If subshaders removal was intentional, you may have forgotten turning Fallback off?
WARNING: Shader Unsupported: 'UnityChanToonShader/NoOutline/ToonColor_DoubleShadeWithFeather_TransClipping' - All subshaders removed
WARNING: Shader Did you use #pragma only_renderers and omit this platform?
WARNING: Shader If subshaders removal was intentional, you may have forgotten turning Fallback off?
WARNING: Shader Unsupported: 'UnityChanToonShader/Tessellation/NoOutline/ToonColor_ShadingGradeMap_StencilOut' - All subshaders removed
WARNING: Shader Did you use #pragma only_renderers and omit this platform?
WARNING: Shader If subshaders removal was intentional, you may have forgotten turning Fallback off?
WARNING: Shader Unsupported: 'UnityChanToonShader/Tessellation/NoOutline/ToonColor_ShadingGradeMap_StencilOut' - All subshaders removed
WARNING: Shader Did you use #pragma only_renderers and omit this platform?
WARNING: Shader If subshaders removal was intentional, you may have forgotten turning Fallback off?
WARNING: Shader Unsupported: 'UnityChanToonShader/NoOutline/ToonColor_DoubleShadeWithFeather' - All subshaders removed
WARNING: Shader Did you use #pragma only_renderers and omit this platform?
WARNING: Shader If subshaders removal was intentional, you may have forgotten turning Fallback off?
WARNING: Shader Unsupported: 'UnityChanToonShader/NoOutline/ToonColor_DoubleShadeWithFeather' - All subshaders removed
WARNING: Shader Did you use #pragma only_renderers and omit this platform?
WARNING: Shader If subshaders removal was intentional, you may have forgotten turning Fallback off?
WARNING: Shader Unsupported: 'UnityChanToonShader/Mobile/AngelRing/Toon_ShadingGradeMap_StencilOut' - All subshaders removed
WARNING: Shader Did you use #pragma only_renderers and omit this platform?
WARNING: Shader If subshaders removal was intentional, you may have forgotten turning Fallback off?
WARNING: Shader Unsupported: 'UnityChanToonShader/Mobile/AngelRing/Toon_ShadingGradeMap_StencilOut' - All subshaders removed
WARNING: Shader Did you use #pragma only_renderers and omit this platform?
WARNING: Shader If subshaders removal was intentional, you may have forgotten turning Fallback off?
WARNING: Shader Unsupported: 'UnityChanToonShader/Tessellation/NoOutline/AngelRing/ToonColor_ShadingGradeMap' - All subshaders removed
WARNING: Shader Did you use #pragma only_renderers and omit this platform?
WARNING: Shader If subshaders removal was intentional, you may have forgotten turning Fallback off?
WARNING: Shader Unsupported: 'UnityChanToonShader/Tessellation/NoOutline/AngelRing/ToonColor_ShadingGradeMap' - All subshaders removed
WARNING: Shader Did you use #pragma only_renderers and omit this platform?
WARNING: Shader If subshaders removal was intentional, you may have forgotten turning Fallback off?
WARNING: Shader Unsupported: 'UnityChanToonShader/Mobile/Toon_DoubleShadeWithFeather_Clipping_StencilMask' - All subshaders removed
WARNING: Shader Did you use #pragma only_renderers and omit this platform?
WARNING: Shader If subshaders removal was intentional, you may have forgotten turning Fallback off?
WARNING: Shader Unsupported: 'UnityChanToonShader/Mobile/Toon_DoubleShadeWithFeather_Clipping_StencilMask' - All subshaders removed
WARNING: Shader Did you use #pragma only_renderers and omit this platform?
WARNING: Shader If subshaders removal was intentional, you may have forgotten turning Fallback off?
WARNING: Shader Unsupported: 'UnityChanToonShader/Mobile/Toon_ShadingGradeMap_TransClipping' - All subshaders removed
WARNING: Shader Did you use #pragma only_renderers and omit this platform?
WARNING: Shader If subshaders removal was intentional, you may have forgotten turning Fallback off?
WARNING: Shader Unsupported: 'UnityChanToonShader/Mobile/Toon_ShadingGradeMap_TransClipping' - All subshaders removed
WARNING: Shader Did you use #pragma only_renderers and omit this platform?
WARNING: Shader If subshaders removal was intentional, you may have forgotten turning Fallback off?
WARNING: Shader Unsupported: 'UnityChanToonShader/Mobile/Toon_ShadingGradeMap_StencilMask' - All subshaders removed
WARNING: Shader Did you use #pragma only_renderers and omit this platform?
WARNING: Shader If subshaders removal was intentional, you may have forgotten turning Fallback off?
WARNING: Shader Unsupported: 'UnityChanToonShader/Mobile/Toon_ShadingGradeMap_StencilMask' - All subshaders removed
WARNING: Shader Did you use #pragma only_renderers and omit this platform?
WARNING: Shader If subshaders removal was intentional, you may have forgotten turning Fallback off?
WARNING: Shader Unsupported: 'UnityChanToonShader/NoOutline/ToonColor_ShadingGradeMap_TransClipping_StencilMask' - All subshaders removed
WARNING: Shader Did you use #pragma only_renderers and omit this platform?
WARNING: Shader If subshaders removal was intentional, you may have forgotten turning Fallback off?
WARNING: Shader Unsupported: 'UnityChanToonShader/NoOutline/ToonColor_ShadingGradeMap_TransClipping_StencilMask' - All subshaders removed
WARNING: Shader Did you use #pragma only_renderers and omit this platform?
WARNING: Shader If subshaders removal was intentional, you may have forgotten turning Fallback off?
WARNING: Shader Unsupported: 'UnityChanToonShader/Tessellation/NoOutline/AngelRing/ToonColor_ShadingGradeMap_TransClipping_StencilOut' - All subshaders removed
WARNING: Shader Did you use #pragma only_renderers and omit this platform?
WARNING: Shader If subshaders removal was intentional, you may have forgotten turning Fallback off?
WARNING: Shader Unsupported: 'UnityChanToonShader/Tessellation/NoOutline/AngelRing/ToonColor_ShadingGradeMap_TransClipping_StencilOut' - All subshaders removed
WARNING: Shader Did you use #pragma only_renderers and omit this platform?
WARNING: Shader If subshaders removal was intentional, you may have forgotten turning Fallback off?
WARNING: Shader Unsupported: 'UnityChanToonShader/Mobile/Toon_DoubleShadeWithFeather_StencilMask' - All subshaders removed
WARNING: Shader Did you use #pragma only_renderers and omit this platform?
WARNING: Shader If subshaders removal was intentional, you may have forgotten turning Fallback off?
WARNING: Shader Unsupported: 'UnityChanToonShader/Mobile/Toon_DoubleShadeWithFeather_StencilMask' - All subshaders removed
WARNING: Shader Did you use #pragma only_renderers and omit this platform?
WARNING: Shader If subshaders removal was intentional, you may have forgotten turning Fallback off?
WARNING: Shader Unsupported: 'UnityChanToonShader/Tessellation/NoOutline/ToonColor_DoubleShadeWithFeather_TransClipping_StencilMask' - All subshaders removed
WARNING: Shader Did you use #pragma only_renderers and omit this platform?
WARNING: Shader If subshaders removal was intentional, you may have forgotten turning Fallback off?
WARNING: Shader Unsupported: 'UnityChanToonShader/Tessellation/NoOutline/ToonColor_DoubleShadeWithFeather_TransClipping_StencilMask' - All subshaders removed
WARNING: Shader Did you use #pragma only_renderers and omit this platform?
WARNING: Shader If subshaders removal was intentional, you may have forgotten turning Fallback off?
WARNING: Shader Unsupported: 'UnityChanToonShader/Tessellation/NoOutline/ToonColor_DoubleShadeWithFeather_Clipping' - All subshaders removed
WARNING: Shader Did you use #pragma only_renderers and omit this platform?
WARNING: Shader If subshaders removal was intentional, you may have forgotten turning Fallback off?
WARNING: Shader Unsupported: 'UnityChanToonShader/Tessellation/NoOutline/ToonColor_DoubleShadeWithFeather_Clipping' - All subshaders removed
WARNING: Shader Did you use #pragma only_renderers and omit this platform?
WARNING: Shader If subshaders removal was intentional, you may have forgotten turning Fallback off?
WARNING: Shader Unsupported: 'UnityChanToonShader/Tessellation/Light/Toon_ShadingGradeMap_StencilMask' - All subshaders removed
WARNING: Shader Did you use #pragma only_renderers and omit this platform?
WARNING: Shader If subshaders removal was intentional, you may have forgotten turning Fallback off?
WARNING: Shader Unsupported: 'UnityChanToonShader/Tessellation/Light/Toon_ShadingGradeMap_StencilMask' - All subshaders removed
WARNING: Shader Did you use #pragma only_renderers and omit this platform?
WARNING: Shader If subshaders removal was intentional, you may have forgotten turning Fallback off?
WARNING: Shader Unsupported: 'UnityChanToonShader/Tessellation/NoOutline/ToonColor_ShadingGradeMap_StencilMask' - All subshaders removed
WARNING: Shader Did you use #pragma only_renderers and omit this platform?
WARNING: Shader If subshaders removal was intentional, you may have forgotten turning Fallback off?
WARNING: Shader Unsupported: 'UnityChanToonShader/Tessellation/NoOutline/ToonColor_ShadingGradeMap_StencilMask' - All subshaders removed
WARNING: Shader Did you use #pragma only_renderers and omit this platform?
WARNING: Shader If subshaders removal was intentional, you may have forgotten turning Fallback off?
WARNING: Shader Unsupported: 'UnityChanToonShader/Tessellation/NoOutline/AngelRing/ToonColor_ShadingGradeMap_StencilOut' - All subshaders removed
WARNING: Shader Did you use #pragma only_renderers and omit this platform?
WARNING: Shader If subshaders removal was intentional, you may have forgotten turning Fallback off?
WARNING: Shader Unsupported: 'UnityChanToonShader/Tessellation/NoOutline/AngelRing/ToonColor_ShadingGradeMap_StencilOut' - All subshaders removed
WARNING: Shader Did you use #pragma only_renderers and omit this platform?
WARNING: Shader If subshaders removal was intentional, you may have forgotten turning Fallback off?
WARNING: Shader Unsupported: 'UnityChanToonShader/NoOutline/ToonColor_ShadingGradeMap_StencilOut' - All subshaders removed
WARNING: Shader Did you use #pragma only_renderers and omit this platform?
WARNING: Shader If subshaders removal was intentional, you may have forgotten turning Fallback off?
WARNING: Shader Unsupported: 'UnityChanToonShader/NoOutline/ToonColor_ShadingGradeMap_StencilOut' - All subshaders removed
WARNING: Shader Did you use #pragma only_renderers and omit this platform?
WARNING: Shader If subshaders removal was intentional, you may have forgotten turning Fallback off?
WARNING: Shader Unsupported: 'UnityChanToonShader/NoOutline/ToonColor_ShadingGradeMap' - All subshaders removed
WARNING: Shader Did you use #pragma only_renderers and omit this platform?
WARNING: Shader If subshaders removal was intentional, you may have forgotten turning Fallback off?
WARNING: Shader Unsupported: 'UnityChanToonShader/NoOutline/ToonColor_ShadingGradeMap' - All subshaders removed
WARNING: Shader Did you use #pragma only_renderers and omit this platform?
WARNING: Shader If subshaders removal was intentional, you may have forgotten turning Fallback off?
WARNING: Shader Unsupported: 'UnityChanToonShader/NoOutline/ToonColor_DoubleShadeWithFeather_Clipping' - All subshaders removed
WARNING: Shader Did you use #pragma only_renderers and omit this platform?
WARNING: Shader If subshaders removal was intentional, you may have forgotten turning Fallback off?
WARNING: Shader Unsupported: 'UnityChanToonShader/NoOutline/ToonColor_DoubleShadeWithFeather_Clipping' - All subshaders removed
WARNING: Shader Did you use #pragma only_renderers and omit this platform?
WARNING: Shader If subshaders removal was intentional, you may have forgotten turning Fallback off?
WARNING: Shader Unsupported: 'UnityChanToonShader/NoOutline/ToonColor_ShadingGradeMap_TransClipping_StencilOut' - All subshaders removed
WARNING: Shader Did you use #pragma only_renderers and omit this platform?
WARNING: Shader If subshaders removal was intentional, you may have forgotten turning Fallback off?
WARNING: Shader Unsupported: 'UnityChanToonShader/NoOutline/ToonColor_ShadingGradeMap_TransClipping_StencilOut' - All subshaders removed
WARNING: Shader Did you use #pragma only_renderers and omit this platform?
WARNING: Shader If subshaders removal was intentional, you may have forgotten turning Fallback off?
WARNING: Shader Unsupported: 'UnityChanToonShader/Tessellation/NoOutline/ToonColor_DoubleShadeWithFeather_TransClipping_StencilOut' - All subshaders removed
WARNING: Shader Did you use #pragma only_renderers and omit this platform?
WARNING: Shader If subshaders removal was intentional, you may have forgotten turning Fallback off?
WARNING: Shader Unsupported: 'UnityChanToonShader/Tessellation/NoOutline/ToonColor_DoubleShadeWithFeather_TransClipping_StencilOut' - All subshaders removed
WARNING: Shader Did you use #pragma only_renderers and omit this platform?
WARNING: Shader If subshaders removal was intentional, you may have forgotten turning Fallback off?
WARNING: Shader Unsupported: 'UnityChanToonShader/Tessellation/NoOutline/ToonColor_DoubleShadeWithFeather_Clipping_StencilOut' - All subshaders removed
WARNING: Shader Did you use #pragma only_renderers and omit this platform?
WARNING: Shader If subshaders removal was intentional, you may have forgotten turning Fallback off?
WARNING: Shader Unsupported: 'UnityChanToonShader/Tessellation/NoOutline/ToonColor_DoubleShadeWithFeather_Clipping_StencilOut' - All subshaders removed
WARNING: Shader Did you use #pragma only_renderers and omit this platform?
WARNING: Shader If subshaders removal was intentional, you may have forgotten turning Fallback off?
WARNING: Shader Unsupported: 'UnityChanToonShader/Tessellation/NoOutline/ToonColor_ShadingGradeMap_TransClipping' - All subshaders removed
WARNING: Shader Did you use #pragma only_renderers and omit this platform?
WARNING: Shader If subshaders removal was intentional, you may have forgotten turning Fallback off?
WARNING: Shader Unsupported: 'UnityChanToonShader/Tessellation/NoOutline/ToonColor_ShadingGradeMap_TransClipping' - All subshaders removed
WARNING: Shader Did you use #pragma only_renderers and omit this platform?
WARNING: Shader If subshaders removal was intentional, you may have forgotten turning Fallback off?
WARNING: Shader Unsupported: 'UnityChanToonShader/Tessellation/Light/Toon_ShadingGradeMap_StencilOut' - All subshaders removed
WARNING: Shader Did you use #pragma only_renderers and omit this platform?
WARNING: Shader If subshaders removal was intentional, you may have forgotten turning Fallback off?
WARNING: Shader Unsupported: 'UnityChanToonShader/Tessellation/Light/Toon_ShadingGradeMap_StencilOut' - All subshaders removed
WARNING: Shader Did you use #pragma only_renderers and omit this platform?
WARNING: Shader If subshaders removal was intentional, you may have forgotten turning Fallback off?
WARNING: Shader Unsupported: 'UnityChanToonShader/Mobile/AngelRing/Toon_ShadingGradeMap' - All subshaders removed
WARNING: Shader Did you use #pragma only_renderers and omit this platform?
WARNING: Shader If subshaders removal was intentional, you may have forgotten turning Fallback off?
WARNING: Shader Unsupported: 'UnityChanToonShader/Mobile/AngelRing/Toon_ShadingGradeMap' - All subshaders removed
WARNING: Shader Did you use #pragma only_renderers and omit this platform?
WARNING: Shader If subshaders removal was intentional, you may have forgotten turning Fallback off?
WARNING: Shader Unsupported: 'UnityChanToonShader/Tessellation/Light/AngelRing/Toon_ShadingGradeMap_StencilOut' - All subshaders removed
WARNING: Shader Did you use #pragma only_renderers and omit this platform?
WARNING: Shader If subshaders removal was intentional, you may have forgotten turning Fallback off?
WARNING: Shader Unsupported: 'UnityChanToonShader/Tessellation/Light/AngelRing/Toon_ShadingGradeMap_StencilOut' - All subshaders removed
WARNING: Shader Did you use #pragma only_renderers and omit this platform?
WARNING: Shader If subshaders removal was intentional, you may have forgotten turning Fallback off?
WARNING: Shader Unsupported: 'UnityChanToonShader/Tessellation/NoOutline/AngelRing/ToonColor_ShadingGradeMap_TransClipping' - All subshaders removed
WARNING: Shader Did you use #pragma only_renderers and omit this platform?
WARNING: Shader If subshaders removal was intentional, you may have forgotten turning Fallback off?
WARNING: Shader Unsupported: 'UnityChanToonShader/Tessellation/NoOutline/AngelRing/ToonColor_ShadingGradeMap_TransClipping' - All subshaders removed
WARNING: Shader Did you use #pragma only_renderers and omit this platform?
WARNING: Shader If subshaders removal was intentional, you may have forgotten turning Fallback off?
WARNING: Shader Unsupported: 'UnityChanToonShader/NoOutline/AngelRing/ToonColor_ShadingGradeMap_TransClipping' - All subshaders removed
WARNING: Shader Did you use #pragma only_renderers and omit this platform?
WARNING: Shader If subshaders removal was intentional, you may have forgotten turning Fallback off?
WARNING: Shader Unsupported: 'UnityChanToonShader/NoOutline/AngelRing/ToonColor_ShadingGradeMap_TransClipping' - All subshaders removed
WARNING: Shader Did you use #pragma only_renderers and omit this platform?
WARNING: Shader If subshaders removal was intentional, you may have forgotten turning Fallback off?
WARNING: Shader Unsupported: 'UnityChanToonShader/Mobile/Toon_ShadingGradeMap_TransClipping_StencilMask' - All subshaders removed
WARNING: Shader Did you use #pragma only_renderers and omit this platform?
WARNING: Shader If subshaders removal was intentional, you may have forgotten turning Fallback off?
WARNING: Shader Unsupported: 'UnityChanToonShader/Mobile/Toon_ShadingGradeMap_TransClipping_StencilMask' - All subshaders removed
WARNING: Shader Did you use #pragma only_renderers and omit this platform?
WARNING: Shader If subshaders removal was intentional, you may have forgotten turning Fallback off?
WARNING: Shader Unsupported: 'UnityChanToonShader/NoOutline/ToonColor_ShadingGradeMap_TransClipping' - All subshaders removed
WARNING: Shader Did you use #pragma only_renderers and omit this platform?
WARNING: Shader If subshaders removal was intentional, you may have forgotten turning Fallback off?
WARNING: Shader Unsupported: 'UnityChanToonShader/NoOutline/ToonColor_ShadingGradeMap_TransClipping' - All subshaders removed
WARNING: Shader Did you use #pragma only_renderers and omit this platform?
WARNING: Shader If subshaders removal was intentional, you may have forgotten turning Fallback off?
WARNING: Shader Unsupported: 'UnityChanToonShader/NoOutline/AngelRing/ToonColor_ShadingGradeMap_StencilOut' - All subshaders removed
WARNING: Shader Did you use #pragma only_renderers and omit this platform?
WARNING: Shader If subshaders removal was intentional, you may have forgotten turning Fallback off?
WARNING: Shader Unsupported: 'UnityChanToonShader/NoOutline/AngelRing/ToonColor_ShadingGradeMap_StencilOut' - All subshaders removed
WARNING: Shader Did you use #pragma only_renderers and omit this platform?
WARNING: Shader If subshaders removal was intentional, you may have forgotten turning Fallback off?
WARNING: Shader Unsupported: 'UnityChanToonShader/Tessellation/NoOutline/ToonColor_ShadingGradeMap_TransClipping_StencilMask' - All subshaders removed
WARNING: Shader Did you use #pragma only_renderers and omit this platform?
WARNING: Shader If subshaders removal was intentional, you may have forgotten turning Fallback off?
WARNING: Shader Unsupported: 'UnityChanToonShader/Tessellation/NoOutline/ToonColor_ShadingGradeMap_TransClipping_StencilMask' - All subshaders removed
WARNING: Shader Did you use #pragma only_renderers and omit this platform?
WARNING: Shader If subshaders removal was intentional, you may have forgotten turning Fallback off?
WARNING: Shader Unsupported: 'UnityChanToonShader/Tessellation/Light/Toon_ShadingGradeMap' - All subshaders removed
WARNING: Shader Did you use #pragma only_renderers and omit this platform?
WARNING: Shader If subshaders removal was intentional, you may have forgotten turning Fallback off?
WARNING: Shader Unsupported: 'UnityChanToonShader/Tessellation/Light/Toon_ShadingGradeMap' - All subshaders removed
WARNING: Shader Did you use #pragma only_renderers and omit this platform?
WARNING: Shader If subshaders removal was intentional, you may have forgotten turning Fallback off?
WARNING: Shader Unsupported: 'UnityChanToonShader/Tessellation/NoOutline/ToonColor_ShadingGradeMap_TransClipping_StencilOut' - All subshaders removed
WARNING: Shader Did you use #pragma only_renderers and omit this platform?
WARNING: Shader If subshaders removal was intentional, you may have forgotten turning Fallback off?
WARNING: Shader Unsupported: 'UnityChanToonShader/Tessellation/NoOutline/ToonColor_ShadingGradeMap_TransClipping_StencilOut' - All subshaders removed
WARNING: Shader Did you use #pragma only_renderers and omit this platform?
WARNING: Shader If subshaders removal was intentional, you may have forgotten turning Fallback off?
WARNING: Shader Unsupported: 'UnityChanToonShader/Tessellation/NoOutline/ToonColor_DoubleShadeWithFeather_StencilMask' - All subshaders removed
WARNING: Shader Did you use #pragma only_renderers and omit this platform?
WARNING: Shader If subshaders removal was intentional, you may have forgotten turning Fallback off?
WARNING: Shader Unsupported: 'UnityChanToonShader/Tessellation/NoOutline/ToonColor_DoubleShadeWithFeather_StencilMask' - All subshaders removed
WARNING: Shader Did you use #pragma only_renderers and omit this platform?
WARNING: Shader If subshaders removal was intentional, you may have forgotten turning Fallback off?
WARNING: Shader Unsupported: 'UnityChanToonShader/NoOutline/AngelRing/ToonColor_ShadingGradeMap' - All subshaders removed
WARNING: Shader Did you use #pragma only_renderers and omit this platform?
WARNING: Shader If subshaders removal was intentional, you may have forgotten turning Fallback off?
WARNING: Shader Unsupported: 'UnityChanToonShader/NoOutline/AngelRing/ToonColor_ShadingGradeMap' - All subshaders removed
WARNING: Shader Did you use #pragma only_renderers and omit this platform?
WARNING: Shader If subshaders removal was intentional, you may have forgotten turning Fallback off?
WARNING: Shader Unsupported: 'UnityChanToonShader/Tessellation/NoOutline/ToonColor_DoubleShadeWithFeather_TransClipping' - All subshaders removed
WARNING: Shader Did you use #pragma only_renderers and omit this platform?
WARNING: Shader If subshaders removal was intentional, you may have forgotten turning Fallback off?
WARNING: Shader Unsupported: 'UnityChanToonShader/Tessellation/NoOutline/ToonColor_DoubleShadeWithFeather_TransClipping' - All subshaders removed
WARNING: Shader Did you use #pragma only_renderers and omit this platform?
WARNING: Shader If subshaders removal was intentional, you may have forgotten turning Fallback off?
WARNING: Shader Unsupported: 'UnityChanToonShader/NoOutline/AngelRing/ToonColor_ShadingGradeMap_TransClipping_StencilOut' - All subshaders removed
WARNING: Shader Did you use #pragma only_renderers and omit this platform?
WARNING: Shader If subshaders removal was intentional, you may have forgotten turning Fallback off?
WARNING: Shader Unsupported: 'UnityChanToonShader/NoOutline/AngelRing/ToonColor_ShadingGradeMap_TransClipping_StencilOut' - All subshaders removed
WARNING: Shader Did you use #pragma only_renderers and omit this platform?
WARNING: Shader If subshaders removal was intentional, you may have forgotten turning Fallback off?
WARNING: Shader Unsupported: 'UnityChanToonShader/NoOutline/ToonColor_DoubleShadeWithFeather_TransClipping_StencilOut' - All subshaders removed
WARNING: Shader Did you use #pragma only_renderers and omit this platform?
WARNING: Shader If subshaders removal was intentional, you may have forgotten turning Fallback off?
WARNING: Shader Unsupported: 'UnityChanToonShader/NoOutline/ToonColor_DoubleShadeWithFeather_TransClipping_StencilOut' - All subshaders removed
WARNING: Shader Did you use #pragma only_renderers and omit this platform?
WARNING: Shader If subshaders removal was intentional, you may have forgotten turning Fallback off?
WARNING: Shader Unsupported: 'UnityChanToonShader/Mobile/Toon_DoubleShadeWithFeather_StencilOut' - All subshaders removed
WARNING: Shader Did you use #pragma only_renderers and omit this platform?
WARNING: Shader If subshaders removal was intentional, you may have forgotten turning Fallback off?
WARNING: Shader Unsupported: 'UnityChanToonShader/Mobile/Toon_DoubleShadeWithFeather_StencilOut' - All subshaders removed
WARNING: Shader Did you use #pragma only_renderers and omit this platform?
WARNING: Shader If subshaders removal was intentional, you may have forgotten turning Fallback off?
WARNING: Shader Unsupported: 'UnityChanToonShader/Tessellation/Light/Toon_DoubleShadeWithFeather_StencilMask' - All subshaders removed
WARNING: Shader Did you use #pragma only_renderers and omit this platform?
WARNING: Shader If subshaders removal was intentional, you may have forgotten turning Fallback off?
WARNING: Shader Unsupported: 'UnityChanToonShader/Tessellation/Light/Toon_DoubleShadeWithFeather_StencilMask' - All subshaders removed
WARNING: Shader Did you use #pragma only_renderers and omit this platform?
WARNING: Shader If subshaders removal was intentional, you may have forgotten turning Fallback off?
Refreshing native plugins compatible for Editor in 14.93 ms, found 4 plugins.
Preloading 0 native plugins for Editor in 0.00 ms.
Unloading 3586 Unused Serialized files (Serialized files now loaded: 0)
Unloading 77 unused Assets / (10.5 MB). Loaded Objects now: 4051.
Memory consumption went from 164.9 MB to 154.4 MB.
Total: 33.543400 ms (FindLiveObjects: 0.426100 ms CreateObjectMapping: 0.230500 ms MarkObjects: 12.331200 ms  DeleteObjects: 20.553200 ms)

Prepare: number of updated asset objects reloaded= 0
AssetImportParameters requested are different than current active one (requested -> active):
  custom:container-demuxer-ogg: 62fdf1f143b41e24485cea50d1cbac27 -> 
  custom:video-codec-MediaFoundation-h265: 746d11721c4dcdbdad8f713fa42b33f4 -> 
  custom:video-decoder-ogg-theora: a1e56fd34408186e4bbccfd4996cb3dc -> 
  custom:framework-win-MediaFoundation: 216162199b28c13a410421893ffa2e32 -> 
  custom:CustomObjectIndexerAttribute: 9a22284fe3817be447336de3de66b15e -> 
  custom:container-demuxer-webm: 4f35f7cbe854078d1ac9338744f61a02 -> 
  custom:container-muxer-webm: aa71ff27fc2769a1b78a27578f13a17b -> 
  custom:video-decoder-webm-vp8: 9c59270c3fd7afecdb556c50c9e8de78 -> 
  custom:SearchIndexIgnoredProperties: e643bd26f0fe6173181afceb89e7c659 -> 
  custom:AudioImporter_EditorPlatform: d09bf68614088b80899f8185d706f6e7 -> 
  custom:video-encoder-webm-vp8: eb34c28f22e8b96e1ab97ce403110664 -> 
  custom:audio-decoder-ogg-vorbis: bf7c407c2cedff20999df2af8eb42d56 -> 
  custom:audio-encoder-webm-vorbis: bf7c407c2cedff20999df2af8eb42d56 -> 
========================================================================
Received Prepare
Caller must complete domain reload
Begin MonoManager ReloadAssembly
- Loaded All Assemblies, in  0.468 seconds
Native extension for WindowsStandalone target not found
Native extension for WebGL target not found
Mono: successfully reloaded assembly
- Finished resetting the current domain, in  3.120 seconds
Domain Reload Profiling: 3586ms
	BeginReloadAssembly (154ms)
		ExecutionOrderSort (0ms)
		DisableScriptedObjects (5ms)
		BackupInstance (0ms)
		ReleaseScriptingObjects (0ms)
		CreateAndSetChildDomain (27ms)
	RebuildCommonClasses (29ms)
	RebuildNativeTypeToScriptingClass (10ms)
	initialDomainReloadingComplete (31ms)
	LoadAllAssembliesAndSetupDomain (240ms)
		LoadAssemblies (318ms)
		RebuildTransferFunctionScriptingTraits (0ms)
		AnalyzeDomain (14ms)
			TypeCache.Refresh (6ms)
				TypeCache.ScanAssembly (0ms)
			ScanForSourceGeneratedMonoScriptInfo (0ms)
			ResolveRequiredComponents (5ms)
	FinalizeReload (3121ms)
		ReleaseScriptCaches (0ms)
		RebuildScriptCaches (0ms)
		SetupLoadedEditorAssemblies (1119ms)
			LogAssemblyErrors (0ms)
			InitializePlatformSupportModulesInManaged (21ms)
			SetLoadedEditorAssemblies (5ms)
			RefreshPlugins (0ms)
			BeforeProcessingInitializeOnLoad (174ms)
			ProcessInitializeOnLoadAttributes (866ms)
			ProcessInitializeOnLoadMethodAttributes (38ms)
			AfterProcessingInitializeOnLoad (12ms)
			EditorAssembliesLoaded (3ms)
		ExecutionOrderSort2 (0ms)
		AwakeInstancesAfterBackupRestoration (11ms)
WARNING: Shader Unsupported: 'UnityChanToonShader/NoOutline/ToonColor_ShadingGradeMap_StencilMask' - All subshaders removed
WARNING: Shader Did you use #pragma only_renderers and omit this platform?
WARNING: Shader If subshaders removal was intentional, you may have forgotten turning Fallback off?
WARNING: Shader Unsupported: 'UnityChanToonShader/NoOutline/ToonColor_ShadingGradeMap_StencilMask' - All subshaders removed
WARNING: Shader Did you use #pragma only_renderers and omit this platform?
WARNING: Shader If subshaders removal was intentional, you may have forgotten turning Fallback off?
WARNING: Shader Unsupported: 'UnityChanToonShader/Tessellation/Light/Toon_DoubleShadeWithFeather_StencilOut' - All subshaders removed
WARNING: Shader Did you use #pragma only_renderers and omit this platform?
WARNING: Shader If subshaders removal was intentional, you may have forgotten turning Fallback off?
WARNING: Shader Unsupported: 'UnityChanToonShader/Tessellation/Light/Toon_DoubleShadeWithFeather_StencilOut' - All subshaders removed
WARNING: Shader Did you use #pragma only_renderers and omit this platform?
WARNING: Shader If subshaders removal was intentional, you may have forgotten turning Fallback off?
WARNING: Shader Unsupported: 'UnityChanToonShader/Tessellation/NoOutline/ToonColor_DoubleShadeWithFeather_StencilOut' - All subshaders removed
WARNING: Shader Did you use #pragma only_renderers and omit this platform?
WARNING: Shader If subshaders removal was intentional, you may have forgotten turning Fallback off?
WARNING: Shader Unsupported: 'UnityChanToonShader/Tessellation/NoOutline/ToonColor_DoubleShadeWithFeather_StencilOut' - All subshaders removed
WARNING: Shader Did you use #pragma only_renderers and omit this platform?
WARNING: Shader If subshaders removal was intentional, you may have forgotten turning Fallback off?
WARNING: Shader Unsupported: 'UnityChanToonShader/Mobile/Toon_DoubleShadeWithFeather_Clipping' - All subshaders removed
WARNING: Shader Did you use #pragma only_renderers and omit this platform?
WARNING: Shader If subshaders removal was intentional, you may have forgotten turning Fallback off?
WARNING: Shader Unsupported: 'UnityChanToonShader/Mobile/Toon_DoubleShadeWithFeather_Clipping' - All subshaders removed
WARNING: Shader Did you use #pragma only_renderers and omit this platform?
WARNING: Shader If subshaders removal was intentional, you may have forgotten turning Fallback off?
WARNING: Shader Unsupported: 'UnityChanToonShader/NoOutline/ToonColor_DoubleShadeWithFeather_Clipping_StencilOut' - All subshaders removed
WARNING: Shader Did you use #pragma only_renderers and omit this platform?
WARNING: Shader If subshaders removal was intentional, you may have forgotten turning Fallback off?
WARNING: Shader Unsupported: 'UnityChanToonShader/NoOutline/ToonColor_DoubleShadeWithFeather_Clipping_StencilOut' - All subshaders removed
WARNING: Shader Did you use #pragma only_renderers and omit this platform?
WARNING: Shader If subshaders removal was intentional, you may have forgotten turning Fallback off?
WARNING: Shader Unsupported: 'UnityChanToonShader/NoOutline/ToonColor_DoubleShadeWithFeather_StencilOut' - All subshaders removed
WARNING: Shader Did you use #pragma only_renderers and omit this platform?
WARNING: Shader If subshaders removal was intentional, you may have forgotten turning Fallback off?
WARNING: Shader Unsupported: 'UnityChanToonShader/NoOutline/ToonColor_DoubleShadeWithFeather_StencilOut' - All subshaders removed
WARNING: Shader Did you use #pragma only_renderers and omit this platform?
WARNING: Shader If subshaders removal was intentional, you may have forgotten turning Fallback off?
WARNING: Shader Unsupported: 'UnityChanToonShader/NoOutline/ToonColor_DoubleShadeWithFeather_StencilMask' - All subshaders removed
WARNING: Shader Did you use #pragma only_renderers and omit this platform?
WARNING: Shader If subshaders removal was intentional, you may have forgotten turning Fallback off?
WARNING: Shader Unsupported: 'UnityChanToonShader/NoOutline/ToonColor_DoubleShadeWithFeather_StencilMask' - All subshaders removed
WARNING: Shader Did you use #pragma only_renderers and omit this platform?
WARNING: Shader If subshaders removal was intentional, you may have forgotten turning Fallback off?
WARNING: Shader Unsupported: 'UnityChanToonShader/Tessellation/NoOutline/ToonColor_ShadingGradeMap' - All subshaders removed
WARNING: Shader Did you use #pragma only_renderers and omit this platform?
WARNING: Shader If subshaders removal was intentional, you may have forgotten turning Fallback off?
WARNING: Shader Unsupported: 'UnityChanToonShader/Tessellation/NoOutline/ToonColor_ShadingGradeMap' - All subshaders removed
WARNING: Shader Did you use #pragma only_renderers and omit this platform?
WARNING: Shader If subshaders removal was intentional, you may have forgotten turning Fallback off?
WARNING: Shader Unsupported: 'UnityChanToonShader/Tessellation/NoOutline/ToonColor_DoubleShadeWithFeather' - All subshaders removed
WARNING: Shader Did you use #pragma only_renderers and omit this platform?
WARNING: Shader If subshaders removal was intentional, you may have forgotten turning Fallback off?
WARNING: Shader Unsupported: 'UnityChanToonShader/Tessellation/NoOutline/ToonColor_DoubleShadeWithFeather' - All subshaders removed
WARNING: Shader Did you use #pragma only_renderers and omit this platform?
WARNING: Shader If subshaders removal was intentional, you may have forgotten turning Fallback off?
WARNING: Shader Unsupported: 'UnityChanToonShader/Mobile/Toon_ShadingGradeMap_StencilOut' - All subshaders removed
WARNING: Shader Did you use #pragma only_renderers and omit this platform?
WARNING: Shader If subshaders removal was intentional, you may have forgotten turning Fallback off?
WARNING: Shader Unsupported: 'UnityChanToonShader/Mobile/Toon_ShadingGradeMap_StencilOut' - All subshaders removed
WARNING: Shader Did you use #pragma only_renderers and omit this platform?
WARNING: Shader If subshaders removal was intentional, you may have forgotten turning Fallback off?
WARNING: Shader Unsupported: 'UnityChanToonShader/NoOutline/ToonColor_DoubleShadeWithFeather_TransClipping_StencilMask' - All subshaders removed
WARNING: Shader Did you use #pragma only_renderers and omit this platform?
WARNING: Shader If subshaders removal was intentional, you may have forgotten turning Fallback off?
WARNING: Shader Unsupported: 'UnityChanToonShader/NoOutline/ToonColor_DoubleShadeWithFeather_TransClipping_StencilMask' - All subshaders removed
WARNING: Shader Did you use #pragma only_renderers and omit this platform?
WARNING: Shader If subshaders removal was intentional, you may have forgotten turning Fallback off?
WARNING: Shader Unsupported: 'UnityChanToonShader/Tessellation/NoOutline/ToonColor_DoubleShadeWithFeather_Clipping_StencilMask' - All subshaders removed
WARNING: Shader Did you use #pragma only_renderers and omit this platform?
WARNING: Shader If subshaders removal was intentional, you may have forgotten turning Fallback off?
WARNING: Shader Unsupported: 'UnityChanToonShader/Tessellation/NoOutline/ToonColor_DoubleShadeWithFeather_Clipping_StencilMask' - All subshaders removed
WARNING: Shader Did you use #pragma only_renderers and omit this platform?
WARNING: Shader If subshaders removal was intentional, you may have forgotten turning Fallback off?
WARNING: Shader Unsupported: 'UnityChanToonShader/Mobile/Toon_DoubleShadeWithFeather' - All subshaders removed
WARNING: Shader Did you use #pragma only_renderers and omit this platform?
WARNING: Shader If subshaders removal was intentional, you may have forgotten turning Fallback off?
WARNING: Shader Unsupported: 'UnityChanToonShader/Mobile/Toon_DoubleShadeWithFeather' - All subshaders removed
WARNING: Shader Did you use #pragma only_renderers and omit this platform?
WARNING: Shader If subshaders removal was intentional, you may have forgotten turning Fallback off?
WARNING: Shader Unsupported: 'UnityChanToonShader/Mobile/Toon_DoubleShadeWithFeather_TransClipping_StencilMask' - All subshaders removed
WARNING: Shader Did you use #pragma only_renderers and omit this platform?
WARNING: Shader If subshaders removal was intentional, you may have forgotten turning Fallback off?
WARNING: Shader Unsupported: 'UnityChanToonShader/Mobile/Toon_DoubleShadeWithFeather_TransClipping_StencilMask' - All subshaders removed
WARNING: Shader Did you use #pragma only_renderers and omit this platform?
WARNING: Shader If subshaders removal was intentional, you may have forgotten turning Fallback off?
WARNING: Shader Unsupported: 'UnityChanToonShader/NoOutline/ToonColor_DoubleShadeWithFeather_Clipping_StencilMask' - All subshaders removed
WARNING: Shader Did you use #pragma only_renderers and omit this platform?
WARNING: Shader If subshaders removal was intentional, you may have forgotten turning Fallback off?
WARNING: Shader Unsupported: 'UnityChanToonShader/NoOutline/ToonColor_DoubleShadeWithFeather_Clipping_StencilMask' - All subshaders removed
WARNING: Shader Did you use #pragma only_renderers and omit this platform?
WARNING: Shader If subshaders removal was intentional, you may have forgotten turning Fallback off?
WARNING: Shader Unsupported: 'UnityChanToonShader/Tessellation/Light/AngelRing/Toon_ShadingGradeMap' - All subshaders removed
WARNING: Shader Did you use #pragma only_renderers and omit this platform?
WARNING: Shader If subshaders removal was intentional, you may have forgotten turning Fallback off?
WARNING: Shader Unsupported: 'UnityChanToonShader/Tessellation/Light/AngelRing/Toon_ShadingGradeMap' - All subshaders removed
WARNING: Shader Did you use #pragma only_renderers and omit this platform?
WARNING: Shader If subshaders removal was intentional, you may have forgotten turning Fallback off?
WARNING: Shader Unsupported: 'UnityChanToonShader/Mobile/Toon_ShadingGradeMap' - All subshaders removed
WARNING: Shader Did you use #pragma only_renderers and omit this platform?
WARNING: Shader If subshaders removal was intentional, you may have forgotten turning Fallback off?
WARNING: Shader Unsupported: 'UnityChanToonShader/Mobile/Toon_ShadingGradeMap' - All subshaders removed
WARNING: Shader Did you use #pragma only_renderers and omit this platform?
WARNING: Shader If subshaders removal was intentional, you may have forgotten turning Fallback off?
WARNING: Shader Unsupported: 'UnityChanToonShader/Mobile/Toon_DoubleShadeWithFeather_TransClipping' - All subshaders removed
WARNING: Shader Did you use #pragma only_renderers and omit this platform?
WARNING: Shader If subshaders removal was intentional, you may have forgotten turning Fallback off?
WARNING: Shader Unsupported: 'UnityChanToonShader/Mobile/Toon_DoubleShadeWithFeather_TransClipping' - All subshaders removed
WARNING: Shader Did you use #pragma only_renderers and omit this platform?
WARNING: Shader If subshaders removal was intentional, you may have forgotten turning Fallback off?
WARNING: Shader Unsupported: 'UnityChanToonShader/Tessellation/Light/Toon_DoubleShadeWithFeather' - All subshaders removed
WARNING: Shader Did you use #pragma only_renderers and omit this platform?
WARNING: Shader If subshaders removal was intentional, you may have forgotten turning Fallback off?
WARNING: Shader Unsupported: 'UnityChanToonShader/Tessellation/Light/Toon_DoubleShadeWithFeather' - All subshaders removed
WARNING: Shader Did you use #pragma only_renderers and omit this platform?
WARNING: Shader If subshaders removal was intentional, you may have forgotten turning Fallback off?
WARNING: Shader Unsupported: 'UnityChanToonShader/NoOutline/ToonColor_DoubleShadeWithFeather_TransClipping' - All subshaders removed
WARNING: Shader Did you use #pragma only_renderers and omit this platform?
WARNING: Shader If subshaders removal was intentional, you may have forgotten turning Fallback off?
WARNING: Shader Unsupported: 'UnityChanToonShader/NoOutline/ToonColor_DoubleShadeWithFeather_TransClipping' - All subshaders removed
WARNING: Shader Did you use #pragma only_renderers and omit this platform?
WARNING: Shader If subshaders removal was intentional, you may have forgotten turning Fallback off?
WARNING: Shader Unsupported: 'UnityChanToonShader/Tessellation/NoOutline/ToonColor_ShadingGradeMap_StencilOut' - All subshaders removed
WARNING: Shader Did you use #pragma only_renderers and omit this platform?
WARNING: Shader If subshaders removal was intentional, you may have forgotten turning Fallback off?
WARNING: Shader Unsupported: 'UnityChanToonShader/Tessellation/NoOutline/ToonColor_ShadingGradeMap_StencilOut' - All subshaders removed
WARNING: Shader Did you use #pragma only_renderers and omit this platform?
WARNING: Shader If subshaders removal was intentional, you may have forgotten turning Fallback off?
WARNING: Shader Unsupported: 'UnityChanToonShader/NoOutline/ToonColor_DoubleShadeWithFeather' - All subshaders removed
WARNING: Shader Did you use #pragma only_renderers and omit this platform?
WARNING: Shader If subshaders removal was intentional, you may have forgotten turning Fallback off?
WARNING: Shader Unsupported: 'UnityChanToonShader/NoOutline/ToonColor_DoubleShadeWithFeather' - All subshaders removed
WARNING: Shader Did you use #pragma only_renderers and omit this platform?
WARNING: Shader If subshaders removal was intentional, you may have forgotten turning Fallback off?
WARNING: Shader Unsupported: 'UnityChanToonShader/Mobile/AngelRing/Toon_ShadingGradeMap_StencilOut' - All subshaders removed
WARNING: Shader Did you use #pragma only_renderers and omit this platform?
WARNING: Shader If subshaders removal was intentional, you may have forgotten turning Fallback off?
WARNING: Shader Unsupported: 'UnityChanToonShader/Mobile/AngelRing/Toon_ShadingGradeMap_StencilOut' - All subshaders removed
WARNING: Shader Did you use #pragma only_renderers and omit this platform?
WARNING: Shader If subshaders removal was intentional, you may have forgotten turning Fallback off?
WARNING: Shader Unsupported: 'UnityChanToonShader/Tessellation/NoOutline/AngelRing/ToonColor_ShadingGradeMap' - All subshaders removed
WARNING: Shader Did you use #pragma only_renderers and omit this platform?
WARNING: Shader If subshaders removal was intentional, you may have forgotten turning Fallback off?
WARNING: Shader Unsupported: 'UnityChanToonShader/Tessellation/NoOutline/AngelRing/ToonColor_ShadingGradeMap' - All subshaders removed
WARNING: Shader Did you use #pragma only_renderers and omit this platform?
WARNING: Shader If subshaders removal was intentional, you may have forgotten turning Fallback off?
WARNING: Shader Unsupported: 'UnityChanToonShader/Mobile/Toon_DoubleShadeWithFeather_Clipping_StencilMask' - All subshaders removed
WARNING: Shader Did you use #pragma only_renderers and omit this platform?
WARNING: Shader If subshaders removal was intentional, you may have forgotten turning Fallback off?
WARNING: Shader Unsupported: 'UnityChanToonShader/Mobile/Toon_DoubleShadeWithFeather_Clipping_StencilMask' - All subshaders removed
WARNING: Shader Did you use #pragma only_renderers and omit this platform?
WARNING: Shader If subshaders removal was intentional, you may have forgotten turning Fallback off?
WARNING: Shader Unsupported: 'UnityChanToonShader/Mobile/Toon_ShadingGradeMap_TransClipping' - All subshaders removed
WARNING: Shader Did you use #pragma only_renderers and omit this platform?
WARNING: Shader If subshaders removal was intentional, you may have forgotten turning Fallback off?
WARNING: Shader Unsupported: 'UnityChanToonShader/Mobile/Toon_ShadingGradeMap_TransClipping' - All subshaders removed
WARNING: Shader Did you use #pragma only_renderers and omit this platform?
WARNING: Shader If subshaders removal was intentional, you may have forgotten turning Fallback off?
WARNING: Shader Unsupported: 'UnityChanToonShader/Mobile/Toon_ShadingGradeMap_StencilMask' - All subshaders removed
WARNING: Shader Did you use #pragma only_renderers and omit this platform?
WARNING: Shader If subshaders removal was intentional, you may have forgotten turning Fallback off?
WARNING: Shader Unsupported: 'UnityChanToonShader/Mobile/Toon_ShadingGradeMap_StencilMask' - All subshaders removed
WARNING: Shader Did you use #pragma only_renderers and omit this platform?
WARNING: Shader If subshaders removal was intentional, you may have forgotten turning Fallback off?
WARNING: Shader Unsupported: 'UnityChanToonShader/NoOutline/ToonColor_ShadingGradeMap_TransClipping_StencilMask' - All subshaders removed
WARNING: Shader Did you use #pragma only_renderers and omit this platform?
WARNING: Shader If subshaders removal was intentional, you may have forgotten turning Fallback off?
WARNING: Shader Unsupported: 'UnityChanToonShader/NoOutline/ToonColor_ShadingGradeMap_TransClipping_StencilMask' - All subshaders removed
WARNING: Shader Did you use #pragma only_renderers and omit this platform?
WARNING: Shader If subshaders removal was intentional, you may have forgotten turning Fallback off?
WARNING: Shader Unsupported: 'UnityChanToonShader/Tessellation/NoOutline/AngelRing/ToonColor_ShadingGradeMap_TransClipping_StencilOut' - All subshaders removed
WARNING: Shader Did you use #pragma only_renderers and omit this platform?
WARNING: Shader If subshaders removal was intentional, you may have forgotten turning Fallback off?
WARNING: Shader Unsupported: 'UnityChanToonShader/Tessellation/NoOutline/AngelRing/ToonColor_ShadingGradeMap_TransClipping_StencilOut' - All subshaders removed
WARNING: Shader Did you use #pragma only_renderers and omit this platform?
WARNING: Shader If subshaders removal was intentional, you may have forgotten turning Fallback off?
WARNING: Shader Unsupported: 'UnityChanToonShader/Mobile/Toon_DoubleShadeWithFeather_StencilMask' - All subshaders removed
WARNING: Shader Did you use #pragma only_renderers and omit this platform?
WARNING: Shader If subshaders removal was intentional, you may have forgotten turning Fallback off?
WARNING: Shader Unsupported: 'UnityChanToonShader/Mobile/Toon_DoubleShadeWithFeather_StencilMask' - All subshaders removed
WARNING: Shader Did you use #pragma only_renderers and omit this platform?
WARNING: Shader If subshaders removal was intentional, you may have forgotten turning Fallback off?
WARNING: Shader Unsupported: 'UnityChanToonShader/Tessellation/NoOutline/ToonColor_DoubleShadeWithFeather_TransClipping_StencilMask' - All subshaders removed
WARNING: Shader Did you use #pragma only_renderers and omit this platform?
WARNING: Shader If subshaders removal was intentional, you may have forgotten turning Fallback off?
WARNING: Shader Unsupported: 'UnityChanToonShader/Tessellation/NoOutline/ToonColor_DoubleShadeWithFeather_TransClipping_StencilMask' - All subshaders removed
WARNING: Shader Did you use #pragma only_renderers and omit this platform?
WARNING: Shader If subshaders removal was intentional, you may have forgotten turning Fallback off?
WARNING: Shader Unsupported: 'UnityChanToonShader/Tessellation/NoOutline/ToonColor_DoubleShadeWithFeather_Clipping' - All subshaders removed
WARNING: Shader Did you use #pragma only_renderers and omit this platform?
WARNING: Shader If subshaders removal was intentional, you may have forgotten turning Fallback off?
WARNING: Shader Unsupported: 'UnityChanToonShader/Tessellation/NoOutline/ToonColor_DoubleShadeWithFeather_Clipping' - All subshaders removed
WARNING: Shader Did you use #pragma only_renderers and omit this platform?
WARNING: Shader If subshaders removal was intentional, you may have forgotten turning Fallback off?
WARNING: Shader Unsupported: 'UnityChanToonShader/Tessellation/Light/Toon_ShadingGradeMap_StencilMask' - All subshaders removed
WARNING: Shader Did you use #pragma only_renderers and omit this platform?
WARNING: Shader If subshaders removal was intentional, you may have forgotten turning Fallback off?
WARNING: Shader Unsupported: 'UnityChanToonShader/Tessellation/Light/Toon_ShadingGradeMap_StencilMask' - All subshaders removed
WARNING: Shader Did you use #pragma only_renderers and omit this platform?
WARNING: Shader If subshaders removal was intentional, you may have forgotten turning Fallback off?
WARNING: Shader Unsupported: 'UnityChanToonShader/Tessellation/NoOutline/ToonColor_ShadingGradeMap_StencilMask' - All subshaders removed
WARNING: Shader Did you use #pragma only_renderers and omit this platform?
WARNING: Shader If subshaders removal was intentional, you may have forgotten turning Fallback off?
WARNING: Shader Unsupported: 'UnityChanToonShader/Tessellation/NoOutline/ToonColor_ShadingGradeMap_StencilMask' - All subshaders removed
WARNING: Shader Did you use #pragma only_renderers and omit this platform?
WARNING: Shader If subshaders removal was intentional, you may have forgotten turning Fallback off?
WARNING: Shader Unsupported: 'UnityChanToonShader/Tessellation/NoOutline/AngelRing/ToonColor_ShadingGradeMap_StencilOut' - All subshaders removed
WARNING: Shader Did you use #pragma only_renderers and omit this platform?
WARNING: Shader If subshaders removal was intentional, you may have forgotten turning Fallback off?
WARNING: Shader Unsupported: 'UnityChanToonShader/Tessellation/NoOutline/AngelRing/ToonColor_ShadingGradeMap_StencilOut' - All subshaders removed
WARNING: Shader Did you use #pragma only_renderers and omit this platform?
WARNING: Shader If subshaders removal was intentional, you may have forgotten turning Fallback off?
WARNING: Shader Unsupported: 'UnityChanToonShader/NoOutline/ToonColor_ShadingGradeMap_StencilOut' - All subshaders removed
WARNING: Shader Did you use #pragma only_renderers and omit this platform?
WARNING: Shader If subshaders removal was intentional, you may have forgotten turning Fallback off?
WARNING: Shader Unsupported: 'UnityChanToonShader/NoOutline/ToonColor_ShadingGradeMap_StencilOut' - All subshaders removed
WARNING: Shader Did you use #pragma only_renderers and omit this platform?
WARNING: Shader If subshaders removal was intentional, you may have forgotten turning Fallback off?
WARNING: Shader Unsupported: 'UnityChanToonShader/NoOutline/ToonColor_ShadingGradeMap' - All subshaders removed
WARNING: Shader Did you use #pragma only_renderers and omit this platform?
WARNING: Shader If subshaders removal was intentional, you may have forgotten turning Fallback off?
WARNING: Shader Unsupported: 'UnityChanToonShader/NoOutline/ToonColor_ShadingGradeMap' - All subshaders removed
WARNING: Shader Did you use #pragma only_renderers and omit this platform?
WARNING: Shader If subshaders removal was intentional, you may have forgotten turning Fallback off?
WARNING: Shader Unsupported: 'UnityChanToonShader/NoOutline/ToonColor_DoubleShadeWithFeather_Clipping' - All subshaders removed
WARNING: Shader Did you use #pragma only_renderers and omit this platform?
WARNING: Shader If subshaders removal was intentional, you may have forgotten turning Fallback off?
WARNING: Shader Unsupported: 'UnityChanToonShader/NoOutline/ToonColor_DoubleShadeWithFeather_Clipping' - All subshaders removed
WARNING: Shader Did you use #pragma only_renderers and omit this platform?
WARNING: Shader If subshaders removal was intentional, you may have forgotten turning Fallback off?
WARNING: Shader Unsupported: 'UnityChanToonShader/NoOutline/ToonColor_ShadingGradeMap_TransClipping_StencilOut' - All subshaders removed
WARNING: Shader Did you use #pragma only_renderers and omit this platform?
WARNING: Shader If subshaders removal was intentional, you may have forgotten turning Fallback off?
WARNING: Shader Unsupported: 'UnityChanToonShader/NoOutline/ToonColor_ShadingGradeMap_TransClipping_StencilOut' - All subshaders removed
WARNING: Shader Did you use #pragma only_renderers and omit this platform?
WARNING: Shader If subshaders removal was intentional, you may have forgotten turning Fallback off?
WARNING: Shader Unsupported: 'UnityChanToonShader/Tessellation/NoOutline/ToonColor_DoubleShadeWithFeather_TransClipping_StencilOut' - All subshaders removed
WARNING: Shader Did you use #pragma only_renderers and omit this platform?
WARNING: Shader If subshaders removal was intentional, you may have forgotten turning Fallback off?
WARNING: Shader Unsupported: 'UnityChanToonShader/Tessellation/NoOutline/ToonColor_DoubleShadeWithFeather_TransClipping_StencilOut' - All subshaders removed
WARNING: Shader Did you use #pragma only_renderers and omit this platform?
WARNING: Shader If subshaders removal was intentional, you may have forgotten turning Fallback off?
WARNING: Shader Unsupported: 'UnityChanToonShader/Tessellation/NoOutline/ToonColor_DoubleShadeWithFeather_Clipping_StencilOut' - All subshaders removed
WARNING: Shader Did you use #pragma only_renderers and omit this platform?
WARNING: Shader If subshaders removal was intentional, you may have forgotten turning Fallback off?
WARNING: Shader Unsupported: 'UnityChanToonShader/Tessellation/NoOutline/ToonColor_DoubleShadeWithFeather_Clipping_StencilOut' - All subshaders removed
WARNING: Shader Did you use #pragma only_renderers and omit this platform?
WARNING: Shader If subshaders removal was intentional, you may have forgotten turning Fallback off?
WARNING: Shader Unsupported: 'UnityChanToonShader/Tessellation/NoOutline/ToonColor_ShadingGradeMap_TransClipping' - All subshaders removed
WARNING: Shader Did you use #pragma only_renderers and omit this platform?
WARNING: Shader If subshaders removal was intentional, you may have forgotten turning Fallback off?
WARNING: Shader Unsupported: 'UnityChanToonShader/Tessellation/NoOutline/ToonColor_ShadingGradeMap_TransClipping' - All subshaders removed
WARNING: Shader Did you use #pragma only_renderers and omit this platform?
WARNING: Shader If subshaders removal was intentional, you may have forgotten turning Fallback off?
WARNING: Shader Unsupported: 'UnityChanToonShader/Tessellation/Light/Toon_ShadingGradeMap_StencilOut' - All subshaders removed
WARNING: Shader Did you use #pragma only_renderers and omit this platform?
WARNING: Shader If subshaders removal was intentional, you may have forgotten turning Fallback off?
WARNING: Shader Unsupported: 'UnityChanToonShader/Tessellation/Light/Toon_ShadingGradeMap_StencilOut' - All subshaders removed
WARNING: Shader Did you use #pragma only_renderers and omit this platform?
WARNING: Shader If subshaders removal was intentional, you may have forgotten turning Fallback off?
WARNING: Shader Unsupported: 'UnityChanToonShader/Mobile/AngelRing/Toon_ShadingGradeMap' - All subshaders removed
WARNING: Shader Did you use #pragma only_renderers and omit this platform?
WARNING: Shader If subshaders removal was intentional, you may have forgotten turning Fallback off?
WARNING: Shader Unsupported: 'UnityChanToonShader/Mobile/AngelRing/Toon_ShadingGradeMap' - All subshaders removed
WARNING: Shader Did you use #pragma only_renderers and omit this platform?
WARNING: Shader If subshaders removal was intentional, you may have forgotten turning Fallback off?
WARNING: Shader Unsupported: 'UnityChanToonShader/Tessellation/Light/AngelRing/Toon_ShadingGradeMap_StencilOut' - All subshaders removed
WARNING: Shader Did you use #pragma only_renderers and omit this platform?
WARNING: Shader If subshaders removal was intentional, you may have forgotten turning Fallback off?
WARNING: Shader Unsupported: 'UnityChanToonShader/Tessellation/Light/AngelRing/Toon_ShadingGradeMap_StencilOut' - All subshaders removed
WARNING: Shader Did you use #pragma only_renderers and omit this platform?
WARNING: Shader If subshaders removal was intentional, you may have forgotten turning Fallback off?
WARNING: Shader Unsupported: 'UnityChanToonShader/Tessellation/NoOutline/AngelRing/ToonColor_ShadingGradeMap_TransClipping' - All subshaders removed
WARNING: Shader Did you use #pragma only_renderers and omit this platform?
WARNING: Shader If subshaders removal was intentional, you may have forgotten turning Fallback off?
WARNING: Shader Unsupported: 'UnityChanToonShader/Tessellation/NoOutline/AngelRing/ToonColor_ShadingGradeMap_TransClipping' - All subshaders removed
WARNING: Shader Did you use #pragma only_renderers and omit this platform?
WARNING: Shader If subshaders removal was intentional, you may have forgotten turning Fallback off?
WARNING: Shader Unsupported: 'UnityChanToonShader/NoOutline/AngelRing/ToonColor_ShadingGradeMap_TransClipping' - All subshaders removed
WARNING: Shader Did you use #pragma only_renderers and omit this platform?
WARNING: Shader If subshaders removal was intentional, you may have forgotten turning Fallback off?
WARNING: Shader Unsupported: 'UnityChanToonShader/NoOutline/AngelRing/ToonColor_ShadingGradeMap_TransClipping' - All subshaders removed
WARNING: Shader Did you use #pragma only_renderers and omit this platform?
WARNING: Shader If subshaders removal was intentional, you may have forgotten turning Fallback off?
WARNING: Shader Unsupported: 'UnityChanToonShader/Mobile/Toon_ShadingGradeMap_TransClipping_StencilMask' - All subshaders removed
WARNING: Shader Did you use #pragma only_renderers and omit this platform?
WARNING: Shader If subshaders removal was intentional, you may have forgotten turning Fallback off?
WARNING: Shader Unsupported: 'UnityChanToonShader/Mobile/Toon_ShadingGradeMap_TransClipping_StencilMask' - All subshaders removed
WARNING: Shader Did you use #pragma only_renderers and omit this platform?
WARNING: Shader If subshaders removal was intentional, you may have forgotten turning Fallback off?
WARNING: Shader Unsupported: 'UnityChanToonShader/NoOutline/ToonColor_ShadingGradeMap_TransClipping' - All subshaders removed
WARNING: Shader Did you use #pragma only_renderers and omit this platform?
WARNING: Shader If subshaders removal was intentional, you may have forgotten turning Fallback off?
WARNING: Shader Unsupported: 'UnityChanToonShader/NoOutline/ToonColor_ShadingGradeMap_TransClipping' - All subshaders removed
WARNING: Shader Did you use #pragma only_renderers and omit this platform?
WARNING: Shader If subshaders removal was intentional, you may have forgotten turning Fallback off?
WARNING: Shader Unsupported: 'UnityChanToonShader/NoOutline/AngelRing/ToonColor_ShadingGradeMap_StencilOut' - All subshaders removed
WARNING: Shader Did you use #pragma only_renderers and omit this platform?
WARNING: Shader If subshaders removal was intentional, you may have forgotten turning Fallback off?
WARNING: Shader Unsupported: 'UnityChanToonShader/NoOutline/AngelRing/ToonColor_ShadingGradeMap_StencilOut' - All subshaders removed
WARNING: Shader Did you use #pragma only_renderers and omit this platform?
WARNING: Shader If subshaders removal was intentional, you may have forgotten turning Fallback off?
WARNING: Shader Unsupported: 'UnityChanToonShader/Tessellation/NoOutline/ToonColor_ShadingGradeMap_TransClipping_StencilMask' - All subshaders removed
WARNING: Shader Did you use #pragma only_renderers and omit this platform?
WARNING: Shader If subshaders removal was intentional, you may have forgotten turning Fallback off?
WARNING: Shader Unsupported: 'UnityChanToonShader/Tessellation/NoOutline/ToonColor_ShadingGradeMap_TransClipping_StencilMask' - All subshaders removed
WARNING: Shader Did you use #pragma only_renderers and omit this platform?
WARNING: Shader If subshaders removal was intentional, you may have forgotten turning Fallback off?
WARNING: Shader Unsupported: 'UnityChanToonShader/Tessellation/Light/Toon_ShadingGradeMap' - All subshaders removed
WARNING: Shader Did you use #pragma only_renderers and omit this platform?
WARNING: Shader If subshaders removal was intentional, you may have forgotten turning Fallback off?
WARNING: Shader Unsupported: 'UnityChanToonShader/Tessellation/Light/Toon_ShadingGradeMap' - All subshaders removed
WARNING: Shader Did you use #pragma only_renderers and omit this platform?
WARNING: Shader If subshaders removal was intentional, you may have forgotten turning Fallback off?
WARNING: Shader Unsupported: 'UnityChanToonShader/Tessellation/NoOutline/ToonColor_ShadingGradeMap_TransClipping_StencilOut' - All subshaders removed
WARNING: Shader Did you use #pragma only_renderers and omit this platform?
WARNING: Shader If subshaders removal was intentional, you may have forgotten turning Fallback off?
WARNING: Shader Unsupported: 'UnityChanToonShader/Tessellation/NoOutline/ToonColor_ShadingGradeMap_TransClipping_StencilOut' - All subshaders removed
WARNING: Shader Did you use #pragma only_renderers and omit this platform?
WARNING: Shader If subshaders removal was intentional, you may have forgotten turning Fallback off?
WARNING: Shader Unsupported: 'UnityChanToonShader/Tessellation/NoOutline/ToonColor_DoubleShadeWithFeather_StencilMask' - All subshaders removed
WARNING: Shader Did you use #pragma only_renderers and omit this platform?
WARNING: Shader If subshaders removal was intentional, you may have forgotten turning Fallback off?
WARNING: Shader Unsupported: 'UnityChanToonShader/Tessellation/NoOutline/ToonColor_DoubleShadeWithFeather_StencilMask' - All subshaders removed
WARNING: Shader Did you use #pragma only_renderers and omit this platform?
WARNING: Shader If subshaders removal was intentional, you may have forgotten turning Fallback off?
WARNING: Shader Unsupported: 'UnityChanToonShader/NoOutline/AngelRing/ToonColor_ShadingGradeMap' - All subshaders removed
WARNING: Shader Did you use #pragma only_renderers and omit this platform?
WARNING: Shader If subshaders removal was intentional, you may have forgotten turning Fallback off?
WARNING: Shader Unsupported: 'UnityChanToonShader/NoOutline/AngelRing/ToonColor_ShadingGradeMap' - All subshaders removed
WARNING: Shader Did you use #pragma only_renderers and omit this platform?
WARNING: Shader If subshaders removal was intentional, you may have forgotten turning Fallback off?
WARNING: Shader Unsupported: 'UnityChanToonShader/Tessellation/NoOutline/ToonColor_DoubleShadeWithFeather_TransClipping' - All subshaders removed
WARNING: Shader Did you use #pragma only_renderers and omit this platform?
WARNING: Shader If subshaders removal was intentional, you may have forgotten turning Fallback off?
WARNING: Shader Unsupported: 'UnityChanToonShader/Tessellation/NoOutline/ToonColor_DoubleShadeWithFeather_TransClipping' - All subshaders removed
WARNING: Shader Did you use #pragma only_renderers and omit this platform?
WARNING: Shader If subshaders removal was intentional, you may have forgotten turning Fallback off?
WARNING: Shader Unsupported: 'UnityChanToonShader/NoOutline/AngelRing/ToonColor_ShadingGradeMap_TransClipping_StencilOut' - All subshaders removed
WARNING: Shader Did you use #pragma only_renderers and omit this platform?
WARNING: Shader If subshaders removal was intentional, you may have forgotten turning Fallback off?
WARNING: Shader Unsupported: 'UnityChanToonShader/NoOutline/AngelRing/ToonColor_ShadingGradeMap_TransClipping_StencilOut' - All subshaders removed
WARNING: Shader Did you use #pragma only_renderers and omit this platform?
WARNING: Shader If subshaders removal was intentional, you may have forgotten turning Fallback off?
WARNING: Shader Unsupported: 'UnityChanToonShader/NoOutline/ToonColor_DoubleShadeWithFeather_TransClipping_StencilOut' - All subshaders removed
WARNING: Shader Did you use #pragma only_renderers and omit this platform?
WARNING: Shader If subshaders removal was intentional, you may have forgotten turning Fallback off?
WARNING: Shader Unsupported: 'UnityChanToonShader/NoOutline/ToonColor_DoubleShadeWithFeather_TransClipping_StencilOut' - All subshaders removed
WARNING: Shader Did you use #pragma only_renderers and omit this platform?
WARNING: Shader If subshaders removal was intentional, you may have forgotten turning Fallback off?
WARNING: Shader Unsupported: 'UnityChanToonShader/Mobile/Toon_DoubleShadeWithFeather_StencilOut' - All subshaders removed
WARNING: Shader Did you use #pragma only_renderers and omit this platform?
WARNING: Shader If subshaders removal was intentional, you may have forgotten turning Fallback off?
WARNING: Shader Unsupported: 'UnityChanToonShader/Mobile/Toon_DoubleShadeWithFeather_StencilOut' - All subshaders removed
WARNING: Shader Did you use #pragma only_renderers and omit this platform?
WARNING: Shader If subshaders removal was intentional, you may have forgotten turning Fallback off?
WARNING: Shader Unsupported: 'UnityChanToonShader/Tessellation/Light/Toon_DoubleShadeWithFeather_StencilMask' - All subshaders removed
WARNING: Shader Did you use #pragma only_renderers and omit this platform?
WARNING: Shader If subshaders removal was intentional, you may have forgotten turning Fallback off?
WARNING: Shader Unsupported: 'UnityChanToonShader/Tessellation/Light/Toon_DoubleShadeWithFeather_StencilMask' - All subshaders removed
WARNING: Shader Did you use #pragma only_renderers and omit this platform?
WARNING: Shader If subshaders removal was intentional, you may have forgotten turning Fallback off?
Refreshing native plugins compatible for Editor in 34.67 ms, found 4 plugins.
Preloading 0 native plugins for Editor in 0.00 ms.
Unloading 3586 Unused Serialized files (Serialized files now loaded: 0)
Unloading 77 unused Assets / (10.7 MB). Loaded Objects now: 4055.
Memory consumption went from 165.1 MB to 154.4 MB.
Total: 14.175000 ms (FindLiveObjects: 0.468500 ms CreateObjectMapping: 0.223700 ms MarkObjects: 4.993700 ms  DeleteObjects: 8.487300 ms)

Prepare: number of updated asset objects reloaded= 0
AssetImportParameters requested are different than current active one (requested -> active):
  custom:container-demuxer-ogg: 62fdf1f143b41e24485cea50d1cbac27 -> 
  custom:video-codec-MediaFoundation-h265: 746d11721c4dcdbdad8f713fa42b33f4 -> 
  custom:video-decoder-ogg-theora: a1e56fd34408186e4bbccfd4996cb3dc -> 
  custom:framework-win-MediaFoundation: 216162199b28c13a410421893ffa2e32 -> 
  custom:CustomObjectIndexerAttribute: 9a22284fe3817be447336de3de66b15e -> 
  custom:container-demuxer-webm: 4f35f7cbe854078d1ac9338744f61a02 -> 
  custom:container-muxer-webm: aa71ff27fc2769a1b78a27578f13a17b -> 
  custom:video-decoder-webm-vp8: 9c59270c3fd7afecdb556c50c9e8de78 -> 
  custom:SearchIndexIgnoredProperties: e643bd26f0fe6173181afceb89e7c659 -> 
  custom:AudioImporter_EditorPlatform: d09bf68614088b80899f8185d706f6e7 -> 
  custom:video-encoder-webm-vp8: eb34c28f22e8b96e1ab97ce403110664 -> 
  custom:audio-decoder-ogg-vorbis: bf7c407c2cedff20999df2af8eb42d56 -> 
  custom:audio-encoder-webm-vorbis: bf7c407c2cedff20999df2af8eb42d56 -> 
========================================================================
Received Prepare
Caller must complete domain reload
Begin MonoManager ReloadAssembly
- Loaded All Assemblies, in  0.473 seconds
Native extension for WindowsStandalone target not found
Native extension for WebGL target not found
Mono: successfully reloaded assembly
- Finished resetting the current domain, in  2.703 seconds
Domain Reload Profiling: 3174ms
	BeginReloadAssembly (143ms)
		ExecutionOrderSort (0ms)
		DisableScriptedObjects (5ms)
		BackupInstance (0ms)
		ReleaseScriptingObjects (0ms)
		CreateAndSetChildDomain (26ms)
	RebuildCommonClasses (30ms)
	RebuildNativeTypeToScriptingClass (10ms)
	initialDomainReloadingComplete (31ms)
	LoadAllAssembliesAndSetupDomain (256ms)
		LoadAssemblies (325ms)
		RebuildTransferFunctionScriptingTraits (0ms)
		AnalyzeDomain (15ms)
			TypeCache.Refresh (7ms)
				TypeCache.ScanAssembly (0ms)
			ScanForSourceGeneratedMonoScriptInfo (0ms)
			ResolveRequiredComponents (5ms)
	FinalizeReload (2704ms)
		ReleaseScriptCaches (0ms)
		RebuildScriptCaches (0ms)
		SetupLoadedEditorAssemblies (1083ms)
			LogAssemblyErrors (0ms)
			InitializePlatformSupportModulesInManaged (19ms)
			SetLoadedEditorAssemblies (5ms)
			RefreshPlugins (0ms)
			BeforeProcessingInitializeOnLoad (124ms)
			ProcessInitializeOnLoadAttributes (887ms)
			ProcessInitializeOnLoadMethodAttributes (32ms)
			AfterProcessingInitializeOnLoad (12ms)
			EditorAssembliesLoaded (3ms)
		ExecutionOrderSort2 (0ms)
		AwakeInstancesAfterBackupRestoration (14ms)
WARNING: Shader Unsupported: 'UnityChanToonShader/NoOutline/ToonColor_ShadingGradeMap_StencilMask' - All subshaders removed
WARNING: Shader Did you use #pragma only_renderers and omit this platform?
WARNING: Shader If subshaders removal was intentional, you may have forgotten turning Fallback off?
WARNING: Shader Unsupported: 'UnityChanToonShader/NoOutline/ToonColor_ShadingGradeMap_StencilMask' - All subshaders removed
WARNING: Shader Did you use #pragma only_renderers and omit this platform?
WARNING: Shader If subshaders removal was intentional, you may have forgotten turning Fallback off?
WARNING: Shader Unsupported: 'UnityChanToonShader/Tessellation/Light/Toon_DoubleShadeWithFeather_StencilOut' - All subshaders removed
WARNING: Shader Did you use #pragma only_renderers and omit this platform?
WARNING: Shader If subshaders removal was intentional, you may have forgotten turning Fallback off?
WARNING: Shader Unsupported: 'UnityChanToonShader/Tessellation/Light/Toon_DoubleShadeWithFeather_StencilOut' - All subshaders removed
WARNING: Shader Did you use #pragma only_renderers and omit this platform?
WARNING: Shader If subshaders removal was intentional, you may have forgotten turning Fallback off?
WARNING: Shader Unsupported: 'UnityChanToonShader/Tessellation/NoOutline/ToonColor_DoubleShadeWithFeather_StencilOut' - All subshaders removed
WARNING: Shader Did you use #pragma only_renderers and omit this platform?
WARNING: Shader If subshaders removal was intentional, you may have forgotten turning Fallback off?
WARNING: Shader Unsupported: 'UnityChanToonShader/Tessellation/NoOutline/ToonColor_DoubleShadeWithFeather_StencilOut' - All subshaders removed
WARNING: Shader Did you use #pragma only_renderers and omit this platform?
WARNING: Shader If subshaders removal was intentional, you may have forgotten turning Fallback off?
WARNING: Shader Unsupported: 'UnityChanToonShader/Mobile/Toon_DoubleShadeWithFeather_Clipping' - All subshaders removed
WARNING: Shader Did you use #pragma only_renderers and omit this platform?
WARNING: Shader If subshaders removal was intentional, you may have forgotten turning Fallback off?
WARNING: Shader Unsupported: 'UnityChanToonShader/Mobile/Toon_DoubleShadeWithFeather_Clipping' - All subshaders removed
WARNING: Shader Did you use #pragma only_renderers and omit this platform?
WARNING: Shader If subshaders removal was intentional, you may have forgotten turning Fallback off?
WARNING: Shader Unsupported: 'UnityChanToonShader/NoOutline/ToonColor_DoubleShadeWithFeather_Clipping_StencilOut' - All subshaders removed
WARNING: Shader Did you use #pragma only_renderers and omit this platform?
WARNING: Shader If subshaders removal was intentional, you may have forgotten turning Fallback off?
WARNING: Shader Unsupported: 'UnityChanToonShader/NoOutline/ToonColor_DoubleShadeWithFeather_Clipping_StencilOut' - All subshaders removed
WARNING: Shader Did you use #pragma only_renderers and omit this platform?
WARNING: Shader If subshaders removal was intentional, you may have forgotten turning Fallback off?
WARNING: Shader Unsupported: 'UnityChanToonShader/NoOutline/ToonColor_DoubleShadeWithFeather_StencilOut' - All subshaders removed
WARNING: Shader Did you use #pragma only_renderers and omit this platform?
WARNING: Shader If subshaders removal was intentional, you may have forgotten turning Fallback off?
WARNING: Shader Unsupported: 'UnityChanToonShader/NoOutline/ToonColor_DoubleShadeWithFeather_StencilOut' - All subshaders removed
WARNING: Shader Did you use #pragma only_renderers and omit this platform?
WARNING: Shader If subshaders removal was intentional, you may have forgotten turning Fallback off?
WARNING: Shader Unsupported: 'UnityChanToonShader/NoOutline/ToonColor_DoubleShadeWithFeather_StencilMask' - All subshaders removed
WARNING: Shader Did you use #pragma only_renderers and omit this platform?
WARNING: Shader If subshaders removal was intentional, you may have forgotten turning Fallback off?
WARNING: Shader Unsupported: 'UnityChanToonShader/NoOutline/ToonColor_DoubleShadeWithFeather_StencilMask' - All subshaders removed
WARNING: Shader Did you use #pragma only_renderers and omit this platform?
WARNING: Shader If subshaders removal was intentional, you may have forgotten turning Fallback off?
WARNING: Shader Unsupported: 'UnityChanToonShader/Tessellation/NoOutline/ToonColor_ShadingGradeMap' - All subshaders removed
WARNING: Shader Did you use #pragma only_renderers and omit this platform?
WARNING: Shader If subshaders removal was intentional, you may have forgotten turning Fallback off?
WARNING: Shader Unsupported: 'UnityChanToonShader/Tessellation/NoOutline/ToonColor_ShadingGradeMap' - All subshaders removed
WARNING: Shader Did you use #pragma only_renderers and omit this platform?
WARNING: Shader If subshaders removal was intentional, you may have forgotten turning Fallback off?
WARNING: Shader Unsupported: 'UnityChanToonShader/Tessellation/NoOutline/ToonColor_DoubleShadeWithFeather' - All subshaders removed
WARNING: Shader Did you use #pragma only_renderers and omit this platform?
WARNING: Shader If subshaders removal was intentional, you may have forgotten turning Fallback off?
WARNING: Shader Unsupported: 'UnityChanToonShader/Tessellation/NoOutline/ToonColor_DoubleShadeWithFeather' - All subshaders removed
WARNING: Shader Did you use #pragma only_renderers and omit this platform?
WARNING: Shader If subshaders removal was intentional, you may have forgotten turning Fallback off?
WARNING: Shader Unsupported: 'UnityChanToonShader/Mobile/Toon_ShadingGradeMap_StencilOut' - All subshaders removed
WARNING: Shader Did you use #pragma only_renderers and omit this platform?
WARNING: Shader If subshaders removal was intentional, you may have forgotten turning Fallback off?
WARNING: Shader Unsupported: 'UnityChanToonShader/Mobile/Toon_ShadingGradeMap_StencilOut' - All subshaders removed
WARNING: Shader Did you use #pragma only_renderers and omit this platform?
WARNING: Shader If subshaders removal was intentional, you may have forgotten turning Fallback off?
WARNING: Shader Unsupported: 'UnityChanToonShader/NoOutline/ToonColor_DoubleShadeWithFeather_TransClipping_StencilMask' - All subshaders removed
WARNING: Shader Did you use #pragma only_renderers and omit this platform?
WARNING: Shader If subshaders removal was intentional, you may have forgotten turning Fallback off?
WARNING: Shader Unsupported: 'UnityChanToonShader/NoOutline/ToonColor_DoubleShadeWithFeather_TransClipping_StencilMask' - All subshaders removed
WARNING: Shader Did you use #pragma only_renderers and omit this platform?
WARNING: Shader If subshaders removal was intentional, you may have forgotten turning Fallback off?
WARNING: Shader Unsupported: 'UnityChanToonShader/Tessellation/NoOutline/ToonColor_DoubleShadeWithFeather_Clipping_StencilMask' - All subshaders removed
WARNING: Shader Did you use #pragma only_renderers and omit this platform?
WARNING: Shader If subshaders removal was intentional, you may have forgotten turning Fallback off?
WARNING: Shader Unsupported: 'UnityChanToonShader/Tessellation/NoOutline/ToonColor_DoubleShadeWithFeather_Clipping_StencilMask' - All subshaders removed
WARNING: Shader Did you use #pragma only_renderers and omit this platform?
WARNING: Shader If subshaders removal was intentional, you may have forgotten turning Fallback off?
WARNING: Shader Unsupported: 'UnityChanToonShader/Mobile/Toon_DoubleShadeWithFeather' - All subshaders removed
WARNING: Shader Did you use #pragma only_renderers and omit this platform?
WARNING: Shader If subshaders removal was intentional, you may have forgotten turning Fallback off?
WARNING: Shader Unsupported: 'UnityChanToonShader/Mobile/Toon_DoubleShadeWithFeather' - All subshaders removed
WARNING: Shader Did you use #pragma only_renderers and omit this platform?
WARNING: Shader If subshaders removal was intentional, you may have forgotten turning Fallback off?
WARNING: Shader Unsupported: 'UnityChanToonShader/Mobile/Toon_DoubleShadeWithFeather_TransClipping_StencilMask' - All subshaders removed
WARNING: Shader Did you use #pragma only_renderers and omit this platform?
WARNING: Shader If subshaders removal was intentional, you may have forgotten turning Fallback off?
WARNING: Shader Unsupported: 'UnityChanToonShader/Mobile/Toon_DoubleShadeWithFeather_TransClipping_StencilMask' - All subshaders removed
WARNING: Shader Did you use #pragma only_renderers and omit this platform?
WARNING: Shader If subshaders removal was intentional, you may have forgotten turning Fallback off?
WARNING: Shader Unsupported: 'UnityChanToonShader/NoOutline/ToonColor_DoubleShadeWithFeather_Clipping_StencilMask' - All subshaders removed
WARNING: Shader Did you use #pragma only_renderers and omit this platform?
WARNING: Shader If subshaders removal was intentional, you may have forgotten turning Fallback off?
WARNING: Shader Unsupported: 'UnityChanToonShader/NoOutline/ToonColor_DoubleShadeWithFeather_Clipping_StencilMask' - All subshaders removed
WARNING: Shader Did you use #pragma only_renderers and omit this platform?
WARNING: Shader If subshaders removal was intentional, you may have forgotten turning Fallback off?
WARNING: Shader Unsupported: 'UnityChanToonShader/Tessellation/Light/AngelRing/Toon_ShadingGradeMap' - All subshaders removed
WARNING: Shader Did you use #pragma only_renderers and omit this platform?
WARNING: Shader If subshaders removal was intentional, you may have forgotten turning Fallback off?
WARNING: Shader Unsupported: 'UnityChanToonShader/Tessellation/Light/AngelRing/Toon_ShadingGradeMap' - All subshaders removed
WARNING: Shader Did you use #pragma only_renderers and omit this platform?
WARNING: Shader If subshaders removal was intentional, you may have forgotten turning Fallback off?
WARNING: Shader Unsupported: 'UnityChanToonShader/Mobile/Toon_ShadingGradeMap' - All subshaders removed
WARNING: Shader Did you use #pragma only_renderers and omit this platform?
WARNING: Shader If subshaders removal was intentional, you may have forgotten turning Fallback off?
WARNING: Shader Unsupported: 'UnityChanToonShader/Mobile/Toon_ShadingGradeMap' - All subshaders removed
WARNING: Shader Did you use #pragma only_renderers and omit this platform?
WARNING: Shader If subshaders removal was intentional, you may have forgotten turning Fallback off?
WARNING: Shader Unsupported: 'UnityChanToonShader/Mobile/Toon_DoubleShadeWithFeather_TransClipping' - All subshaders removed
WARNING: Shader Did you use #pragma only_renderers and omit this platform?
WARNING: Shader If subshaders removal was intentional, you may have forgotten turning Fallback off?
WARNING: Shader Unsupported: 'UnityChanToonShader/Mobile/Toon_DoubleShadeWithFeather_TransClipping' - All subshaders removed
WARNING: Shader Did you use #pragma only_renderers and omit this platform?
WARNING: Shader If subshaders removal was intentional, you may have forgotten turning Fallback off?
WARNING: Shader Unsupported: 'UnityChanToonShader/Tessellation/Light/Toon_DoubleShadeWithFeather' - All subshaders removed
WARNING: Shader Did you use #pragma only_renderers and omit this platform?
WARNING: Shader If subshaders removal was intentional, you may have forgotten turning Fallback off?
WARNING: Shader Unsupported: 'UnityChanToonShader/Tessellation/Light/Toon_DoubleShadeWithFeather' - All subshaders removed
WARNING: Shader Did you use #pragma only_renderers and omit this platform?
WARNING: Shader If subshaders removal was intentional, you may have forgotten turning Fallback off?
WARNING: Shader Unsupported: 'UnityChanToonShader/NoOutline/ToonColor_DoubleShadeWithFeather_TransClipping' - All subshaders removed
WARNING: Shader Did you use #pragma only_renderers and omit this platform?
WARNING: Shader If subshaders removal was intentional, you may have forgotten turning Fallback off?
WARNING: Shader Unsupported: 'UnityChanToonShader/NoOutline/ToonColor_DoubleShadeWithFeather_TransClipping' - All subshaders removed
WARNING: Shader Did you use #pragma only_renderers and omit this platform?
WARNING: Shader If subshaders removal was intentional, you may have forgotten turning Fallback off?
WARNING: Shader Unsupported: 'UnityChanToonShader/Tessellation/NoOutline/ToonColor_ShadingGradeMap_StencilOut' - All subshaders removed
WARNING: Shader Did you use #pragma only_renderers and omit this platform?
WARNING: Shader If subshaders removal was intentional, you may have forgotten turning Fallback off?
WARNING: Shader Unsupported: 'UnityChanToonShader/Tessellation/NoOutline/ToonColor_ShadingGradeMap_StencilOut' - All subshaders removed
WARNING: Shader Did you use #pragma only_renderers and omit this platform?
WARNING: Shader If subshaders removal was intentional, you may have forgotten turning Fallback off?
WARNING: Shader Unsupported: 'UnityChanToonShader/NoOutline/ToonColor_DoubleShadeWithFeather' - All subshaders removed
WARNING: Shader Did you use #pragma only_renderers and omit this platform?
WARNING: Shader If subshaders removal was intentional, you may have forgotten turning Fallback off?
WARNING: Shader Unsupported: 'UnityChanToonShader/NoOutline/ToonColor_DoubleShadeWithFeather' - All subshaders removed
WARNING: Shader Did you use #pragma only_renderers and omit this platform?
WARNING: Shader If subshaders removal was intentional, you may have forgotten turning Fallback off?
WARNING: Shader Unsupported: 'UnityChanToonShader/Mobile/AngelRing/Toon_ShadingGradeMap_StencilOut' - All subshaders removed
WARNING: Shader Did you use #pragma only_renderers and omit this platform?
WARNING: Shader If subshaders removal was intentional, you may have forgotten turning Fallback off?
WARNING: Shader Unsupported: 'UnityChanToonShader/Mobile/AngelRing/Toon_ShadingGradeMap_StencilOut' - All subshaders removed
WARNING: Shader Did you use #pragma only_renderers and omit this platform?
WARNING: Shader If subshaders removal was intentional, you may have forgotten turning Fallback off?
WARNING: Shader Unsupported: 'UnityChanToonShader/Tessellation/NoOutline/AngelRing/ToonColor_ShadingGradeMap' - All subshaders removed
WARNING: Shader Did you use #pragma only_renderers and omit this platform?
WARNING: Shader If subshaders removal was intentional, you may have forgotten turning Fallback off?
WARNING: Shader Unsupported: 'UnityChanToonShader/Tessellation/NoOutline/AngelRing/ToonColor_ShadingGradeMap' - All subshaders removed
WARNING: Shader Did you use #pragma only_renderers and omit this platform?
WARNING: Shader If subshaders removal was intentional, you may have forgotten turning Fallback off?
WARNING: Shader Unsupported: 'UnityChanToonShader/Mobile/Toon_DoubleShadeWithFeather_Clipping_StencilMask' - All subshaders removed
WARNING: Shader Did you use #pragma only_renderers and omit this platform?
WARNING: Shader If subshaders removal was intentional, you may have forgotten turning Fallback off?
WARNING: Shader Unsupported: 'UnityChanToonShader/Mobile/Toon_DoubleShadeWithFeather_Clipping_StencilMask' - All subshaders removed
WARNING: Shader Did you use #pragma only_renderers and omit this platform?
WARNING: Shader If subshaders removal was intentional, you may have forgotten turning Fallback off?
WARNING: Shader Unsupported: 'UnityChanToonShader/Mobile/Toon_ShadingGradeMap_TransClipping' - All subshaders removed
WARNING: Shader Did you use #pragma only_renderers and omit this platform?
WARNING: Shader If subshaders removal was intentional, you may have forgotten turning Fallback off?
WARNING: Shader Unsupported: 'UnityChanToonShader/Mobile/Toon_ShadingGradeMap_TransClipping' - All subshaders removed
WARNING: Shader Did you use #pragma only_renderers and omit this platform?
WARNING: Shader If subshaders removal was intentional, you may have forgotten turning Fallback off?
WARNING: Shader Unsupported: 'UnityChanToonShader/Mobile/Toon_ShadingGradeMap_StencilMask' - All subshaders removed
WARNING: Shader Did you use #pragma only_renderers and omit this platform?
WARNING: Shader If subshaders removal was intentional, you may have forgotten turning Fallback off?
WARNING: Shader Unsupported: 'UnityChanToonShader/Mobile/Toon_ShadingGradeMap_StencilMask' - All subshaders removed
WARNING: Shader Did you use #pragma only_renderers and omit this platform?
WARNING: Shader If subshaders removal was intentional, you may have forgotten turning Fallback off?
WARNING: Shader Unsupported: 'UnityChanToonShader/NoOutline/ToonColor_ShadingGradeMap_TransClipping_StencilMask' - All subshaders removed
WARNING: Shader Did you use #pragma only_renderers and omit this platform?
WARNING: Shader If subshaders removal was intentional, you may have forgotten turning Fallback off?
WARNING: Shader Unsupported: 'UnityChanToonShader/NoOutline/ToonColor_ShadingGradeMap_TransClipping_StencilMask' - All subshaders removed
WARNING: Shader Did you use #pragma only_renderers and omit this platform?
WARNING: Shader If subshaders removal was intentional, you may have forgotten turning Fallback off?
WARNING: Shader Unsupported: 'UnityChanToonShader/Tessellation/NoOutline/AngelRing/ToonColor_ShadingGradeMap_TransClipping_StencilOut' - All subshaders removed
WARNING: Shader Did you use #pragma only_renderers and omit this platform?
WARNING: Shader If subshaders removal was intentional, you may have forgotten turning Fallback off?
WARNING: Shader Unsupported: 'UnityChanToonShader/Tessellation/NoOutline/AngelRing/ToonColor_ShadingGradeMap_TransClipping_StencilOut' - All subshaders removed
WARNING: Shader Did you use #pragma only_renderers and omit this platform?
WARNING: Shader If subshaders removal was intentional, you may have forgotten turning Fallback off?
WARNING: Shader Unsupported: 'UnityChanToonShader/Mobile/Toon_DoubleShadeWithFeather_StencilMask' - All subshaders removed
WARNING: Shader Did you use #pragma only_renderers and omit this platform?
WARNING: Shader If subshaders removal was intentional, you may have forgotten turning Fallback off?
WARNING: Shader Unsupported: 'UnityChanToonShader/Mobile/Toon_DoubleShadeWithFeather_StencilMask' - All subshaders removed
WARNING: Shader Did you use #pragma only_renderers and omit this platform?
WARNING: Shader If subshaders removal was intentional, you may have forgotten turning Fallback off?
WARNING: Shader Unsupported: 'UnityChanToonShader/Tessellation/NoOutline/ToonColor_DoubleShadeWithFeather_TransClipping_StencilMask' - All subshaders removed
WARNING: Shader Did you use #pragma only_renderers and omit this platform?
WARNING: Shader If subshaders removal was intentional, you may have forgotten turning Fallback off?
WARNING: Shader Unsupported: 'UnityChanToonShader/Tessellation/NoOutline/ToonColor_DoubleShadeWithFeather_TransClipping_StencilMask' - All subshaders removed
WARNING: Shader Did you use #pragma only_renderers and omit this platform?
WARNING: Shader If subshaders removal was intentional, you may have forgotten turning Fallback off?
WARNING: Shader Unsupported: 'UnityChanToonShader/Tessellation/NoOutline/ToonColor_DoubleShadeWithFeather_Clipping' - All subshaders removed
WARNING: Shader Did you use #pragma only_renderers and omit this platform?
WARNING: Shader If subshaders removal was intentional, you may have forgotten turning Fallback off?
WARNING: Shader Unsupported: 'UnityChanToonShader/Tessellation/NoOutline/ToonColor_DoubleShadeWithFeather_Clipping' - All subshaders removed
WARNING: Shader Did you use #pragma only_renderers and omit this platform?
WARNING: Shader If subshaders removal was intentional, you may have forgotten turning Fallback off?
WARNING: Shader Unsupported: 'UnityChanToonShader/Tessellation/Light/Toon_ShadingGradeMap_StencilMask' - All subshaders removed
WARNING: Shader Did you use #pragma only_renderers and omit this platform?
WARNING: Shader If subshaders removal was intentional, you may have forgotten turning Fallback off?
WARNING: Shader Unsupported: 'UnityChanToonShader/Tessellation/Light/Toon_ShadingGradeMap_StencilMask' - All subshaders removed
WARNING: Shader Did you use #pragma only_renderers and omit this platform?
WARNING: Shader If subshaders removal was intentional, you may have forgotten turning Fallback off?
WARNING: Shader Unsupported: 'UnityChanToonShader/Tessellation/NoOutline/ToonColor_ShadingGradeMap_StencilMask' - All subshaders removed
WARNING: Shader Did you use #pragma only_renderers and omit this platform?
WARNING: Shader If subshaders removal was intentional, you may have forgotten turning Fallback off?
WARNING: Shader Unsupported: 'UnityChanToonShader/Tessellation/NoOutline/ToonColor_ShadingGradeMap_StencilMask' - All subshaders removed
WARNING: Shader Did you use #pragma only_renderers and omit this platform?
WARNING: Shader If subshaders removal was intentional, you may have forgotten turning Fallback off?
WARNING: Shader Unsupported: 'UnityChanToonShader/Tessellation/NoOutline/AngelRing/ToonColor_ShadingGradeMap_StencilOut' - All subshaders removed
WARNING: Shader Did you use #pragma only_renderers and omit this platform?
WARNING: Shader If subshaders removal was intentional, you may have forgotten turning Fallback off?
WARNING: Shader Unsupported: 'UnityChanToonShader/Tessellation/NoOutline/AngelRing/ToonColor_ShadingGradeMap_StencilOut' - All subshaders removed
WARNING: Shader Did you use #pragma only_renderers and omit this platform?
WARNING: Shader If subshaders removal was intentional, you may have forgotten turning Fallback off?
WARNING: Shader Unsupported: 'UnityChanToonShader/NoOutline/ToonColor_ShadingGradeMap_StencilOut' - All subshaders removed
WARNING: Shader Did you use #pragma only_renderers and omit this platform?
WARNING: Shader If subshaders removal was intentional, you may have forgotten turning Fallback off?
WARNING: Shader Unsupported: 'UnityChanToonShader/NoOutline/ToonColor_ShadingGradeMap_StencilOut' - All subshaders removed
WARNING: Shader Did you use #pragma only_renderers and omit this platform?
WARNING: Shader If subshaders removal was intentional, you may have forgotten turning Fallback off?
WARNING: Shader Unsupported: 'UnityChanToonShader/NoOutline/ToonColor_ShadingGradeMap' - All subshaders removed
WARNING: Shader Did you use #pragma only_renderers and omit this platform?
WARNING: Shader If subshaders removal was intentional, you may have forgotten turning Fallback off?
WARNING: Shader Unsupported: 'UnityChanToonShader/NoOutline/ToonColor_ShadingGradeMap' - All subshaders removed
WARNING: Shader Did you use #pragma only_renderers and omit this platform?
WARNING: Shader If subshaders removal was intentional, you may have forgotten turning Fallback off?
WARNING: Shader Unsupported: 'UnityChanToonShader/NoOutline/ToonColor_DoubleShadeWithFeather_Clipping' - All subshaders removed
WARNING: Shader Did you use #pragma only_renderers and omit this platform?
WARNING: Shader If subshaders removal was intentional, you may have forgotten turning Fallback off?
WARNING: Shader Unsupported: 'UnityChanToonShader/NoOutline/ToonColor_DoubleShadeWithFeather_Clipping' - All subshaders removed
WARNING: Shader Did you use #pragma only_renderers and omit this platform?
WARNING: Shader If subshaders removal was intentional, you may have forgotten turning Fallback off?
WARNING: Shader Unsupported: 'UnityChanToonShader/NoOutline/ToonColor_ShadingGradeMap_TransClipping_StencilOut' - All subshaders removed
WARNING: Shader Did you use #pragma only_renderers and omit this platform?
WARNING: Shader If subshaders removal was intentional, you may have forgotten turning Fallback off?
WARNING: Shader Unsupported: 'UnityChanToonShader/NoOutline/ToonColor_ShadingGradeMap_TransClipping_StencilOut' - All subshaders removed
WARNING: Shader Did you use #pragma only_renderers and omit this platform?
WARNING: Shader If subshaders removal was intentional, you may have forgotten turning Fallback off?
WARNING: Shader Unsupported: 'UnityChanToonShader/Tessellation/NoOutline/ToonColor_DoubleShadeWithFeather_TransClipping_StencilOut' - All subshaders removed
WARNING: Shader Did you use #pragma only_renderers and omit this platform?
WARNING: Shader If subshaders removal was intentional, you may have forgotten turning Fallback off?
WARNING: Shader Unsupported: 'UnityChanToonShader/Tessellation/NoOutline/ToonColor_DoubleShadeWithFeather_TransClipping_StencilOut' - All subshaders removed
WARNING: Shader Did you use #pragma only_renderers and omit this platform?
WARNING: Shader If subshaders removal was intentional, you may have forgotten turning Fallback off?
WARNING: Shader Unsupported: 'UnityChanToonShader/Tessellation/NoOutline/ToonColor_DoubleShadeWithFeather_Clipping_StencilOut' - All subshaders removed
WARNING: Shader Did you use #pragma only_renderers and omit this platform?
WARNING: Shader If subshaders removal was intentional, you may have forgotten turning Fallback off?
WARNING: Shader Unsupported: 'UnityChanToonShader/Tessellation/NoOutline/ToonColor_DoubleShadeWithFeather_Clipping_StencilOut' - All subshaders removed
WARNING: Shader Did you use #pragma only_renderers and omit this platform?
WARNING: Shader If subshaders removal was intentional, you may have forgotten turning Fallback off?
WARNING: Shader Unsupported: 'UnityChanToonShader/Tessellation/NoOutline/ToonColor_ShadingGradeMap_TransClipping' - All subshaders removed
WARNING: Shader Did you use #pragma only_renderers and omit this platform?
WARNING: Shader If subshaders removal was intentional, you may have forgotten turning Fallback off?
WARNING: Shader Unsupported: 'UnityChanToonShader/Tessellation/NoOutline/ToonColor_ShadingGradeMap_TransClipping' - All subshaders removed
WARNING: Shader Did you use #pragma only_renderers and omit this platform?
WARNING: Shader If subshaders removal was intentional, you may have forgotten turning Fallback off?
WARNING: Shader Unsupported: 'UnityChanToonShader/Tessellation/Light/Toon_ShadingGradeMap_StencilOut' - All subshaders removed
WARNING: Shader Did you use #pragma only_renderers and omit this platform?
WARNING: Shader If subshaders removal was intentional, you may have forgotten turning Fallback off?
WARNING: Shader Unsupported: 'UnityChanToonShader/Tessellation/Light/Toon_ShadingGradeMap_StencilOut' - All subshaders removed
WARNING: Shader Did you use #pragma only_renderers and omit this platform?
WARNING: Shader If subshaders removal was intentional, you may have forgotten turning Fallback off?
WARNING: Shader Unsupported: 'UnityChanToonShader/Mobile/AngelRing/Toon_ShadingGradeMap' - All subshaders removed
WARNING: Shader Did you use #pragma only_renderers and omit this platform?
WARNING: Shader If subshaders removal was intentional, you may have forgotten turning Fallback off?
WARNING: Shader Unsupported: 'UnityChanToonShader/Mobile/AngelRing/Toon_ShadingGradeMap' - All subshaders removed
WARNING: Shader Did you use #pragma only_renderers and omit this platform?
WARNING: Shader If subshaders removal was intentional, you may have forgotten turning Fallback off?
WARNING: Shader Unsupported: 'UnityChanToonShader/Tessellation/Light/AngelRing/Toon_ShadingGradeMap_StencilOut' - All subshaders removed
WARNING: Shader Did you use #pragma only_renderers and omit this platform?
WARNING: Shader If subshaders removal was intentional, you may have forgotten turning Fallback off?
WARNING: Shader Unsupported: 'UnityChanToonShader/Tessellation/Light/AngelRing/Toon_ShadingGradeMap_StencilOut' - All subshaders removed
WARNING: Shader Did you use #pragma only_renderers and omit this platform?
WARNING: Shader If subshaders removal was intentional, you may have forgotten turning Fallback off?
WARNING: Shader Unsupported: 'UnityChanToonShader/Tessellation/NoOutline/AngelRing/ToonColor_ShadingGradeMap_TransClipping' - All subshaders removed
WARNING: Shader Did you use #pragma only_renderers and omit this platform?
WARNING: Shader If subshaders removal was intentional, you may have forgotten turning Fallback off?
WARNING: Shader Unsupported: 'UnityChanToonShader/Tessellation/NoOutline/AngelRing/ToonColor_ShadingGradeMap_TransClipping' - All subshaders removed
WARNING: Shader Did you use #pragma only_renderers and omit this platform?
WARNING: Shader If subshaders removal was intentional, you may have forgotten turning Fallback off?
WARNING: Shader Unsupported: 'UnityChanToonShader/NoOutline/AngelRing/ToonColor_ShadingGradeMap_TransClipping' - All subshaders removed
WARNING: Shader Did you use #pragma only_renderers and omit this platform?
WARNING: Shader If subshaders removal was intentional, you may have forgotten turning Fallback off?
WARNING: Shader Unsupported: 'UnityChanToonShader/NoOutline/AngelRing/ToonColor_ShadingGradeMap_TransClipping' - All subshaders removed
WARNING: Shader Did you use #pragma only_renderers and omit this platform?
WARNING: Shader If subshaders removal was intentional, you may have forgotten turning Fallback off?
WARNING: Shader Unsupported: 'UnityChanToonShader/Mobile/Toon_ShadingGradeMap_TransClipping_StencilMask' - All subshaders removed
WARNING: Shader Did you use #pragma only_renderers and omit this platform?
WARNING: Shader If subshaders removal was intentional, you may have forgotten turning Fallback off?
WARNING: Shader Unsupported: 'UnityChanToonShader/Mobile/Toon_ShadingGradeMap_TransClipping_StencilMask' - All subshaders removed
WARNING: Shader Did you use #pragma only_renderers and omit this platform?
WARNING: Shader If subshaders removal was intentional, you may have forgotten turning Fallback off?
WARNING: Shader Unsupported: 'UnityChanToonShader/NoOutline/ToonColor_ShadingGradeMap_TransClipping' - All subshaders removed
WARNING: Shader Did you use #pragma only_renderers and omit this platform?
WARNING: Shader If subshaders removal was intentional, you may have forgotten turning Fallback off?
WARNING: Shader Unsupported: 'UnityChanToonShader/NoOutline/ToonColor_ShadingGradeMap_TransClipping' - All subshaders removed
WARNING: Shader Did you use #pragma only_renderers and omit this platform?
WARNING: Shader If subshaders removal was intentional, you may have forgotten turning Fallback off?
WARNING: Shader Unsupported: 'UnityChanToonShader/NoOutline/AngelRing/ToonColor_ShadingGradeMap_StencilOut' - All subshaders removed
WARNING: Shader Did you use #pragma only_renderers and omit this platform?
WARNING: Shader If subshaders removal was intentional, you may have forgotten turning Fallback off?
WARNING: Shader Unsupported: 'UnityChanToonShader/NoOutline/AngelRing/ToonColor_ShadingGradeMap_StencilOut' - All subshaders removed
WARNING: Shader Did you use #pragma only_renderers and omit this platform?
WARNING: Shader If subshaders removal was intentional, you may have forgotten turning Fallback off?
WARNING: Shader Unsupported: 'UnityChanToonShader/Tessellation/NoOutline/ToonColor_ShadingGradeMap_TransClipping_StencilMask' - All subshaders removed
WARNING: Shader Did you use #pragma only_renderers and omit this platform?
WARNING: Shader If subshaders removal was intentional, you may have forgotten turning Fallback off?
WARNING: Shader Unsupported: 'UnityChanToonShader/Tessellation/NoOutline/ToonColor_ShadingGradeMap_TransClipping_StencilMask' - All subshaders removed
WARNING: Shader Did you use #pragma only_renderers and omit this platform?
WARNING: Shader If subshaders removal was intentional, you may have forgotten turning Fallback off?
WARNING: Shader Unsupported: 'UnityChanToonShader/Tessellation/Light/Toon_ShadingGradeMap' - All subshaders removed
WARNING: Shader Did you use #pragma only_renderers and omit this platform?
WARNING: Shader If subshaders removal was intentional, you may have forgotten turning Fallback off?
WARNING: Shader Unsupported: 'UnityChanToonShader/Tessellation/Light/Toon_ShadingGradeMap' - All subshaders removed
WARNING: Shader Did you use #pragma only_renderers and omit this platform?
WARNING: Shader If subshaders removal was intentional, you may have forgotten turning Fallback off?
WARNING: Shader Unsupported: 'UnityChanToonShader/Tessellation/NoOutline/ToonColor_ShadingGradeMap_TransClipping_StencilOut' - All subshaders removed
WARNING: Shader Did you use #pragma only_renderers and omit this platform?
WARNING: Shader If subshaders removal was intentional, you may have forgotten turning Fallback off?
WARNING: Shader Unsupported: 'UnityChanToonShader/Tessellation/NoOutline/ToonColor_ShadingGradeMap_TransClipping_StencilOut' - All subshaders removed
WARNING: Shader Did you use #pragma only_renderers and omit this platform?
WARNING: Shader If subshaders removal was intentional, you may have forgotten turning Fallback off?
WARNING: Shader Unsupported: 'UnityChanToonShader/Tessellation/NoOutline/ToonColor_DoubleShadeWithFeather_StencilMask' - All subshaders removed
WARNING: Shader Did you use #pragma only_renderers and omit this platform?
WARNING: Shader If subshaders removal was intentional, you may have forgotten turning Fallback off?
WARNING: Shader Unsupported: 'UnityChanToonShader/Tessellation/NoOutline/ToonColor_DoubleShadeWithFeather_StencilMask' - All subshaders removed
WARNING: Shader Did you use #pragma only_renderers and omit this platform?
WARNING: Shader If subshaders removal was intentional, you may have forgotten turning Fallback off?
WARNING: Shader Unsupported: 'UnityChanToonShader/NoOutline/AngelRing/ToonColor_ShadingGradeMap' - All subshaders removed
WARNING: Shader Did you use #pragma only_renderers and omit this platform?
WARNING: Shader If subshaders removal was intentional, you may have forgotten turning Fallback off?
WARNING: Shader Unsupported: 'UnityChanToonShader/NoOutline/AngelRing/ToonColor_ShadingGradeMap' - All subshaders removed
WARNING: Shader Did you use #pragma only_renderers and omit this platform?
WARNING: Shader If subshaders removal was intentional, you may have forgotten turning Fallback off?
WARNING: Shader Unsupported: 'UnityChanToonShader/Tessellation/NoOutline/ToonColor_DoubleShadeWithFeather_TransClipping' - All subshaders removed
WARNING: Shader Did you use #pragma only_renderers and omit this platform?
WARNING: Shader If subshaders removal was intentional, you may have forgotten turning Fallback off?
WARNING: Shader Unsupported: 'UnityChanToonShader/Tessellation/NoOutline/ToonColor_DoubleShadeWithFeather_TransClipping' - All subshaders removed
WARNING: Shader Did you use #pragma only_renderers and omit this platform?
WARNING: Shader If subshaders removal was intentional, you may have forgotten turning Fallback off?
WARNING: Shader Unsupported: 'UnityChanToonShader/NoOutline/AngelRing/ToonColor_ShadingGradeMap_TransClipping_StencilOut' - All subshaders removed
WARNING: Shader Did you use #pragma only_renderers and omit this platform?
WARNING: Shader If subshaders removal was intentional, you may have forgotten turning Fallback off?
WARNING: Shader Unsupported: 'UnityChanToonShader/NoOutline/AngelRing/ToonColor_ShadingGradeMap_TransClipping_StencilOut' - All subshaders removed
WARNING: Shader Did you use #pragma only_renderers and omit this platform?
WARNING: Shader If subshaders removal was intentional, you may have forgotten turning Fallback off?
WARNING: Shader Unsupported: 'UnityChanToonShader/NoOutline/ToonColor_DoubleShadeWithFeather_TransClipping_StencilOut' - All subshaders removed
WARNING: Shader Did you use #pragma only_renderers and omit this platform?
WARNING: Shader If subshaders removal was intentional, you may have forgotten turning Fallback off?
WARNING: Shader Unsupported: 'UnityChanToonShader/NoOutline/ToonColor_DoubleShadeWithFeather_TransClipping_StencilOut' - All subshaders removed
WARNING: Shader Did you use #pragma only_renderers and omit this platform?
WARNING: Shader If subshaders removal was intentional, you may have forgotten turning Fallback off?
WARNING: Shader Unsupported: 'UnityChanToonShader/Mobile/Toon_DoubleShadeWithFeather_StencilOut' - All subshaders removed
WARNING: Shader Did you use #pragma only_renderers and omit this platform?
WARNING: Shader If subshaders removal was intentional, you may have forgotten turning Fallback off?
WARNING: Shader Unsupported: 'UnityChanToonShader/Mobile/Toon_DoubleShadeWithFeather_StencilOut' - All subshaders removed
WARNING: Shader Did you use #pragma only_renderers and omit this platform?
WARNING: Shader If subshaders removal was intentional, you may have forgotten turning Fallback off?
WARNING: Shader Unsupported: 'UnityChanToonShader/Tessellation/Light/Toon_DoubleShadeWithFeather_StencilMask' - All subshaders removed
WARNING: Shader Did you use #pragma only_renderers and omit this platform?
WARNING: Shader If subshaders removal was intentional, you may have forgotten turning Fallback off?
WARNING: Shader Unsupported: 'UnityChanToonShader/Tessellation/Light/Toon_DoubleShadeWithFeather_StencilMask' - All subshaders removed
WARNING: Shader Did you use #pragma only_renderers and omit this platform?
WARNING: Shader If subshaders removal was intentional, you may have forgotten turning Fallback off?
Refreshing native plugins compatible for Editor in 32.81 ms, found 4 plugins.
Preloading 0 native plugins for Editor in 0.00 ms.
Unloading 3586 Unused Serialized files (Serialized files now loaded: 0)
Unloading 77 unused Assets / (10.6 MB). Loaded Objects now: 4059.
Memory consumption went from 165.1 MB to 154.5 MB.
Total: 35.666700 ms (FindLiveObjects: 0.407200 ms CreateObjectMapping: 0.206000 ms MarkObjects: 5.148700 ms  DeleteObjects: 29.903000 ms)

Prepare: number of updated asset objects reloaded= 0
AssetImportParameters requested are different than current active one (requested -> active):
  custom:container-demuxer-ogg: 62fdf1f143b41e24485cea50d1cbac27 -> 
  custom:video-codec-MediaFoundation-h265: 746d11721c4dcdbdad8f713fa42b33f4 -> 
  custom:video-decoder-ogg-theora: a1e56fd34408186e4bbccfd4996cb3dc -> 
  custom:framework-win-MediaFoundation: 216162199b28c13a410421893ffa2e32 -> 
  custom:CustomObjectIndexerAttribute: 9a22284fe3817be447336de3de66b15e -> 
  custom:container-demuxer-webm: 4f35f7cbe854078d1ac9338744f61a02 -> 
  custom:container-muxer-webm: aa71ff27fc2769a1b78a27578f13a17b -> 
  custom:video-decoder-webm-vp8: 9c59270c3fd7afecdb556c50c9e8de78 -> 
  custom:SearchIndexIgnoredProperties: e643bd26f0fe6173181afceb89e7c659 -> 
  custom:AudioImporter_EditorPlatform: d09bf68614088b80899f8185d706f6e7 -> 
  custom:video-encoder-webm-vp8: eb34c28f22e8b96e1ab97ce403110664 -> 
  custom:audio-decoder-ogg-vorbis: bf7c407c2cedff20999df2af8eb42d56 -> 
  custom:audio-encoder-webm-vorbis: bf7c407c2cedff20999df2af8eb42d56 -> 
========================================================================
Received Prepare
Caller must complete domain reload
Begin MonoManager ReloadAssembly
- Loaded All Assemblies, in  0.408 seconds
Native extension for WindowsStandalone target not found
Native extension for WebGL target not found
Mono: successfully reloaded assembly
- Finished resetting the current domain, in  1.994 seconds
Domain Reload Profiling: 2399ms
	BeginReloadAssembly (140ms)
		ExecutionOrderSort (0ms)
		DisableScriptedObjects (4ms)
		BackupInstance (0ms)
		ReleaseScriptingObjects (0ms)
		CreateAndSetChildDomain (25ms)
	RebuildCommonClasses (29ms)
	RebuildNativeTypeToScriptingClass (10ms)
	initialDomainReloadingComplete (31ms)
	LoadAllAssembliesAndSetupDomain (194ms)
		LoadAssemblies (260ms)
		RebuildTransferFunctionScriptingTraits (0ms)
		AnalyzeDomain (16ms)
			TypeCache.Refresh (7ms)
				TypeCache.ScanAssembly (0ms)
			ScanForSourceGeneratedMonoScriptInfo (0ms)
			ResolveRequiredComponents (7ms)
	FinalizeReload (1995ms)
		ReleaseScriptCaches (0ms)
		RebuildScriptCaches (0ms)
		SetupLoadedEditorAssemblies (802ms)
			LogAssemblyErrors (0ms)
			InitializePlatformSupportModulesInManaged (14ms)
			SetLoadedEditorAssemblies (4ms)
			RefreshPlugins (0ms)
			BeforeProcessingInitializeOnLoad (121ms)
			ProcessInitializeOnLoadAttributes (596ms)
			ProcessInitializeOnLoadMethodAttributes (51ms)
			AfterProcessingInitializeOnLoad (13ms)
			EditorAssembliesLoaded (3ms)
		ExecutionOrderSort2 (0ms)
		AwakeInstancesAfterBackupRestoration (11ms)
WARNING: Shader Unsupported: 'UnityChanToonShader/NoOutline/ToonColor_ShadingGradeMap_StencilMask' - All subshaders removed
WARNING: Shader Did you use #pragma only_renderers and omit this platform?
WARNING: Shader If subshaders removal was intentional, you may have forgotten turning Fallback off?
WARNING: Shader Unsupported: 'UnityChanToonShader/NoOutline/ToonColor_ShadingGradeMap_StencilMask' - All subshaders removed
WARNING: Shader Did you use #pragma only_renderers and omit this platform?
WARNING: Shader If subshaders removal was intentional, you may have forgotten turning Fallback off?
WARNING: Shader Unsupported: 'UnityChanToonShader/Tessellation/Light/Toon_DoubleShadeWithFeather_StencilOut' - All subshaders removed
WARNING: Shader Did you use #pragma only_renderers and omit this platform?
WARNING: Shader If subshaders removal was intentional, you may have forgotten turning Fallback off?
WARNING: Shader Unsupported: 'UnityChanToonShader/Tessellation/Light/Toon_DoubleShadeWithFeather_StencilOut' - All subshaders removed
WARNING: Shader Did you use #pragma only_renderers and omit this platform?
WARNING: Shader If subshaders removal was intentional, you may have forgotten turning Fallback off?
WARNING: Shader Unsupported: 'UnityChanToonShader/Tessellation/NoOutline/ToonColor_DoubleShadeWithFeather_StencilOut' - All subshaders removed
WARNING: Shader Did you use #pragma only_renderers and omit this platform?
WARNING: Shader If subshaders removal was intentional, you may have forgotten turning Fallback off?
WARNING: Shader Unsupported: 'UnityChanToonShader/Tessellation/NoOutline/ToonColor_DoubleShadeWithFeather_StencilOut' - All subshaders removed
WARNING: Shader Did you use #pragma only_renderers and omit this platform?
WARNING: Shader If subshaders removal was intentional, you may have forgotten turning Fallback off?
WARNING: Shader Unsupported: 'UnityChanToonShader/Mobile/Toon_DoubleShadeWithFeather_Clipping' - All subshaders removed
WARNING: Shader Did you use #pragma only_renderers and omit this platform?
WARNING: Shader If subshaders removal was intentional, you may have forgotten turning Fallback off?
WARNING: Shader Unsupported: 'UnityChanToonShader/Mobile/Toon_DoubleShadeWithFeather_Clipping' - All subshaders removed
WARNING: Shader Did you use #pragma only_renderers and omit this platform?
WARNING: Shader If subshaders removal was intentional, you may have forgotten turning Fallback off?
WARNING: Shader Unsupported: 'UnityChanToonShader/NoOutline/ToonColor_DoubleShadeWithFeather_Clipping_StencilOut' - All subshaders removed
WARNING: Shader Did you use #pragma only_renderers and omit this platform?
WARNING: Shader If subshaders removal was intentional, you may have forgotten turning Fallback off?
WARNING: Shader Unsupported: 'UnityChanToonShader/NoOutline/ToonColor_DoubleShadeWithFeather_Clipping_StencilOut' - All subshaders removed
WARNING: Shader Did you use #pragma only_renderers and omit this platform?
WARNING: Shader If subshaders removal was intentional, you may have forgotten turning Fallback off?
WARNING: Shader Unsupported: 'UnityChanToonShader/NoOutline/ToonColor_DoubleShadeWithFeather_StencilOut' - All subshaders removed
WARNING: Shader Did you use #pragma only_renderers and omit this platform?
WARNING: Shader If subshaders removal was intentional, you may have forgotten turning Fallback off?
WARNING: Shader Unsupported: 'UnityChanToonShader/NoOutline/ToonColor_DoubleShadeWithFeather_StencilOut' - All subshaders removed
WARNING: Shader Did you use #pragma only_renderers and omit this platform?
WARNING: Shader If subshaders removal was intentional, you may have forgotten turning Fallback off?
WARNING: Shader Unsupported: 'UnityChanToonShader/NoOutline/ToonColor_DoubleShadeWithFeather_StencilMask' - All subshaders removed
WARNING: Shader Did you use #pragma only_renderers and omit this platform?
WARNING: Shader If subshaders removal was intentional, you may have forgotten turning Fallback off?
WARNING: Shader Unsupported: 'UnityChanToonShader/NoOutline/ToonColor_DoubleShadeWithFeather_StencilMask' - All subshaders removed
WARNING: Shader Did you use #pragma only_renderers and omit this platform?
WARNING: Shader If subshaders removal was intentional, you may have forgotten turning Fallback off?
WARNING: Shader Unsupported: 'UnityChanToonShader/Tessellation/NoOutline/ToonColor_ShadingGradeMap' - All subshaders removed
WARNING: Shader Did you use #pragma only_renderers and omit this platform?
WARNING: Shader If subshaders removal was intentional, you may have forgotten turning Fallback off?
WARNING: Shader Unsupported: 'UnityChanToonShader/Tessellation/NoOutline/ToonColor_ShadingGradeMap' - All subshaders removed
WARNING: Shader Did you use #pragma only_renderers and omit this platform?
WARNING: Shader If subshaders removal was intentional, you may have forgotten turning Fallback off?
WARNING: Shader Unsupported: 'UnityChanToonShader/Tessellation/NoOutline/ToonColor_DoubleShadeWithFeather' - All subshaders removed
WARNING: Shader Did you use #pragma only_renderers and omit this platform?
WARNING: Shader If subshaders removal was intentional, you may have forgotten turning Fallback off?
WARNING: Shader Unsupported: 'UnityChanToonShader/Tessellation/NoOutline/ToonColor_DoubleShadeWithFeather' - All subshaders removed
WARNING: Shader Did you use #pragma only_renderers and omit this platform?
WARNING: Shader If subshaders removal was intentional, you may have forgotten turning Fallback off?
WARNING: Shader Unsupported: 'UnityChanToonShader/Mobile/Toon_ShadingGradeMap_StencilOut' - All subshaders removed
WARNING: Shader Did you use #pragma only_renderers and omit this platform?
WARNING: Shader If subshaders removal was intentional, you may have forgotten turning Fallback off?
WARNING: Shader Unsupported: 'UnityChanToonShader/Mobile/Toon_ShadingGradeMap_StencilOut' - All subshaders removed
WARNING: Shader Did you use #pragma only_renderers and omit this platform?
WARNING: Shader If subshaders removal was intentional, you may have forgotten turning Fallback off?
WARNING: Shader Unsupported: 'UnityChanToonShader/NoOutline/ToonColor_DoubleShadeWithFeather_TransClipping_StencilMask' - All subshaders removed
WARNING: Shader Did you use #pragma only_renderers and omit this platform?
WARNING: Shader If subshaders removal was intentional, you may have forgotten turning Fallback off?
WARNING: Shader Unsupported: 'UnityChanToonShader/NoOutline/ToonColor_DoubleShadeWithFeather_TransClipping_StencilMask' - All subshaders removed
WARNING: Shader Did you use #pragma only_renderers and omit this platform?
WARNING: Shader If subshaders removal was intentional, you may have forgotten turning Fallback off?
WARNING: Shader Unsupported: 'UnityChanToonShader/Tessellation/NoOutline/ToonColor_DoubleShadeWithFeather_Clipping_StencilMask' - All subshaders removed
WARNING: Shader Did you use #pragma only_renderers and omit this platform?
WARNING: Shader If subshaders removal was intentional, you may have forgotten turning Fallback off?
WARNING: Shader Unsupported: 'UnityChanToonShader/Tessellation/NoOutline/ToonColor_DoubleShadeWithFeather_Clipping_StencilMask' - All subshaders removed
WARNING: Shader Did you use #pragma only_renderers and omit this platform?
WARNING: Shader If subshaders removal was intentional, you may have forgotten turning Fallback off?
WARNING: Shader Unsupported: 'UnityChanToonShader/Mobile/Toon_DoubleShadeWithFeather' - All subshaders removed
WARNING: Shader Did you use #pragma only_renderers and omit this platform?
WARNING: Shader If subshaders removal was intentional, you may have forgotten turning Fallback off?
WARNING: Shader Unsupported: 'UnityChanToonShader/Mobile/Toon_DoubleShadeWithFeather' - All subshaders removed
WARNING: Shader Did you use #pragma only_renderers and omit this platform?
WARNING: Shader If subshaders removal was intentional, you may have forgotten turning Fallback off?
WARNING: Shader Unsupported: 'UnityChanToonShader/Mobile/Toon_DoubleShadeWithFeather_TransClipping_StencilMask' - All subshaders removed
WARNING: Shader Did you use #pragma only_renderers and omit this platform?
WARNING: Shader If subshaders removal was intentional, you may have forgotten turning Fallback off?
WARNING: Shader Unsupported: 'UnityChanToonShader/Mobile/Toon_DoubleShadeWithFeather_TransClipping_StencilMask' - All subshaders removed
WARNING: Shader Did you use #pragma only_renderers and omit this platform?
WARNING: Shader If subshaders removal was intentional, you may have forgotten turning Fallback off?
WARNING: Shader Unsupported: 'UnityChanToonShader/NoOutline/ToonColor_DoubleShadeWithFeather_Clipping_StencilMask' - All subshaders removed
WARNING: Shader Did you use #pragma only_renderers and omit this platform?
WARNING: Shader If subshaders removal was intentional, you may have forgotten turning Fallback off?
WARNING: Shader Unsupported: 'UnityChanToonShader/NoOutline/ToonColor_DoubleShadeWithFeather_Clipping_StencilMask' - All subshaders removed
WARNING: Shader Did you use #pragma only_renderers and omit this platform?
WARNING: Shader If subshaders removal was intentional, you may have forgotten turning Fallback off?
WARNING: Shader Unsupported: 'UnityChanToonShader/Tessellation/Light/AngelRing/Toon_ShadingGradeMap' - All subshaders removed
WARNING: Shader Did you use #pragma only_renderers and omit this platform?
WARNING: Shader If subshaders removal was intentional, you may have forgotten turning Fallback off?
WARNING: Shader Unsupported: 'UnityChanToonShader/Tessellation/Light/AngelRing/Toon_ShadingGradeMap' - All subshaders removed
WARNING: Shader Did you use #pragma only_renderers and omit this platform?
WARNING: Shader If subshaders removal was intentional, you may have forgotten turning Fallback off?
WARNING: Shader Unsupported: 'UnityChanToonShader/Mobile/Toon_ShadingGradeMap' - All subshaders removed
WARNING: Shader Did you use #pragma only_renderers and omit this platform?
WARNING: Shader If subshaders removal was intentional, you may have forgotten turning Fallback off?
WARNING: Shader Unsupported: 'UnityChanToonShader/Mobile/Toon_ShadingGradeMap' - All subshaders removed
WARNING: Shader Did you use #pragma only_renderers and omit this platform?
WARNING: Shader If subshaders removal was intentional, you may have forgotten turning Fallback off?
WARNING: Shader Unsupported: 'UnityChanToonShader/Mobile/Toon_DoubleShadeWithFeather_TransClipping' - All subshaders removed
WARNING: Shader Did you use #pragma only_renderers and omit this platform?
WARNING: Shader If subshaders removal was intentional, you may have forgotten turning Fallback off?
WARNING: Shader Unsupported: 'UnityChanToonShader/Mobile/Toon_DoubleShadeWithFeather_TransClipping' - All subshaders removed
WARNING: Shader Did you use #pragma only_renderers and omit this platform?
WARNING: Shader If subshaders removal was intentional, you may have forgotten turning Fallback off?
WARNING: Shader Unsupported: 'UnityChanToonShader/Tessellation/Light/Toon_DoubleShadeWithFeather' - All subshaders removed
WARNING: Shader Did you use #pragma only_renderers and omit this platform?
WARNING: Shader If subshaders removal was intentional, you may have forgotten turning Fallback off?
WARNING: Shader Unsupported: 'UnityChanToonShader/Tessellation/Light/Toon_DoubleShadeWithFeather' - All subshaders removed
WARNING: Shader Did you use #pragma only_renderers and omit this platform?
WARNING: Shader If subshaders removal was intentional, you may have forgotten turning Fallback off?
WARNING: Shader Unsupported: 'UnityChanToonShader/NoOutline/ToonColor_DoubleShadeWithFeather_TransClipping' - All subshaders removed
WARNING: Shader Did you use #pragma only_renderers and omit this platform?
WARNING: Shader If subshaders removal was intentional, you may have forgotten turning Fallback off?
WARNING: Shader Unsupported: 'UnityChanToonShader/NoOutline/ToonColor_DoubleShadeWithFeather_TransClipping' - All subshaders removed
WARNING: Shader Did you use #pragma only_renderers and omit this platform?
WARNING: Shader If subshaders removal was intentional, you may have forgotten turning Fallback off?
WARNING: Shader Unsupported: 'UnityChanToonShader/Tessellation/NoOutline/ToonColor_ShadingGradeMap_StencilOut' - All subshaders removed
WARNING: Shader Did you use #pragma only_renderers and omit this platform?
WARNING: Shader If subshaders removal was intentional, you may have forgotten turning Fallback off?
WARNING: Shader Unsupported: 'UnityChanToonShader/Tessellation/NoOutline/ToonColor_ShadingGradeMap_StencilOut' - All subshaders removed
WARNING: Shader Did you use #pragma only_renderers and omit this platform?
WARNING: Shader If subshaders removal was intentional, you may have forgotten turning Fallback off?
WARNING: Shader Unsupported: 'UnityChanToonShader/NoOutline/ToonColor_DoubleShadeWithFeather' - All subshaders removed
WARNING: Shader Did you use #pragma only_renderers and omit this platform?
WARNING: Shader If subshaders removal was intentional, you may have forgotten turning Fallback off?
WARNING: Shader Unsupported: 'UnityChanToonShader/NoOutline/ToonColor_DoubleShadeWithFeather' - All subshaders removed
WARNING: Shader Did you use #pragma only_renderers and omit this platform?
WARNING: Shader If subshaders removal was intentional, you may have forgotten turning Fallback off?
WARNING: Shader Unsupported: 'UnityChanToonShader/Mobile/AngelRing/Toon_ShadingGradeMap_StencilOut' - All subshaders removed
WARNING: Shader Did you use #pragma only_renderers and omit this platform?
WARNING: Shader If subshaders removal was intentional, you may have forgotten turning Fallback off?
WARNING: Shader Unsupported: 'UnityChanToonShader/Mobile/AngelRing/Toon_ShadingGradeMap_StencilOut' - All subshaders removed
WARNING: Shader Did you use #pragma only_renderers and omit this platform?
WARNING: Shader If subshaders removal was intentional, you may have forgotten turning Fallback off?
WARNING: Shader Unsupported: 'UnityChanToonShader/Tessellation/NoOutline/AngelRing/ToonColor_ShadingGradeMap' - All subshaders removed
WARNING: Shader Did you use #pragma only_renderers and omit this platform?
WARNING: Shader If subshaders removal was intentional, you may have forgotten turning Fallback off?
WARNING: Shader Unsupported: 'UnityChanToonShader/Tessellation/NoOutline/AngelRing/ToonColor_ShadingGradeMap' - All subshaders removed
WARNING: Shader Did you use #pragma only_renderers and omit this platform?
WARNING: Shader If subshaders removal was intentional, you may have forgotten turning Fallback off?
WARNING: Shader Unsupported: 'UnityChanToonShader/Mobile/Toon_DoubleShadeWithFeather_Clipping_StencilMask' - All subshaders removed
WARNING: Shader Did you use #pragma only_renderers and omit this platform?
WARNING: Shader If subshaders removal was intentional, you may have forgotten turning Fallback off?
WARNING: Shader Unsupported: 'UnityChanToonShader/Mobile/Toon_DoubleShadeWithFeather_Clipping_StencilMask' - All subshaders removed
WARNING: Shader Did you use #pragma only_renderers and omit this platform?
WARNING: Shader If subshaders removal was intentional, you may have forgotten turning Fallback off?
WARNING: Shader Unsupported: 'UnityChanToonShader/Mobile/Toon_ShadingGradeMap_TransClipping' - All subshaders removed
WARNING: Shader Did you use #pragma only_renderers and omit this platform?
WARNING: Shader If subshaders removal was intentional, you may have forgotten turning Fallback off?
WARNING: Shader Unsupported: 'UnityChanToonShader/Mobile/Toon_ShadingGradeMap_TransClipping' - All subshaders removed
WARNING: Shader Did you use #pragma only_renderers and omit this platform?
WARNING: Shader If subshaders removal was intentional, you may have forgotten turning Fallback off?
WARNING: Shader Unsupported: 'UnityChanToonShader/Mobile/Toon_ShadingGradeMap_StencilMask' - All subshaders removed
WARNING: Shader Did you use #pragma only_renderers and omit this platform?
WARNING: Shader If subshaders removal was intentional, you may have forgotten turning Fallback off?
WARNING: Shader Unsupported: 'UnityChanToonShader/Mobile/Toon_ShadingGradeMap_StencilMask' - All subshaders removed
WARNING: Shader Did you use #pragma only_renderers and omit this platform?
WARNING: Shader If subshaders removal was intentional, you may have forgotten turning Fallback off?
WARNING: Shader Unsupported: 'UnityChanToonShader/NoOutline/ToonColor_ShadingGradeMap_TransClipping_StencilMask' - All subshaders removed
WARNING: Shader Did you use #pragma only_renderers and omit this platform?
WARNING: Shader If subshaders removal was intentional, you may have forgotten turning Fallback off?
WARNING: Shader Unsupported: 'UnityChanToonShader/NoOutline/ToonColor_ShadingGradeMap_TransClipping_StencilMask' - All subshaders removed
WARNING: Shader Did you use #pragma only_renderers and omit this platform?
WARNING: Shader If subshaders removal was intentional, you may have forgotten turning Fallback off?
WARNING: Shader Unsupported: 'UnityChanToonShader/Tessellation/NoOutline/AngelRing/ToonColor_ShadingGradeMap_TransClipping_StencilOut' - All subshaders removed
WARNING: Shader Did you use #pragma only_renderers and omit this platform?
WARNING: Shader If subshaders removal was intentional, you may have forgotten turning Fallback off?
WARNING: Shader Unsupported: 'UnityChanToonShader/Tessellation/NoOutline/AngelRing/ToonColor_ShadingGradeMap_TransClipping_StencilOut' - All subshaders removed
WARNING: Shader Did you use #pragma only_renderers and omit this platform?
WARNING: Shader If subshaders removal was intentional, you may have forgotten turning Fallback off?
WARNING: Shader Unsupported: 'UnityChanToonShader/Mobile/Toon_DoubleShadeWithFeather_StencilMask' - All subshaders removed
WARNING: Shader Did you use #pragma only_renderers and omit this platform?
WARNING: Shader If subshaders removal was intentional, you may have forgotten turning Fallback off?
WARNING: Shader Unsupported: 'UnityChanToonShader/Mobile/Toon_DoubleShadeWithFeather_StencilMask' - All subshaders removed
WARNING: Shader Did you use #pragma only_renderers and omit this platform?
WARNING: Shader If subshaders removal was intentional, you may have forgotten turning Fallback off?
WARNING: Shader Unsupported: 'UnityChanToonShader/Tessellation/NoOutline/ToonColor_DoubleShadeWithFeather_TransClipping_StencilMask' - All subshaders removed
WARNING: Shader Did you use #pragma only_renderers and omit this platform?
WARNING: Shader If subshaders removal was intentional, you may have forgotten turning Fallback off?
WARNING: Shader Unsupported: 'UnityChanToonShader/Tessellation/NoOutline/ToonColor_DoubleShadeWithFeather_TransClipping_StencilMask' - All subshaders removed
WARNING: Shader Did you use #pragma only_renderers and omit this platform?
WARNING: Shader If subshaders removal was intentional, you may have forgotten turning Fallback off?
WARNING: Shader Unsupported: 'UnityChanToonShader/Tessellation/NoOutline/ToonColor_DoubleShadeWithFeather_Clipping' - All subshaders removed
WARNING: Shader Did you use #pragma only_renderers and omit this platform?
WARNING: Shader If subshaders removal was intentional, you may have forgotten turning Fallback off?
WARNING: Shader Unsupported: 'UnityChanToonShader/Tessellation/NoOutline/ToonColor_DoubleShadeWithFeather_Clipping' - All subshaders removed
WARNING: Shader Did you use #pragma only_renderers and omit this platform?
WARNING: Shader If subshaders removal was intentional, you may have forgotten turning Fallback off?
WARNING: Shader Unsupported: 'UnityChanToonShader/Tessellation/Light/Toon_ShadingGradeMap_StencilMask' - All subshaders removed
WARNING: Shader Did you use #pragma only_renderers and omit this platform?
WARNING: Shader If subshaders removal was intentional, you may have forgotten turning Fallback off?
WARNING: Shader Unsupported: 'UnityChanToonShader/Tessellation/Light/Toon_ShadingGradeMap_StencilMask' - All subshaders removed
WARNING: Shader Did you use #pragma only_renderers and omit this platform?
WARNING: Shader If subshaders removal was intentional, you may have forgotten turning Fallback off?
WARNING: Shader Unsupported: 'UnityChanToonShader/Tessellation/NoOutline/ToonColor_ShadingGradeMap_StencilMask' - All subshaders removed
WARNING: Shader Did you use #pragma only_renderers and omit this platform?
WARNING: Shader If subshaders removal was intentional, you may have forgotten turning Fallback off?
WARNING: Shader Unsupported: 'UnityChanToonShader/Tessellation/NoOutline/ToonColor_ShadingGradeMap_StencilMask' - All subshaders removed
WARNING: Shader Did you use #pragma only_renderers and omit this platform?
WARNING: Shader If subshaders removal was intentional, you may have forgotten turning Fallback off?
WARNING: Shader Unsupported: 'UnityChanToonShader/Tessellation/NoOutline/AngelRing/ToonColor_ShadingGradeMap_StencilOut' - All subshaders removed
WARNING: Shader Did you use #pragma only_renderers and omit this platform?
WARNING: Shader If subshaders removal was intentional, you may have forgotten turning Fallback off?
WARNING: Shader Unsupported: 'UnityChanToonShader/Tessellation/NoOutline/AngelRing/ToonColor_ShadingGradeMap_StencilOut' - All subshaders removed
WARNING: Shader Did you use #pragma only_renderers and omit this platform?
WARNING: Shader If subshaders removal was intentional, you may have forgotten turning Fallback off?
WARNING: Shader Unsupported: 'UnityChanToonShader/NoOutline/ToonColor_ShadingGradeMap_StencilOut' - All subshaders removed
WARNING: Shader Did you use #pragma only_renderers and omit this platform?
WARNING: Shader If subshaders removal was intentional, you may have forgotten turning Fallback off?
WARNING: Shader Unsupported: 'UnityChanToonShader/NoOutline/ToonColor_ShadingGradeMap_StencilOut' - All subshaders removed
WARNING: Shader Did you use #pragma only_renderers and omit this platform?
WARNING: Shader If subshaders removal was intentional, you may have forgotten turning Fallback off?
WARNING: Shader Unsupported: 'UnityChanToonShader/NoOutline/ToonColor_ShadingGradeMap' - All subshaders removed
WARNING: Shader Did you use #pragma only_renderers and omit this platform?
WARNING: Shader If subshaders removal was intentional, you may have forgotten turning Fallback off?
WARNING: Shader Unsupported: 'UnityChanToonShader/NoOutline/ToonColor_ShadingGradeMap' - All subshaders removed
WARNING: Shader Did you use #pragma only_renderers and omit this platform?
WARNING: Shader If subshaders removal was intentional, you may have forgotten turning Fallback off?
WARNING: Shader Unsupported: 'UnityChanToonShader/NoOutline/ToonColor_DoubleShadeWithFeather_Clipping' - All subshaders removed
WARNING: Shader Did you use #pragma only_renderers and omit this platform?
WARNING: Shader If subshaders removal was intentional, you may have forgotten turning Fallback off?
WARNING: Shader Unsupported: 'UnityChanToonShader/NoOutline/ToonColor_DoubleShadeWithFeather_Clipping' - All subshaders removed
WARNING: Shader Did you use #pragma only_renderers and omit this platform?
WARNING: Shader If subshaders removal was intentional, you may have forgotten turning Fallback off?
WARNING: Shader Unsupported: 'UnityChanToonShader/NoOutline/ToonColor_ShadingGradeMap_TransClipping_StencilOut' - All subshaders removed
WARNING: Shader Did you use #pragma only_renderers and omit this platform?
WARNING: Shader If subshaders removal was intentional, you may have forgotten turning Fallback off?
WARNING: Shader Unsupported: 'UnityChanToonShader/NoOutline/ToonColor_ShadingGradeMap_TransClipping_StencilOut' - All subshaders removed
WARNING: Shader Did you use #pragma only_renderers and omit this platform?
WARNING: Shader If subshaders removal was intentional, you may have forgotten turning Fallback off?
WARNING: Shader Unsupported: 'UnityChanToonShader/Tessellation/NoOutline/ToonColor_DoubleShadeWithFeather_TransClipping_StencilOut' - All subshaders removed
WARNING: Shader Did you use #pragma only_renderers and omit this platform?
WARNING: Shader If subshaders removal was intentional, you may have forgotten turning Fallback off?
WARNING: Shader Unsupported: 'UnityChanToonShader/Tessellation/NoOutline/ToonColor_DoubleShadeWithFeather_TransClipping_StencilOut' - All subshaders removed
WARNING: Shader Did you use #pragma only_renderers and omit this platform?
WARNING: Shader If subshaders removal was intentional, you may have forgotten turning Fallback off?
WARNING: Shader Unsupported: 'UnityChanToonShader/Tessellation/NoOutline/ToonColor_DoubleShadeWithFeather_Clipping_StencilOut' - All subshaders removed
WARNING: Shader Did you use #pragma only_renderers and omit this platform?
WARNING: Shader If subshaders removal was intentional, you may have forgotten turning Fallback off?
WARNING: Shader Unsupported: 'UnityChanToonShader/Tessellation/NoOutline/ToonColor_DoubleShadeWithFeather_Clipping_StencilOut' - All subshaders removed
WARNING: Shader Did you use #pragma only_renderers and omit this platform?
WARNING: Shader If subshaders removal was intentional, you may have forgotten turning Fallback off?
WARNING: Shader Unsupported: 'UnityChanToonShader/Tessellation/NoOutline/ToonColor_ShadingGradeMap_TransClipping' - All subshaders removed
WARNING: Shader Did you use #pragma only_renderers and omit this platform?
WARNING: Shader If subshaders removal was intentional, you may have forgotten turning Fallback off?
WARNING: Shader Unsupported: 'UnityChanToonShader/Tessellation/NoOutline/ToonColor_ShadingGradeMap_TransClipping' - All subshaders removed
WARNING: Shader Did you use #pragma only_renderers and omit this platform?
WARNING: Shader If subshaders removal was intentional, you may have forgotten turning Fallback off?
WARNING: Shader Unsupported: 'UnityChanToonShader/Tessellation/Light/Toon_ShadingGradeMap_StencilOut' - All subshaders removed
WARNING: Shader Did you use #pragma only_renderers and omit this platform?
WARNING: Shader If subshaders removal was intentional, you may have forgotten turning Fallback off?
WARNING: Shader Unsupported: 'UnityChanToonShader/Tessellation/Light/Toon_ShadingGradeMap_StencilOut' - All subshaders removed
WARNING: Shader Did you use #pragma only_renderers and omit this platform?
WARNING: Shader If subshaders removal was intentional, you may have forgotten turning Fallback off?
WARNING: Shader Unsupported: 'UnityChanToonShader/Mobile/AngelRing/Toon_ShadingGradeMap' - All subshaders removed
WARNING: Shader Did you use #pragma only_renderers and omit this platform?
WARNING: Shader If subshaders removal was intentional, you may have forgotten turning Fallback off?
WARNING: Shader Unsupported: 'UnityChanToonShader/Mobile/AngelRing/Toon_ShadingGradeMap' - All subshaders removed
WARNING: Shader Did you use #pragma only_renderers and omit this platform?
WARNING: Shader If subshaders removal was intentional, you may have forgotten turning Fallback off?
WARNING: Shader Unsupported: 'UnityChanToonShader/Tessellation/Light/AngelRing/Toon_ShadingGradeMap_StencilOut' - All subshaders removed
WARNING: Shader Did you use #pragma only_renderers and omit this platform?
WARNING: Shader If subshaders removal was intentional, you may have forgotten turning Fallback off?
WARNING: Shader Unsupported: 'UnityChanToonShader/Tessellation/Light/AngelRing/Toon_ShadingGradeMap_StencilOut' - All subshaders removed
WARNING: Shader Did you use #pragma only_renderers and omit this platform?
WARNING: Shader If subshaders removal was intentional, you may have forgotten turning Fallback off?
WARNING: Shader Unsupported: 'UnityChanToonShader/Tessellation/NoOutline/AngelRing/ToonColor_ShadingGradeMap_TransClipping' - All subshaders removed
WARNING: Shader Did you use #pragma only_renderers and omit this platform?
WARNING: Shader If subshaders removal was intentional, you may have forgotten turning Fallback off?
WARNING: Shader Unsupported: 'UnityChanToonShader/Tessellation/NoOutline/AngelRing/ToonColor_ShadingGradeMap_TransClipping' - All subshaders removed
WARNING: Shader Did you use #pragma only_renderers and omit this platform?
WARNING: Shader If subshaders removal was intentional, you may have forgotten turning Fallback off?
WARNING: Shader Unsupported: 'UnityChanToonShader/NoOutline/AngelRing/ToonColor_ShadingGradeMap_TransClipping' - All subshaders removed
WARNING: Shader Did you use #pragma only_renderers and omit this platform?
WARNING: Shader If subshaders removal was intentional, you may have forgotten turning Fallback off?
WARNING: Shader Unsupported: 'UnityChanToonShader/NoOutline/AngelRing/ToonColor_ShadingGradeMap_TransClipping' - All subshaders removed
WARNING: Shader Did you use #pragma only_renderers and omit this platform?
WARNING: Shader If subshaders removal was intentional, you may have forgotten turning Fallback off?
WARNING: Shader Unsupported: 'UnityChanToonShader/Mobile/Toon_ShadingGradeMap_TransClipping_StencilMask' - All subshaders removed
WARNING: Shader Did you use #pragma only_renderers and omit this platform?
WARNING: Shader If subshaders removal was intentional, you may have forgotten turning Fallback off?
WARNING: Shader Unsupported: 'UnityChanToonShader/Mobile/Toon_ShadingGradeMap_TransClipping_StencilMask' - All subshaders removed
WARNING: Shader Did you use #pragma only_renderers and omit this platform?
WARNING: Shader If subshaders removal was intentional, you may have forgotten turning Fallback off?
WARNING: Shader Unsupported: 'UnityChanToonShader/NoOutline/ToonColor_ShadingGradeMap_TransClipping' - All subshaders removed
WARNING: Shader Did you use #pragma only_renderers and omit this platform?
WARNING: Shader If subshaders removal was intentional, you may have forgotten turning Fallback off?
WARNING: Shader Unsupported: 'UnityChanToonShader/NoOutline/ToonColor_ShadingGradeMap_TransClipping' - All subshaders removed
WARNING: Shader Did you use #pragma only_renderers and omit this platform?
WARNING: Shader If subshaders removal was intentional, you may have forgotten turning Fallback off?
WARNING: Shader Unsupported: 'UnityChanToonShader/NoOutline/AngelRing/ToonColor_ShadingGradeMap_StencilOut' - All subshaders removed
WARNING: Shader Did you use #pragma only_renderers and omit this platform?
WARNING: Shader If subshaders removal was intentional, you may have forgotten turning Fallback off?
WARNING: Shader Unsupported: 'UnityChanToonShader/NoOutline/AngelRing/ToonColor_ShadingGradeMap_StencilOut' - All subshaders removed
WARNING: Shader Did you use #pragma only_renderers and omit this platform?
WARNING: Shader If subshaders removal was intentional, you may have forgotten turning Fallback off?
WARNING: Shader Unsupported: 'UnityChanToonShader/Tessellation/NoOutline/ToonColor_ShadingGradeMap_TransClipping_StencilMask' - All subshaders removed
WARNING: Shader Did you use #pragma only_renderers and omit this platform?
WARNING: Shader If subshaders removal was intentional, you may have forgotten turning Fallback off?
WARNING: Shader Unsupported: 'UnityChanToonShader/Tessellation/NoOutline/ToonColor_ShadingGradeMap_TransClipping_StencilMask' - All subshaders removed
WARNING: Shader Did you use #pragma only_renderers and omit this platform?
WARNING: Shader If subshaders removal was intentional, you may have forgotten turning Fallback off?
WARNING: Shader Unsupported: 'UnityChanToonShader/Tessellation/Light/Toon_ShadingGradeMap' - All subshaders removed
WARNING: Shader Did you use #pragma only_renderers and omit this platform?
WARNING: Shader If subshaders removal was intentional, you may have forgotten turning Fallback off?
WARNING: Shader Unsupported: 'UnityChanToonShader/Tessellation/Light/Toon_ShadingGradeMap' - All subshaders removed
WARNING: Shader Did you use #pragma only_renderers and omit this platform?
WARNING: Shader If subshaders removal was intentional, you may have forgotten turning Fallback off?
WARNING: Shader Unsupported: 'UnityChanToonShader/Tessellation/NoOutline/ToonColor_ShadingGradeMap_TransClipping_StencilOut' - All subshaders removed
WARNING: Shader Did you use #pragma only_renderers and omit this platform?
WARNING: Shader If subshaders removal was intentional, you may have forgotten turning Fallback off?
WARNING: Shader Unsupported: 'UnityChanToonShader/Tessellation/NoOutline/ToonColor_ShadingGradeMap_TransClipping_StencilOut' - All subshaders removed
WARNING: Shader Did you use #pragma only_renderers and omit this platform?
WARNING: Shader If subshaders removal was intentional, you may have forgotten turning Fallback off?
WARNING: Shader Unsupported: 'UnityChanToonShader/Tessellation/NoOutline/ToonColor_DoubleShadeWithFeather_StencilMask' - All subshaders removed
WARNING: Shader Did you use #pragma only_renderers and omit this platform?
WARNING: Shader If subshaders removal was intentional, you may have forgotten turning Fallback off?
WARNING: Shader Unsupported: 'UnityChanToonShader/Tessellation/NoOutline/ToonColor_DoubleShadeWithFeather_StencilMask' - All subshaders removed
WARNING: Shader Did you use #pragma only_renderers and omit this platform?
WARNING: Shader If subshaders removal was intentional, you may have forgotten turning Fallback off?
WARNING: Shader Unsupported: 'UnityChanToonShader/NoOutline/AngelRing/ToonColor_ShadingGradeMap' - All subshaders removed
WARNING: Shader Did you use #pragma only_renderers and omit this platform?
WARNING: Shader If subshaders removal was intentional, you may have forgotten turning Fallback off?
WARNING: Shader Unsupported: 'UnityChanToonShader/NoOutline/AngelRing/ToonColor_ShadingGradeMap' - All subshaders removed
WARNING: Shader Did you use #pragma only_renderers and omit this platform?
WARNING: Shader If subshaders removal was intentional, you may have forgotten turning Fallback off?
WARNING: Shader Unsupported: 'UnityChanToonShader/Tessellation/NoOutline/ToonColor_DoubleShadeWithFeather_TransClipping' - All subshaders removed
WARNING: Shader Did you use #pragma only_renderers and omit this platform?
WARNING: Shader If subshaders removal was intentional, you may have forgotten turning Fallback off?
WARNING: Shader Unsupported: 'UnityChanToonShader/Tessellation/NoOutline/ToonColor_DoubleShadeWithFeather_TransClipping' - All subshaders removed
WARNING: Shader Did you use #pragma only_renderers and omit this platform?
WARNING: Shader If subshaders removal was intentional, you may have forgotten turning Fallback off?
WARNING: Shader Unsupported: 'UnityChanToonShader/NoOutline/AngelRing/ToonColor_ShadingGradeMap_TransClipping_StencilOut' - All subshaders removed
WARNING: Shader Did you use #pragma only_renderers and omit this platform?
WARNING: Shader If subshaders removal was intentional, you may have forgotten turning Fallback off?
WARNING: Shader Unsupported: 'UnityChanToonShader/NoOutline/AngelRing/ToonColor_ShadingGradeMap_TransClipping_StencilOut' - All subshaders removed
WARNING: Shader Did you use #pragma only_renderers and omit this platform?
WARNING: Shader If subshaders removal was intentional, you may have forgotten turning Fallback off?
WARNING: Shader Unsupported: 'UnityChanToonShader/NoOutline/ToonColor_DoubleShadeWithFeather_TransClipping_StencilOut' - All subshaders removed
WARNING: Shader Did you use #pragma only_renderers and omit this platform?
WARNING: Shader If subshaders removal was intentional, you may have forgotten turning Fallback off?
WARNING: Shader Unsupported: 'UnityChanToonShader/NoOutline/ToonColor_DoubleShadeWithFeather_TransClipping_StencilOut' - All subshaders removed
WARNING: Shader Did you use #pragma only_renderers and omit this platform?
WARNING: Shader If subshaders removal was intentional, you may have forgotten turning Fallback off?
WARNING: Shader Unsupported: 'UnityChanToonShader/Mobile/Toon_DoubleShadeWithFeather_StencilOut' - All subshaders removed
WARNING: Shader Did you use #pragma only_renderers and omit this platform?
WARNING: Shader If subshaders removal was intentional, you may have forgotten turning Fallback off?
WARNING: Shader Unsupported: 'UnityChanToonShader/Mobile/Toon_DoubleShadeWithFeather_StencilOut' - All subshaders removed
WARNING: Shader Did you use #pragma only_renderers and omit this platform?
WARNING: Shader If subshaders removal was intentional, you may have forgotten turning Fallback off?
WARNING: Shader Unsupported: 'UnityChanToonShader/Tessellation/Light/Toon_DoubleShadeWithFeather_StencilMask' - All subshaders removed
WARNING: Shader Did you use #pragma only_renderers and omit this platform?
WARNING: Shader If subshaders removal was intentional, you may have forgotten turning Fallback off?
WARNING: Shader Unsupported: 'UnityChanToonShader/Tessellation/Light/Toon_DoubleShadeWithFeather_StencilMask' - All subshaders removed
WARNING: Shader Did you use #pragma only_renderers and omit this platform?
WARNING: Shader If subshaders removal was intentional, you may have forgotten turning Fallback off?
Refreshing native plugins compatible for Editor in 22.90 ms, found 4 plugins.
Preloading 0 native plugins for Editor in 0.00 ms.
Unloading 3586 Unused Serialized files (Serialized files now loaded: 0)
Unloading 77 unused Assets / (10.6 MB). Loaded Objects now: 4063.
Memory consumption went from 165.1 MB to 154.5 MB.
Total: 16.025100 ms (FindLiveObjects: 0.316200 ms CreateObjectMapping: 0.111600 ms MarkObjects: 3.210900 ms  DeleteObjects: 12.385300 ms)

Prepare: number of updated asset objects reloaded= 0
AssetImportParameters requested are different than current active one (requested -> active):
  custom:container-demuxer-ogg: 62fdf1f143b41e24485cea50d1cbac27 -> 
  custom:video-codec-MediaFoundation-h265: 746d11721c4dcdbdad8f713fa42b33f4 -> 
  custom:video-decoder-ogg-theora: a1e56fd34408186e4bbccfd4996cb3dc -> 
  custom:framework-win-MediaFoundation: 216162199b28c13a410421893ffa2e32 -> 
  custom:CustomObjectIndexerAttribute: 9a22284fe3817be447336de3de66b15e -> 
  custom:container-demuxer-webm: 4f35f7cbe854078d1ac9338744f61a02 -> 
  custom:container-muxer-webm: aa71ff27fc2769a1b78a27578f13a17b -> 
  custom:video-decoder-webm-vp8: 9c59270c3fd7afecdb556c50c9e8de78 -> 
  custom:SearchIndexIgnoredProperties: e643bd26f0fe6173181afceb89e7c659 -> 
  custom:AudioImporter_EditorPlatform: d09bf68614088b80899f8185d706f6e7 -> 
  custom:video-encoder-webm-vp8: eb34c28f22e8b96e1ab97ce403110664 -> 
  custom:audio-decoder-ogg-vorbis: bf7c407c2cedff20999df2af8eb42d56 -> 
  custom:audio-encoder-webm-vorbis: bf7c407c2cedff20999df2af8eb42d56 -> 
========================================================================
Received Prepare
Caller must complete domain reload
Begin MonoManager ReloadAssembly
- Loaded All Assemblies, in  0.497 seconds
Native extension for WindowsStandalone target not found
Native extension for WebGL target not found
Mono: successfully reloaded assembly
- Finished resetting the current domain, in  1.969 seconds
Domain Reload Profiling: 2463ms
	BeginReloadAssembly (142ms)
		ExecutionOrderSort (0ms)
		DisableScriptedObjects (4ms)
		BackupInstance (0ms)
		ReleaseScriptingObjects (0ms)
		CreateAndSetChildDomain (26ms)
	RebuildCommonClasses (28ms)
	RebuildNativeTypeToScriptingClass (9ms)
	initialDomainReloadingComplete (30ms)
	LoadAllAssembliesAndSetupDomain (285ms)
		LoadAssemblies (338ms)
		RebuildTransferFunctionScriptingTraits (0ms)
		AnalyzeDomain (28ms)
			TypeCache.Refresh (9ms)
				TypeCache.ScanAssembly (0ms)
			ScanForSourceGeneratedMonoScriptInfo (12ms)
			ResolveRequiredComponents (5ms)
	FinalizeReload (1970ms)
		ReleaseScriptCaches (0ms)
		RebuildScriptCaches (0ms)
		SetupLoadedEditorAssemblies (333ms)
			LogAssemblyErrors (0ms)
			InitializePlatformSupportModulesInManaged (7ms)
			SetLoadedEditorAssemblies (2ms)
			RefreshPlugins (0ms)
			BeforeProcessingInitializeOnLoad (48ms)
			ProcessInitializeOnLoadAttributes (249ms)
			ProcessInitializeOnLoadMethodAttributes (20ms)
			AfterProcessingInitializeOnLoad (8ms)
			EditorAssembliesLoaded (0ms)
		ExecutionOrderSort2 (0ms)
		AwakeInstancesAfterBackupRestoration (9ms)
WARNING: Shader Unsupported: 'UnityChanToonShader/NoOutline/ToonColor_ShadingGradeMap_StencilMask' - All subshaders removed
WARNING: Shader Did you use #pragma only_renderers and omit this platform?
WARNING: Shader If subshaders removal was intentional, you may have forgotten turning Fallback off?
WARNING: Shader Unsupported: 'UnityChanToonShader/NoOutline/ToonColor_ShadingGradeMap_StencilMask' - All subshaders removed
WARNING: Shader Did you use #pragma only_renderers and omit this platform?
WARNING: Shader If subshaders removal was intentional, you may have forgotten turning Fallback off?
WARNING: Shader Unsupported: 'UnityChanToonShader/Tessellation/Light/Toon_DoubleShadeWithFeather_StencilOut' - All subshaders removed
WARNING: Shader Did you use #pragma only_renderers and omit this platform?
WARNING: Shader If subshaders removal was intentional, you may have forgotten turning Fallback off?
WARNING: Shader Unsupported: 'UnityChanToonShader/Tessellation/Light/Toon_DoubleShadeWithFeather_StencilOut' - All subshaders removed
WARNING: Shader Did you use #pragma only_renderers and omit this platform?
WARNING: Shader If subshaders removal was intentional, you may have forgotten turning Fallback off?
WARNING: Shader Unsupported: 'UnityChanToonShader/Tessellation/NoOutline/ToonColor_DoubleShadeWithFeather_StencilOut' - All subshaders removed
WARNING: Shader Did you use #pragma only_renderers and omit this platform?
WARNING: Shader If subshaders removal was intentional, you may have forgotten turning Fallback off?
WARNING: Shader Unsupported: 'UnityChanToonShader/Tessellation/NoOutline/ToonColor_DoubleShadeWithFeather_StencilOut' - All subshaders removed
WARNING: Shader Did you use #pragma only_renderers and omit this platform?
WARNING: Shader If subshaders removal was intentional, you may have forgotten turning Fallback off?
WARNING: Shader Unsupported: 'UnityChanToonShader/Mobile/Toon_DoubleShadeWithFeather_Clipping' - All subshaders removed
WARNING: Shader Did you use #pragma only_renderers and omit this platform?
WARNING: Shader If subshaders removal was intentional, you may have forgotten turning Fallback off?
WARNING: Shader Unsupported: 'UnityChanToonShader/Mobile/Toon_DoubleShadeWithFeather_Clipping' - All subshaders removed
WARNING: Shader Did you use #pragma only_renderers and omit this platform?
WARNING: Shader If subshaders removal was intentional, you may have forgotten turning Fallback off?
WARNING: Shader Unsupported: 'UnityChanToonShader/NoOutline/ToonColor_DoubleShadeWithFeather_Clipping_StencilOut' - All subshaders removed
WARNING: Shader Did you use #pragma only_renderers and omit this platform?
WARNING: Shader If subshaders removal was intentional, you may have forgotten turning Fallback off?
WARNING: Shader Unsupported: 'UnityChanToonShader/NoOutline/ToonColor_DoubleShadeWithFeather_Clipping_StencilOut' - All subshaders removed
WARNING: Shader Did you use #pragma only_renderers and omit this platform?
WARNING: Shader If subshaders removal was intentional, you may have forgotten turning Fallback off?
WARNING: Shader Unsupported: 'UnityChanToonShader/NoOutline/ToonColor_DoubleShadeWithFeather_StencilOut' - All subshaders removed
WARNING: Shader Did you use #pragma only_renderers and omit this platform?
WARNING: Shader If subshaders removal was intentional, you may have forgotten turning Fallback off?
WARNING: Shader Unsupported: 'UnityChanToonShader/NoOutline/ToonColor_DoubleShadeWithFeather_StencilOut' - All subshaders removed
WARNING: Shader Did you use #pragma only_renderers and omit this platform?
WARNING: Shader If subshaders removal was intentional, you may have forgotten turning Fallback off?
WARNING: Shader Unsupported: 'UnityChanToonShader/NoOutline/ToonColor_DoubleShadeWithFeather_StencilMask' - All subshaders removed
WARNING: Shader Did you use #pragma only_renderers and omit this platform?
WARNING: Shader If subshaders removal was intentional, you may have forgotten turning Fallback off?
WARNING: Shader Unsupported: 'UnityChanToonShader/NoOutline/ToonColor_DoubleShadeWithFeather_StencilMask' - All subshaders removed
WARNING: Shader Did you use #pragma only_renderers and omit this platform?
WARNING: Shader If subshaders removal was intentional, you may have forgotten turning Fallback off?
WARNING: Shader Unsupported: 'UnityChanToonShader/Tessellation/NoOutline/ToonColor_ShadingGradeMap' - All subshaders removed
WARNING: Shader Did you use #pragma only_renderers and omit this platform?
WARNING: Shader If subshaders removal was intentional, you may have forgotten turning Fallback off?
WARNING: Shader Unsupported: 'UnityChanToonShader/Tessellation/NoOutline/ToonColor_ShadingGradeMap' - All subshaders removed
WARNING: Shader Did you use #pragma only_renderers and omit this platform?
WARNING: Shader If subshaders removal was intentional, you may have forgotten turning Fallback off?
WARNING: Shader Unsupported: 'UnityChanToonShader/Tessellation/NoOutline/ToonColor_DoubleShadeWithFeather' - All subshaders removed
WARNING: Shader Did you use #pragma only_renderers and omit this platform?
WARNING: Shader If subshaders removal was intentional, you may have forgotten turning Fallback off?
WARNING: Shader Unsupported: 'UnityChanToonShader/Tessellation/NoOutline/ToonColor_DoubleShadeWithFeather' - All subshaders removed
WARNING: Shader Did you use #pragma only_renderers and omit this platform?
WARNING: Shader If subshaders removal was intentional, you may have forgotten turning Fallback off?
WARNING: Shader Unsupported: 'UnityChanToonShader/Mobile/Toon_ShadingGradeMap_StencilOut' - All subshaders removed
WARNING: Shader Did you use #pragma only_renderers and omit this platform?
WARNING: Shader If subshaders removal was intentional, you may have forgotten turning Fallback off?
WARNING: Shader Unsupported: 'UnityChanToonShader/Mobile/Toon_ShadingGradeMap_StencilOut' - All subshaders removed
WARNING: Shader Did you use #pragma only_renderers and omit this platform?
WARNING: Shader If subshaders removal was intentional, you may have forgotten turning Fallback off?
WARNING: Shader Unsupported: 'UnityChanToonShader/NoOutline/ToonColor_DoubleShadeWithFeather_TransClipping_StencilMask' - All subshaders removed
WARNING: Shader Did you use #pragma only_renderers and omit this platform?
WARNING: Shader If subshaders removal was intentional, you may have forgotten turning Fallback off?
WARNING: Shader Unsupported: 'UnityChanToonShader/NoOutline/ToonColor_DoubleShadeWithFeather_TransClipping_StencilMask' - All subshaders removed
WARNING: Shader Did you use #pragma only_renderers and omit this platform?
WARNING: Shader If subshaders removal was intentional, you may have forgotten turning Fallback off?
WARNING: Shader Unsupported: 'UnityChanToonShader/Tessellation/NoOutline/ToonColor_DoubleShadeWithFeather_Clipping_StencilMask' - All subshaders removed
WARNING: Shader Did you use #pragma only_renderers and omit this platform?
WARNING: Shader If subshaders removal was intentional, you may have forgotten turning Fallback off?
WARNING: Shader Unsupported: 'UnityChanToonShader/Tessellation/NoOutline/ToonColor_DoubleShadeWithFeather_Clipping_StencilMask' - All subshaders removed
WARNING: Shader Did you use #pragma only_renderers and omit this platform?
WARNING: Shader If subshaders removal was intentional, you may have forgotten turning Fallback off?
WARNING: Shader Unsupported: 'UnityChanToonShader/Mobile/Toon_DoubleShadeWithFeather' - All subshaders removed
WARNING: Shader Did you use #pragma only_renderers and omit this platform?
WARNING: Shader If subshaders removal was intentional, you may have forgotten turning Fallback off?
WARNING: Shader Unsupported: 'UnityChanToonShader/Mobile/Toon_DoubleShadeWithFeather' - All subshaders removed
WARNING: Shader Did you use #pragma only_renderers and omit this platform?
WARNING: Shader If subshaders removal was intentional, you may have forgotten turning Fallback off?
WARNING: Shader Unsupported: 'UnityChanToonShader/Mobile/Toon_DoubleShadeWithFeather_TransClipping_StencilMask' - All subshaders removed
WARNING: Shader Did you use #pragma only_renderers and omit this platform?
WARNING: Shader If subshaders removal was intentional, you may have forgotten turning Fallback off?
WARNING: Shader Unsupported: 'UnityChanToonShader/Mobile/Toon_DoubleShadeWithFeather_TransClipping_StencilMask' - All subshaders removed
WARNING: Shader Did you use #pragma only_renderers and omit this platform?
WARNING: Shader If subshaders removal was intentional, you may have forgotten turning Fallback off?
WARNING: Shader Unsupported: 'UnityChanToonShader/NoOutline/ToonColor_DoubleShadeWithFeather_Clipping_StencilMask' - All subshaders removed
WARNING: Shader Did you use #pragma only_renderers and omit this platform?
WARNING: Shader If subshaders removal was intentional, you may have forgotten turning Fallback off?
WARNING: Shader Unsupported: 'UnityChanToonShader/NoOutline/ToonColor_DoubleShadeWithFeather_Clipping_StencilMask' - All subshaders removed
WARNING: Shader Did you use #pragma only_renderers and omit this platform?
WARNING: Shader If subshaders removal was intentional, you may have forgotten turning Fallback off?
WARNING: Shader Unsupported: 'UnityChanToonShader/Tessellation/Light/AngelRing/Toon_ShadingGradeMap' - All subshaders removed
WARNING: Shader Did you use #pragma only_renderers and omit this platform?
WARNING: Shader If subshaders removal was intentional, you may have forgotten turning Fallback off?
WARNING: Shader Unsupported: 'UnityChanToonShader/Tessellation/Light/AngelRing/Toon_ShadingGradeMap' - All subshaders removed
WARNING: Shader Did you use #pragma only_renderers and omit this platform?
WARNING: Shader If subshaders removal was intentional, you may have forgotten turning Fallback off?
WARNING: Shader Unsupported: 'UnityChanToonShader/Mobile/Toon_ShadingGradeMap' - All subshaders removed
WARNING: Shader Did you use #pragma only_renderers and omit this platform?
WARNING: Shader If subshaders removal was intentional, you may have forgotten turning Fallback off?
WARNING: Shader Unsupported: 'UnityChanToonShader/Mobile/Toon_ShadingGradeMap' - All subshaders removed
WARNING: Shader Did you use #pragma only_renderers and omit this platform?
WARNING: Shader If subshaders removal was intentional, you may have forgotten turning Fallback off?
WARNING: Shader Unsupported: 'UnityChanToonShader/Mobile/Toon_DoubleShadeWithFeather_TransClipping' - All subshaders removed
WARNING: Shader Did you use #pragma only_renderers and omit this platform?
WARNING: Shader If subshaders removal was intentional, you may have forgotten turning Fallback off?
WARNING: Shader Unsupported: 'UnityChanToonShader/Mobile/Toon_DoubleShadeWithFeather_TransClipping' - All subshaders removed
WARNING: Shader Did you use #pragma only_renderers and omit this platform?
WARNING: Shader If subshaders removal was intentional, you may have forgotten turning Fallback off?
WARNING: Shader Unsupported: 'UnityChanToonShader/Tessellation/Light/Toon_DoubleShadeWithFeather' - All subshaders removed
WARNING: Shader Did you use #pragma only_renderers and omit this platform?
WARNING: Shader If subshaders removal was intentional, you may have forgotten turning Fallback off?
WARNING: Shader Unsupported: 'UnityChanToonShader/Tessellation/Light/Toon_DoubleShadeWithFeather' - All subshaders removed
WARNING: Shader Did you use #pragma only_renderers and omit this platform?
WARNING: Shader If subshaders removal was intentional, you may have forgotten turning Fallback off?
WARNING: Shader Unsupported: 'UnityChanToonShader/NoOutline/ToonColor_DoubleShadeWithFeather_TransClipping' - All subshaders removed
WARNING: Shader Did you use #pragma only_renderers and omit this platform?
WARNING: Shader If subshaders removal was intentional, you may have forgotten turning Fallback off?
WARNING: Shader Unsupported: 'UnityChanToonShader/NoOutline/ToonColor_DoubleShadeWithFeather_TransClipping' - All subshaders removed
WARNING: Shader Did you use #pragma only_renderers and omit this platform?
WARNING: Shader If subshaders removal was intentional, you may have forgotten turning Fallback off?
WARNING: Shader Unsupported: 'UnityChanToonShader/Tessellation/NoOutline/ToonColor_ShadingGradeMap_StencilOut' - All subshaders removed
WARNING: Shader Did you use #pragma only_renderers and omit this platform?
WARNING: Shader If subshaders removal was intentional, you may have forgotten turning Fallback off?
WARNING: Shader Unsupported: 'UnityChanToonShader/Tessellation/NoOutline/ToonColor_ShadingGradeMap_StencilOut' - All subshaders removed
WARNING: Shader Did you use #pragma only_renderers and omit this platform?
WARNING: Shader If subshaders removal was intentional, you may have forgotten turning Fallback off?
WARNING: Shader Unsupported: 'UnityChanToonShader/NoOutline/ToonColor_DoubleShadeWithFeather' - All subshaders removed
WARNING: Shader Did you use #pragma only_renderers and omit this platform?
WARNING: Shader If subshaders removal was intentional, you may have forgotten turning Fallback off?
WARNING: Shader Unsupported: 'UnityChanToonShader/NoOutline/ToonColor_DoubleShadeWithFeather' - All subshaders removed
WARNING: Shader Did you use #pragma only_renderers and omit this platform?
WARNING: Shader If subshaders removal was intentional, you may have forgotten turning Fallback off?
WARNING: Shader Unsupported: 'UnityChanToonShader/Mobile/AngelRing/Toon_ShadingGradeMap_StencilOut' - All subshaders removed
WARNING: Shader Did you use #pragma only_renderers and omit this platform?
WARNING: Shader If subshaders removal was intentional, you may have forgotten turning Fallback off?
WARNING: Shader Unsupported: 'UnityChanToonShader/Mobile/AngelRing/Toon_ShadingGradeMap_StencilOut' - All subshaders removed
WARNING: Shader Did you use #pragma only_renderers and omit this platform?
WARNING: Shader If subshaders removal was intentional, you may have forgotten turning Fallback off?
WARNING: Shader Unsupported: 'UnityChanToonShader/Tessellation/NoOutline/AngelRing/ToonColor_ShadingGradeMap' - All subshaders removed
WARNING: Shader Did you use #pragma only_renderers and omit this platform?
WARNING: Shader If subshaders removal was intentional, you may have forgotten turning Fallback off?
WARNING: Shader Unsupported: 'UnityChanToonShader/Tessellation/NoOutline/AngelRing/ToonColor_ShadingGradeMap' - All subshaders removed
WARNING: Shader Did you use #pragma only_renderers and omit this platform?
WARNING: Shader If subshaders removal was intentional, you may have forgotten turning Fallback off?
WARNING: Shader Unsupported: 'UnityChanToonShader/Mobile/Toon_DoubleShadeWithFeather_Clipping_StencilMask' - All subshaders removed
WARNING: Shader Did you use #pragma only_renderers and omit this platform?
WARNING: Shader If subshaders removal was intentional, you may have forgotten turning Fallback off?
WARNING: Shader Unsupported: 'UnityChanToonShader/Mobile/Toon_DoubleShadeWithFeather_Clipping_StencilMask' - All subshaders removed
WARNING: Shader Did you use #pragma only_renderers and omit this platform?
WARNING: Shader If subshaders removal was intentional, you may have forgotten turning Fallback off?
WARNING: Shader Unsupported: 'UnityChanToonShader/Mobile/Toon_ShadingGradeMap_TransClipping' - All subshaders removed
WARNING: Shader Did you use #pragma only_renderers and omit this platform?
WARNING: Shader If subshaders removal was intentional, you may have forgotten turning Fallback off?
WARNING: Shader Unsupported: 'UnityChanToonShader/Mobile/Toon_ShadingGradeMap_TransClipping' - All subshaders removed
WARNING: Shader Did you use #pragma only_renderers and omit this platform?
WARNING: Shader If subshaders removal was intentional, you may have forgotten turning Fallback off?
WARNING: Shader Unsupported: 'UnityChanToonShader/Mobile/Toon_ShadingGradeMap_StencilMask' - All subshaders removed
WARNING: Shader Did you use #pragma only_renderers and omit this platform?
WARNING: Shader If subshaders removal was intentional, you may have forgotten turning Fallback off?
WARNING: Shader Unsupported: 'UnityChanToonShader/Mobile/Toon_ShadingGradeMap_StencilMask' - All subshaders removed
WARNING: Shader Did you use #pragma only_renderers and omit this platform?
WARNING: Shader If subshaders removal was intentional, you may have forgotten turning Fallback off?
WARNING: Shader Unsupported: 'UnityChanToonShader/NoOutline/ToonColor_ShadingGradeMap_TransClipping_StencilMask' - All subshaders removed
WARNING: Shader Did you use #pragma only_renderers and omit this platform?
WARNING: Shader If subshaders removal was intentional, you may have forgotten turning Fallback off?
WARNING: Shader Unsupported: 'UnityChanToonShader/NoOutline/ToonColor_ShadingGradeMap_TransClipping_StencilMask' - All subshaders removed
WARNING: Shader Did you use #pragma only_renderers and omit this platform?
WARNING: Shader If subshaders removal was intentional, you may have forgotten turning Fallback off?
WARNING: Shader Unsupported: 'UnityChanToonShader/Tessellation/NoOutline/AngelRing/ToonColor_ShadingGradeMap_TransClipping_StencilOut' - All subshaders removed
WARNING: Shader Did you use #pragma only_renderers and omit this platform?
WARNING: Shader If subshaders removal was intentional, you may have forgotten turning Fallback off?
WARNING: Shader Unsupported: 'UnityChanToonShader/Tessellation/NoOutline/AngelRing/ToonColor_ShadingGradeMap_TransClipping_StencilOut' - All subshaders removed
WARNING: Shader Did you use #pragma only_renderers and omit this platform?
WARNING: Shader If subshaders removal was intentional, you may have forgotten turning Fallback off?
WARNING: Shader Unsupported: 'UnityChanToonShader/Mobile/Toon_DoubleShadeWithFeather_StencilMask' - All subshaders removed
WARNING: Shader Did you use #pragma only_renderers and omit this platform?
WARNING: Shader If subshaders removal was intentional, you may have forgotten turning Fallback off?
WARNING: Shader Unsupported: 'UnityChanToonShader/Mobile/Toon_DoubleShadeWithFeather_StencilMask' - All subshaders removed
WARNING: Shader Did you use #pragma only_renderers and omit this platform?
WARNING: Shader If subshaders removal was intentional, you may have forgotten turning Fallback off?
WARNING: Shader Unsupported: 'UnityChanToonShader/Tessellation/NoOutline/ToonColor_DoubleShadeWithFeather_TransClipping_StencilMask' - All subshaders removed
WARNING: Shader Did you use #pragma only_renderers and omit this platform?
WARNING: Shader If subshaders removal was intentional, you may have forgotten turning Fallback off?
WARNING: Shader Unsupported: 'UnityChanToonShader/Tessellation/NoOutline/ToonColor_DoubleShadeWithFeather_TransClipping_StencilMask' - All subshaders removed
WARNING: Shader Did you use #pragma only_renderers and omit this platform?
WARNING: Shader If subshaders removal was intentional, you may have forgotten turning Fallback off?
WARNING: Shader Unsupported: 'UnityChanToonShader/Tessellation/NoOutline/ToonColor_DoubleShadeWithFeather_Clipping' - All subshaders removed
WARNING: Shader Did you use #pragma only_renderers and omit this platform?
WARNING: Shader If subshaders removal was intentional, you may have forgotten turning Fallback off?
WARNING: Shader Unsupported: 'UnityChanToonShader/Tessellation/NoOutline/ToonColor_DoubleShadeWithFeather_Clipping' - All subshaders removed
WARNING: Shader Did you use #pragma only_renderers and omit this platform?
WARNING: Shader If subshaders removal was intentional, you may have forgotten turning Fallback off?
WARNING: Shader Unsupported: 'UnityChanToonShader/Tessellation/Light/Toon_ShadingGradeMap_StencilMask' - All subshaders removed
WARNING: Shader Did you use #pragma only_renderers and omit this platform?
WARNING: Shader If subshaders removal was intentional, you may have forgotten turning Fallback off?
WARNING: Shader Unsupported: 'UnityChanToonShader/Tessellation/Light/Toon_ShadingGradeMap_StencilMask' - All subshaders removed
WARNING: Shader Did you use #pragma only_renderers and omit this platform?
WARNING: Shader If subshaders removal was intentional, you may have forgotten turning Fallback off?
WARNING: Shader Unsupported: 'UnityChanToonShader/Tessellation/NoOutline/ToonColor_ShadingGradeMap_StencilMask' - All subshaders removed
WARNING: Shader Did you use #pragma only_renderers and omit this platform?
WARNING: Shader If subshaders removal was intentional, you may have forgotten turning Fallback off?
WARNING: Shader Unsupported: 'UnityChanToonShader/Tessellation/NoOutline/ToonColor_ShadingGradeMap_StencilMask' - All subshaders removed
WARNING: Shader Did you use #pragma only_renderers and omit this platform?
WARNING: Shader If subshaders removal was intentional, you may have forgotten turning Fallback off?
WARNING: Shader Unsupported: 'UnityChanToonShader/Tessellation/NoOutline/AngelRing/ToonColor_ShadingGradeMap_StencilOut' - All subshaders removed
WARNING: Shader Did you use #pragma only_renderers and omit this platform?
WARNING: Shader If subshaders removal was intentional, you may have forgotten turning Fallback off?
WARNING: Shader Unsupported: 'UnityChanToonShader/Tessellation/NoOutline/AngelRing/ToonColor_ShadingGradeMap_StencilOut' - All subshaders removed
WARNING: Shader Did you use #pragma only_renderers and omit this platform?
WARNING: Shader If subshaders removal was intentional, you may have forgotten turning Fallback off?
WARNING: Shader Unsupported: 'UnityChanToonShader/NoOutline/ToonColor_ShadingGradeMap_StencilOut' - All subshaders removed
WARNING: Shader Did you use #pragma only_renderers and omit this platform?
WARNING: Shader If subshaders removal was intentional, you may have forgotten turning Fallback off?
WARNING: Shader Unsupported: 'UnityChanToonShader/NoOutline/ToonColor_ShadingGradeMap_StencilOut' - All subshaders removed
WARNING: Shader Did you use #pragma only_renderers and omit this platform?
WARNING: Shader If subshaders removal was intentional, you may have forgotten turning Fallback off?
WARNING: Shader Unsupported: 'UnityChanToonShader/NoOutline/ToonColor_ShadingGradeMap' - All subshaders removed
WARNING: Shader Did you use #pragma only_renderers and omit this platform?
WARNING: Shader If subshaders removal was intentional, you may have forgotten turning Fallback off?
WARNING: Shader Unsupported: 'UnityChanToonShader/NoOutline/ToonColor_ShadingGradeMap' - All subshaders removed
WARNING: Shader Did you use #pragma only_renderers and omit this platform?
WARNING: Shader If subshaders removal was intentional, you may have forgotten turning Fallback off?
WARNING: Shader Unsupported: 'UnityChanToonShader/NoOutline/ToonColor_DoubleShadeWithFeather_Clipping' - All subshaders removed
WARNING: Shader Did you use #pragma only_renderers and omit this platform?
WARNING: Shader If subshaders removal was intentional, you may have forgotten turning Fallback off?
WARNING: Shader Unsupported: 'UnityChanToonShader/NoOutline/ToonColor_DoubleShadeWithFeather_Clipping' - All subshaders removed
WARNING: Shader Did you use #pragma only_renderers and omit this platform?
WARNING: Shader If subshaders removal was intentional, you may have forgotten turning Fallback off?
WARNING: Shader Unsupported: 'UnityChanToonShader/NoOutline/ToonColor_ShadingGradeMap_TransClipping_StencilOut' - All subshaders removed
WARNING: Shader Did you use #pragma only_renderers and omit this platform?
WARNING: Shader If subshaders removal was intentional, you may have forgotten turning Fallback off?
WARNING: Shader Unsupported: 'UnityChanToonShader/NoOutline/ToonColor_ShadingGradeMap_TransClipping_StencilOut' - All subshaders removed
WARNING: Shader Did you use #pragma only_renderers and omit this platform?
WARNING: Shader If subshaders removal was intentional, you may have forgotten turning Fallback off?
WARNING: Shader Unsupported: 'UnityChanToonShader/Tessellation/NoOutline/ToonColor_DoubleShadeWithFeather_TransClipping_StencilOut' - All subshaders removed
WARNING: Shader Did you use #pragma only_renderers and omit this platform?
WARNING: Shader If subshaders removal was intentional, you may have forgotten turning Fallback off?
WARNING: Shader Unsupported: 'UnityChanToonShader/Tessellation/NoOutline/ToonColor_DoubleShadeWithFeather_TransClipping_StencilOut' - All subshaders removed
WARNING: Shader Did you use #pragma only_renderers and omit this platform?
WARNING: Shader If subshaders removal was intentional, you may have forgotten turning Fallback off?
WARNING: Shader Unsupported: 'UnityChanToonShader/Tessellation/NoOutline/ToonColor_DoubleShadeWithFeather_Clipping_StencilOut' - All subshaders removed
WARNING: Shader Did you use #pragma only_renderers and omit this platform?
WARNING: Shader If subshaders removal was intentional, you may have forgotten turning Fallback off?
WARNING: Shader Unsupported: 'UnityChanToonShader/Tessellation/NoOutline/ToonColor_DoubleShadeWithFeather_Clipping_StencilOut' - All subshaders removed
WARNING: Shader Did you use #pragma only_renderers and omit this platform?
WARNING: Shader If subshaders removal was intentional, you may have forgotten turning Fallback off?
WARNING: Shader Unsupported: 'UnityChanToonShader/Tessellation/NoOutline/ToonColor_ShadingGradeMap_TransClipping' - All subshaders removed
WARNING: Shader Did you use #pragma only_renderers and omit this platform?
WARNING: Shader If subshaders removal was intentional, you may have forgotten turning Fallback off?
WARNING: Shader Unsupported: 'UnityChanToonShader/Tessellation/NoOutline/ToonColor_ShadingGradeMap_TransClipping' - All subshaders removed
WARNING: Shader Did you use #pragma only_renderers and omit this platform?
WARNING: Shader If subshaders removal was intentional, you may have forgotten turning Fallback off?
WARNING: Shader Unsupported: 'UnityChanToonShader/Tessellation/Light/Toon_ShadingGradeMap_StencilOut' - All subshaders removed
WARNING: Shader Did you use #pragma only_renderers and omit this platform?
WARNING: Shader If subshaders removal was intentional, you may have forgotten turning Fallback off?
WARNING: Shader Unsupported: 'UnityChanToonShader/Tessellation/Light/Toon_ShadingGradeMap_StencilOut' - All subshaders removed
WARNING: Shader Did you use #pragma only_renderers and omit this platform?
WARNING: Shader If subshaders removal was intentional, you may have forgotten turning Fallback off?
WARNING: Shader Unsupported: 'UnityChanToonShader/Mobile/AngelRing/Toon_ShadingGradeMap' - All subshaders removed
WARNING: Shader Did you use #pragma only_renderers and omit this platform?
WARNING: Shader If subshaders removal was intentional, you may have forgotten turning Fallback off?
WARNING: Shader Unsupported: 'UnityChanToonShader/Mobile/AngelRing/Toon_ShadingGradeMap' - All subshaders removed
WARNING: Shader Did you use #pragma only_renderers and omit this platform?
WARNING: Shader If subshaders removal was intentional, you may have forgotten turning Fallback off?
WARNING: Shader Unsupported: 'UnityChanToonShader/Tessellation/Light/AngelRing/Toon_ShadingGradeMap_StencilOut' - All subshaders removed
WARNING: Shader Did you use #pragma only_renderers and omit this platform?
WARNING: Shader If subshaders removal was intentional, you may have forgotten turning Fallback off?
WARNING: Shader Unsupported: 'UnityChanToonShader/Tessellation/Light/AngelRing/Toon_ShadingGradeMap_StencilOut' - All subshaders removed
WARNING: Shader Did you use #pragma only_renderers and omit this platform?
WARNING: Shader If subshaders removal was intentional, you may have forgotten turning Fallback off?
WARNING: Shader Unsupported: 'UnityChanToonShader/Tessellation/NoOutline/AngelRing/ToonColor_ShadingGradeMap_TransClipping' - All subshaders removed
WARNING: Shader Did you use #pragma only_renderers and omit this platform?
WARNING: Shader If subshaders removal was intentional, you may have forgotten turning Fallback off?
WARNING: Shader Unsupported: 'UnityChanToonShader/Tessellation/NoOutline/AngelRing/ToonColor_ShadingGradeMap_TransClipping' - All subshaders removed
WARNING: Shader Did you use #pragma only_renderers and omit this platform?
WARNING: Shader If subshaders removal was intentional, you may have forgotten turning Fallback off?
WARNING: Shader Unsupported: 'UnityChanToonShader/NoOutline/AngelRing/ToonColor_ShadingGradeMap_TransClipping' - All subshaders removed
WARNING: Shader Did you use #pragma only_renderers and omit this platform?
WARNING: Shader If subshaders removal was intentional, you may have forgotten turning Fallback off?
WARNING: Shader Unsupported: 'UnityChanToonShader/NoOutline/AngelRing/ToonColor_ShadingGradeMap_TransClipping' - All subshaders removed
WARNING: Shader Did you use #pragma only_renderers and omit this platform?
WARNING: Shader If subshaders removal was intentional, you may have forgotten turning Fallback off?
WARNING: Shader Unsupported: 'UnityChanToonShader/Mobile/Toon_ShadingGradeMap_TransClipping_StencilMask' - All subshaders removed
WARNING: Shader Did you use #pragma only_renderers and omit this platform?
WARNING: Shader If subshaders removal was intentional, you may have forgotten turning Fallback off?
WARNING: Shader Unsupported: 'UnityChanToonShader/Mobile/Toon_ShadingGradeMap_TransClipping_StencilMask' - All subshaders removed
WARNING: Shader Did you use #pragma only_renderers and omit this platform?
WARNING: Shader If subshaders removal was intentional, you may have forgotten turning Fallback off?
WARNING: Shader Unsupported: 'UnityChanToonShader/NoOutline/ToonColor_ShadingGradeMap_TransClipping' - All subshaders removed
WARNING: Shader Did you use #pragma only_renderers and omit this platform?
WARNING: Shader If subshaders removal was intentional, you may have forgotten turning Fallback off?
WARNING: Shader Unsupported: 'UnityChanToonShader/NoOutline/ToonColor_ShadingGradeMap_TransClipping' - All subshaders removed
WARNING: Shader Did you use #pragma only_renderers and omit this platform?
WARNING: Shader If subshaders removal was intentional, you may have forgotten turning Fallback off?
WARNING: Shader Unsupported: 'UnityChanToonShader/NoOutline/AngelRing/ToonColor_ShadingGradeMap_StencilOut' - All subshaders removed
WARNING: Shader Did you use #pragma only_renderers and omit this platform?
WARNING: Shader If subshaders removal was intentional, you may have forgotten turning Fallback off?
WARNING: Shader Unsupported: 'UnityChanToonShader/NoOutline/AngelRing/ToonColor_ShadingGradeMap_StencilOut' - All subshaders removed
WARNING: Shader Did you use #pragma only_renderers and omit this platform?
WARNING: Shader If subshaders removal was intentional, you may have forgotten turning Fallback off?
WARNING: Shader Unsupported: 'UnityChanToonShader/Tessellation/NoOutline/ToonColor_ShadingGradeMap_TransClipping_StencilMask' - All subshaders removed
WARNING: Shader Did you use #pragma only_renderers and omit this platform?
WARNING: Shader If subshaders removal was intentional, you may have forgotten turning Fallback off?
WARNING: Shader Unsupported: 'UnityChanToonShader/Tessellation/NoOutline/ToonColor_ShadingGradeMap_TransClipping_StencilMask' - All subshaders removed
WARNING: Shader Did you use #pragma only_renderers and omit this platform?
WARNING: Shader If subshaders removal was intentional, you may have forgotten turning Fallback off?
WARNING: Shader Unsupported: 'UnityChanToonShader/Tessellation/Light/Toon_ShadingGradeMap' - All subshaders removed
WARNING: Shader Did you use #pragma only_renderers and omit this platform?
WARNING: Shader If subshaders removal was intentional, you may have forgotten turning Fallback off?
WARNING: Shader Unsupported: 'UnityChanToonShader/Tessellation/Light/Toon_ShadingGradeMap' - All subshaders removed
WARNING: Shader Did you use #pragma only_renderers and omit this platform?
WARNING: Shader If subshaders removal was intentional, you may have forgotten turning Fallback off?
WARNING: Shader Unsupported: 'UnityChanToonShader/Tessellation/NoOutline/ToonColor_ShadingGradeMap_TransClipping_StencilOut' - All subshaders removed
WARNING: Shader Did you use #pragma only_renderers and omit this platform?
WARNING: Shader If subshaders removal was intentional, you may have forgotten turning Fallback off?
WARNING: Shader Unsupported: 'UnityChanToonShader/Tessellation/NoOutline/ToonColor_ShadingGradeMap_TransClipping_StencilOut' - All subshaders removed
WARNING: Shader Did you use #pragma only_renderers and omit this platform?
WARNING: Shader If subshaders removal was intentional, you may have forgotten turning Fallback off?
WARNING: Shader Unsupported: 'UnityChanToonShader/Tessellation/NoOutline/ToonColor_DoubleShadeWithFeather_StencilMask' - All subshaders removed
WARNING: Shader Did you use #pragma only_renderers and omit this platform?
WARNING: Shader If subshaders removal was intentional, you may have forgotten turning Fallback off?
WARNING: Shader Unsupported: 'UnityChanToonShader/Tessellation/NoOutline/ToonColor_DoubleShadeWithFeather_StencilMask' - All subshaders removed
WARNING: Shader Did you use #pragma only_renderers and omit this platform?
WARNING: Shader If subshaders removal was intentional, you may have forgotten turning Fallback off?
WARNING: Shader Unsupported: 'UnityChanToonShader/NoOutline/AngelRing/ToonColor_ShadingGradeMap' - All subshaders removed
WARNING: Shader Did you use #pragma only_renderers and omit this platform?
WARNING: Shader If subshaders removal was intentional, you may have forgotten turning Fallback off?
WARNING: Shader Unsupported: 'UnityChanToonShader/NoOutline/AngelRing/ToonColor_ShadingGradeMap' - All subshaders removed
WARNING: Shader Did you use #pragma only_renderers and omit this platform?
WARNING: Shader If subshaders removal was intentional, you may have forgotten turning Fallback off?
WARNING: Shader Unsupported: 'UnityChanToonShader/Tessellation/NoOutline/ToonColor_DoubleShadeWithFeather_TransClipping' - All subshaders removed
WARNING: Shader Did you use #pragma only_renderers and omit this platform?
WARNING: Shader If subshaders removal was intentional, you may have forgotten turning Fallback off?
WARNING: Shader Unsupported: 'UnityChanToonShader/Tessellation/NoOutline/ToonColor_DoubleShadeWithFeather_TransClipping' - All subshaders removed
WARNING: Shader Did you use #pragma only_renderers and omit this platform?
WARNING: Shader If subshaders removal was intentional, you may have forgotten turning Fallback off?
WARNING: Shader Unsupported: 'UnityChanToonShader/NoOutline/AngelRing/ToonColor_ShadingGradeMap_TransClipping_StencilOut' - All subshaders removed
WARNING: Shader Did you use #pragma only_renderers and omit this platform?
WARNING: Shader If subshaders removal was intentional, you may have forgotten turning Fallback off?
WARNING: Shader Unsupported: 'UnityChanToonShader/NoOutline/AngelRing/ToonColor_ShadingGradeMap_TransClipping_StencilOut' - All subshaders removed
WARNING: Shader Did you use #pragma only_renderers and omit this platform?
WARNING: Shader If subshaders removal was intentional, you may have forgotten turning Fallback off?
WARNING: Shader Unsupported: 'UnityChanToonShader/NoOutline/ToonColor_DoubleShadeWithFeather_TransClipping_StencilOut' - All subshaders removed
WARNING: Shader Did you use #pragma only_renderers and omit this platform?
WARNING: Shader If subshaders removal was intentional, you may have forgotten turning Fallback off?
WARNING: Shader Unsupported: 'UnityChanToonShader/NoOutline/ToonColor_DoubleShadeWithFeather_TransClipping_StencilOut' - All subshaders removed
WARNING: Shader Did you use #pragma only_renderers and omit this platform?
WARNING: Shader If subshaders removal was intentional, you may have forgotten turning Fallback off?
WARNING: Shader Unsupported: 'UnityChanToonShader/Mobile/Toon_DoubleShadeWithFeather_StencilOut' - All subshaders removed
WARNING: Shader Did you use #pragma only_renderers and omit this platform?
WARNING: Shader If subshaders removal was intentional, you may have forgotten turning Fallback off?
WARNING: Shader Unsupported: 'UnityChanToonShader/Mobile/Toon_DoubleShadeWithFeather_StencilOut' - All subshaders removed
WARNING: Shader Did you use #pragma only_renderers and omit this platform?
WARNING: Shader If subshaders removal was intentional, you may have forgotten turning Fallback off?
WARNING: Shader Unsupported: 'UnityChanToonShader/Tessellation/Light/Toon_DoubleShadeWithFeather_StencilMask' - All subshaders removed
WARNING: Shader Did you use #pragma only_renderers and omit this platform?
WARNING: Shader If subshaders removal was intentional, you may have forgotten turning Fallback off?
WARNING: Shader Unsupported: 'UnityChanToonShader/Tessellation/Light/Toon_DoubleShadeWithFeather_StencilMask' - All subshaders removed
WARNING: Shader Did you use #pragma only_renderers and omit this platform?
WARNING: Shader If subshaders removal was intentional, you may have forgotten turning Fallback off?
Refreshing native plugins compatible for Editor in 8.49 ms, found 4 plugins.
Preloading 0 native plugins for Editor in 0.00 ms.
Unloading 3586 Unused Serialized files (Serialized files now loaded: 0)
Unloading 77 unused Assets / (10.5 MB). Loaded Objects now: 4067.
Memory consumption went from 165.0 MB to 154.5 MB.
Total: 7.032500 ms (FindLiveObjects: 0.243000 ms CreateObjectMapping: 0.092900 ms MarkObjects: 2.224100 ms  DeleteObjects: 4.471300 ms)

Prepare: number of updated asset objects reloaded= 0
AssetImportParameters requested are different than current active one (requested -> active):
  custom:container-demuxer-ogg: 62fdf1f143b41e24485cea50d1cbac27 -> 
  custom:video-codec-MediaFoundation-h265: 746d11721c4dcdbdad8f713fa42b33f4 -> 
  custom:video-decoder-ogg-theora: a1e56fd34408186e4bbccfd4996cb3dc -> 
  custom:framework-win-MediaFoundation: 216162199b28c13a410421893ffa2e32 -> 
  custom:CustomObjectIndexerAttribute: 9a22284fe3817be447336de3de66b15e -> 
  custom:container-demuxer-webm: 4f35f7cbe854078d1ac9338744f61a02 -> 
  custom:container-muxer-webm: aa71ff27fc2769a1b78a27578f13a17b -> 
  custom:video-decoder-webm-vp8: 9c59270c3fd7afecdb556c50c9e8de78 -> 
  custom:SearchIndexIgnoredProperties: e643bd26f0fe6173181afceb89e7c659 -> 
  custom:AudioImporter_EditorPlatform: d09bf68614088b80899f8185d706f6e7 -> 
  custom:video-encoder-webm-vp8: eb34c28f22e8b96e1ab97ce403110664 -> 
  custom:audio-decoder-ogg-vorbis: bf7c407c2cedff20999df2af8eb42d56 -> 
  custom:audio-encoder-webm-vorbis: bf7c407c2cedff20999df2af8eb42d56 -> 
========================================================================
Received Prepare
Caller must complete domain reload
Begin MonoManager ReloadAssembly
- Loaded All Assemblies, in  0.436 seconds
Native extension for WindowsStandalone target not found
Native extension for WebGL target not found
Mono: successfully reloaded assembly
- Finished resetting the current domain, in  1.192 seconds
Domain Reload Profiling: 1623ms
	BeginReloadAssembly (143ms)
		ExecutionOrderSort (0ms)
		DisableScriptedObjects (4ms)
		BackupInstance (0ms)
		ReleaseScriptingObjects (0ms)
		CreateAndSetChildDomain (26ms)
	RebuildCommonClasses (28ms)
	RebuildNativeTypeToScriptingClass (9ms)
	initialDomainReloadingComplete (28ms)
	LoadAllAssembliesAndSetupDomain (223ms)
		LoadAssemblies (294ms)
		RebuildTransferFunctionScriptingTraits (0ms)
		AnalyzeDomain (14ms)
			TypeCache.Refresh (6ms)
				TypeCache.ScanAssembly (0ms)
			ScanForSourceGeneratedMonoScriptInfo (0ms)
			ResolveRequiredComponents (5ms)
	FinalizeReload (1192ms)
		ReleaseScriptCaches (0ms)
		RebuildScriptCaches (0ms)
		SetupLoadedEditorAssemblies (314ms)
			LogAssemblyErrors (0ms)
			InitializePlatformSupportModulesInManaged (7ms)
			SetLoadedEditorAssemblies (2ms)
			RefreshPlugins (0ms)
			BeforeProcessingInitializeOnLoad (52ms)
			ProcessInitializeOnLoadAttributes (230ms)
			ProcessInitializeOnLoadMethodAttributes (14ms)
			AfterProcessingInitializeOnLoad (6ms)
			EditorAssembliesLoaded (1ms)
		ExecutionOrderSort2 (0ms)
		AwakeInstancesAfterBackupRestoration (5ms)
WARNING: Shader Unsupported: 'UnityChanToonShader/NoOutline/ToonColor_ShadingGradeMap_StencilMask' - All subshaders removed
WARNING: Shader Did you use #pragma only_renderers and omit this platform?
WARNING: Shader If subshaders removal was intentional, you may have forgotten turning Fallback off?
WARNING: Shader Unsupported: 'UnityChanToonShader/NoOutline/ToonColor_ShadingGradeMap_StencilMask' - All subshaders removed
WARNING: Shader Did you use #pragma only_renderers and omit this platform?
WARNING: Shader If subshaders removal was intentional, you may have forgotten turning Fallback off?
WARNING: Shader Unsupported: 'UnityChanToonShader/Tessellation/Light/Toon_DoubleShadeWithFeather_StencilOut' - All subshaders removed
WARNING: Shader Did you use #pragma only_renderers and omit this platform?
WARNING: Shader If subshaders removal was intentional, you may have forgotten turning Fallback off?
WARNING: Shader Unsupported: 'UnityChanToonShader/Tessellation/Light/Toon_DoubleShadeWithFeather_StencilOut' - All subshaders removed
WARNING: Shader Did you use #pragma only_renderers and omit this platform?
WARNING: Shader If subshaders removal was intentional, you may have forgotten turning Fallback off?
WARNING: Shader Unsupported: 'UnityChanToonShader/Tessellation/NoOutline/ToonColor_DoubleShadeWithFeather_StencilOut' - All subshaders removed
WARNING: Shader Did you use #pragma only_renderers and omit this platform?
WARNING: Shader If subshaders removal was intentional, you may have forgotten turning Fallback off?
WARNING: Shader Unsupported: 'UnityChanToonShader/Tessellation/NoOutline/ToonColor_DoubleShadeWithFeather_StencilOut' - All subshaders removed
WARNING: Shader Did you use #pragma only_renderers and omit this platform?
WARNING: Shader If subshaders removal was intentional, you may have forgotten turning Fallback off?
WARNING: Shader Unsupported: 'UnityChanToonShader/Mobile/Toon_DoubleShadeWithFeather_Clipping' - All subshaders removed
WARNING: Shader Did you use #pragma only_renderers and omit this platform?
WARNING: Shader If subshaders removal was intentional, you may have forgotten turning Fallback off?
WARNING: Shader Unsupported: 'UnityChanToonShader/Mobile/Toon_DoubleShadeWithFeather_Clipping' - All subshaders removed
WARNING: Shader Did you use #pragma only_renderers and omit this platform?
WARNING: Shader If subshaders removal was intentional, you may have forgotten turning Fallback off?
WARNING: Shader Unsupported: 'UnityChanToonShader/NoOutline/ToonColor_DoubleShadeWithFeather_Clipping_StencilOut' - All subshaders removed
WARNING: Shader Did you use #pragma only_renderers and omit this platform?
WARNING: Shader If subshaders removal was intentional, you may have forgotten turning Fallback off?
WARNING: Shader Unsupported: 'UnityChanToonShader/NoOutline/ToonColor_DoubleShadeWithFeather_Clipping_StencilOut' - All subshaders removed
WARNING: Shader Did you use #pragma only_renderers and omit this platform?
WARNING: Shader If subshaders removal was intentional, you may have forgotten turning Fallback off?
WARNING: Shader Unsupported: 'UnityChanToonShader/NoOutline/ToonColor_DoubleShadeWithFeather_StencilOut' - All subshaders removed
WARNING: Shader Did you use #pragma only_renderers and omit this platform?
WARNING: Shader If subshaders removal was intentional, you may have forgotten turning Fallback off?
WARNING: Shader Unsupported: 'UnityChanToonShader/NoOutline/ToonColor_DoubleShadeWithFeather_StencilOut' - All subshaders removed
WARNING: Shader Did you use #pragma only_renderers and omit this platform?
WARNING: Shader If subshaders removal was intentional, you may have forgotten turning Fallback off?
WARNING: Shader Unsupported: 'UnityChanToonShader/NoOutline/ToonColor_DoubleShadeWithFeather_StencilMask' - All subshaders removed
WARNING: Shader Did you use #pragma only_renderers and omit this platform?
WARNING: Shader If subshaders removal was intentional, you may have forgotten turning Fallback off?
WARNING: Shader Unsupported: 'UnityChanToonShader/NoOutline/ToonColor_DoubleShadeWithFeather_StencilMask' - All subshaders removed
WARNING: Shader Did you use #pragma only_renderers and omit this platform?
WARNING: Shader If subshaders removal was intentional, you may have forgotten turning Fallback off?
WARNING: Shader Unsupported: 'UnityChanToonShader/Tessellation/NoOutline/ToonColor_ShadingGradeMap' - All subshaders removed
WARNING: Shader Did you use #pragma only_renderers and omit this platform?
WARNING: Shader If subshaders removal was intentional, you may have forgotten turning Fallback off?
WARNING: Shader Unsupported: 'UnityChanToonShader/Tessellation/NoOutline/ToonColor_ShadingGradeMap' - All subshaders removed
WARNING: Shader Did you use #pragma only_renderers and omit this platform?
WARNING: Shader If subshaders removal was intentional, you may have forgotten turning Fallback off?
WARNING: Shader Unsupported: 'UnityChanToonShader/Tessellation/NoOutline/ToonColor_DoubleShadeWithFeather' - All subshaders removed
WARNING: Shader Did you use #pragma only_renderers and omit this platform?
WARNING: Shader If subshaders removal was intentional, you may have forgotten turning Fallback off?
WARNING: Shader Unsupported: 'UnityChanToonShader/Tessellation/NoOutline/ToonColor_DoubleShadeWithFeather' - All subshaders removed
WARNING: Shader Did you use #pragma only_renderers and omit this platform?
WARNING: Shader If subshaders removal was intentional, you may have forgotten turning Fallback off?
WARNING: Shader Unsupported: 'UnityChanToonShader/Mobile/Toon_ShadingGradeMap_StencilOut' - All subshaders removed
WARNING: Shader Did you use #pragma only_renderers and omit this platform?
WARNING: Shader If subshaders removal was intentional, you may have forgotten turning Fallback off?
WARNING: Shader Unsupported: 'UnityChanToonShader/Mobile/Toon_ShadingGradeMap_StencilOut' - All subshaders removed
WARNING: Shader Did you use #pragma only_renderers and omit this platform?
WARNING: Shader If subshaders removal was intentional, you may have forgotten turning Fallback off?
WARNING: Shader Unsupported: 'UnityChanToonShader/NoOutline/ToonColor_DoubleShadeWithFeather_TransClipping_StencilMask' - All subshaders removed
WARNING: Shader Did you use #pragma only_renderers and omit this platform?
WARNING: Shader If subshaders removal was intentional, you may have forgotten turning Fallback off?
WARNING: Shader Unsupported: 'UnityChanToonShader/NoOutline/ToonColor_DoubleShadeWithFeather_TransClipping_StencilMask' - All subshaders removed
WARNING: Shader Did you use #pragma only_renderers and omit this platform?
WARNING: Shader If subshaders removal was intentional, you may have forgotten turning Fallback off?
WARNING: Shader Unsupported: 'UnityChanToonShader/Tessellation/NoOutline/ToonColor_DoubleShadeWithFeather_Clipping_StencilMask' - All subshaders removed
WARNING: Shader Did you use #pragma only_renderers and omit this platform?
WARNING: Shader If subshaders removal was intentional, you may have forgotten turning Fallback off?
WARNING: Shader Unsupported: 'UnityChanToonShader/Tessellation/NoOutline/ToonColor_DoubleShadeWithFeather_Clipping_StencilMask' - All subshaders removed
WARNING: Shader Did you use #pragma only_renderers and omit this platform?
WARNING: Shader If subshaders removal was intentional, you may have forgotten turning Fallback off?
WARNING: Shader Unsupported: 'UnityChanToonShader/Mobile/Toon_DoubleShadeWithFeather' - All subshaders removed
WARNING: Shader Did you use #pragma only_renderers and omit this platform?
WARNING: Shader If subshaders removal was intentional, you may have forgotten turning Fallback off?
WARNING: Shader Unsupported: 'UnityChanToonShader/Mobile/Toon_DoubleShadeWithFeather' - All subshaders removed
WARNING: Shader Did you use #pragma only_renderers and omit this platform?
WARNING: Shader If subshaders removal was intentional, you may have forgotten turning Fallback off?
WARNING: Shader Unsupported: 'UnityChanToonShader/Mobile/Toon_DoubleShadeWithFeather_TransClipping_StencilMask' - All subshaders removed
WARNING: Shader Did you use #pragma only_renderers and omit this platform?
WARNING: Shader If subshaders removal was intentional, you may have forgotten turning Fallback off?
WARNING: Shader Unsupported: 'UnityChanToonShader/Mobile/Toon_DoubleShadeWithFeather_TransClipping_StencilMask' - All subshaders removed
WARNING: Shader Did you use #pragma only_renderers and omit this platform?
WARNING: Shader If subshaders removal was intentional, you may have forgotten turning Fallback off?
WARNING: Shader Unsupported: 'UnityChanToonShader/NoOutline/ToonColor_DoubleShadeWithFeather_Clipping_StencilMask' - All subshaders removed
WARNING: Shader Did you use #pragma only_renderers and omit this platform?
WARNING: Shader If subshaders removal was intentional, you may have forgotten turning Fallback off?
WARNING: Shader Unsupported: 'UnityChanToonShader/NoOutline/ToonColor_DoubleShadeWithFeather_Clipping_StencilMask' - All subshaders removed
WARNING: Shader Did you use #pragma only_renderers and omit this platform?
WARNING: Shader If subshaders removal was intentional, you may have forgotten turning Fallback off?
WARNING: Shader Unsupported: 'UnityChanToonShader/Tessellation/Light/AngelRing/Toon_ShadingGradeMap' - All subshaders removed
WARNING: Shader Did you use #pragma only_renderers and omit this platform?
WARNING: Shader If subshaders removal was intentional, you may have forgotten turning Fallback off?
WARNING: Shader Unsupported: 'UnityChanToonShader/Tessellation/Light/AngelRing/Toon_ShadingGradeMap' - All subshaders removed
WARNING: Shader Did you use #pragma only_renderers and omit this platform?
WARNING: Shader If subshaders removal was intentional, you may have forgotten turning Fallback off?
WARNING: Shader Unsupported: 'UnityChanToonShader/Mobile/Toon_ShadingGradeMap' - All subshaders removed
WARNING: Shader Did you use #pragma only_renderers and omit this platform?
WARNING: Shader If subshaders removal was intentional, you may have forgotten turning Fallback off?
WARNING: Shader Unsupported: 'UnityChanToonShader/Mobile/Toon_ShadingGradeMap' - All subshaders removed
WARNING: Shader Did you use #pragma only_renderers and omit this platform?
WARNING: Shader If subshaders removal was intentional, you may have forgotten turning Fallback off?
WARNING: Shader Unsupported: 'UnityChanToonShader/Mobile/Toon_DoubleShadeWithFeather_TransClipping' - All subshaders removed
WARNING: Shader Did you use #pragma only_renderers and omit this platform?
WARNING: Shader If subshaders removal was intentional, you may have forgotten turning Fallback off?
WARNING: Shader Unsupported: 'UnityChanToonShader/Mobile/Toon_DoubleShadeWithFeather_TransClipping' - All subshaders removed
WARNING: Shader Did you use #pragma only_renderers and omit this platform?
WARNING: Shader If subshaders removal was intentional, you may have forgotten turning Fallback off?
WARNING: Shader Unsupported: 'UnityChanToonShader/Tessellation/Light/Toon_DoubleShadeWithFeather' - All subshaders removed
WARNING: Shader Did you use #pragma only_renderers and omit this platform?
WARNING: Shader If subshaders removal was intentional, you may have forgotten turning Fallback off?
WARNING: Shader Unsupported: 'UnityChanToonShader/Tessellation/Light/Toon_DoubleShadeWithFeather' - All subshaders removed
WARNING: Shader Did you use #pragma only_renderers and omit this platform?
WARNING: Shader If subshaders removal was intentional, you may have forgotten turning Fallback off?
WARNING: Shader Unsupported: 'UnityChanToonShader/NoOutline/ToonColor_DoubleShadeWithFeather_TransClipping' - All subshaders removed
WARNING: Shader Did you use #pragma only_renderers and omit this platform?
WARNING: Shader If subshaders removal was intentional, you may have forgotten turning Fallback off?
WARNING: Shader Unsupported: 'UnityChanToonShader/NoOutline/ToonColor_DoubleShadeWithFeather_TransClipping' - All subshaders removed
WARNING: Shader Did you use #pragma only_renderers and omit this platform?
WARNING: Shader If subshaders removal was intentional, you may have forgotten turning Fallback off?
WARNING: Shader Unsupported: 'UnityChanToonShader/Tessellation/NoOutline/ToonColor_ShadingGradeMap_StencilOut' - All subshaders removed
WARNING: Shader Did you use #pragma only_renderers and omit this platform?
WARNING: Shader If subshaders removal was intentional, you may have forgotten turning Fallback off?
WARNING: Shader Unsupported: 'UnityChanToonShader/Tessellation/NoOutline/ToonColor_ShadingGradeMap_StencilOut' - All subshaders removed
WARNING: Shader Did you use #pragma only_renderers and omit this platform?
WARNING: Shader If subshaders removal was intentional, you may have forgotten turning Fallback off?
WARNING: Shader Unsupported: 'UnityChanToonShader/NoOutline/ToonColor_DoubleShadeWithFeather' - All subshaders removed
WARNING: Shader Did you use #pragma only_renderers and omit this platform?
WARNING: Shader If subshaders removal was intentional, you may have forgotten turning Fallback off?
WARNING: Shader Unsupported: 'UnityChanToonShader/NoOutline/ToonColor_DoubleShadeWithFeather' - All subshaders removed
WARNING: Shader Did you use #pragma only_renderers and omit this platform?
WARNING: Shader If subshaders removal was intentional, you may have forgotten turning Fallback off?
WARNING: Shader Unsupported: 'UnityChanToonShader/Mobile/AngelRing/Toon_ShadingGradeMap_StencilOut' - All subshaders removed
WARNING: Shader Did you use #pragma only_renderers and omit this platform?
WARNING: Shader If subshaders removal was intentional, you may have forgotten turning Fallback off?
WARNING: Shader Unsupported: 'UnityChanToonShader/Mobile/AngelRing/Toon_ShadingGradeMap_StencilOut' - All subshaders removed
WARNING: Shader Did you use #pragma only_renderers and omit this platform?
WARNING: Shader If subshaders removal was intentional, you may have forgotten turning Fallback off?
WARNING: Shader Unsupported: 'UnityChanToonShader/Tessellation/NoOutline/AngelRing/ToonColor_ShadingGradeMap' - All subshaders removed
WARNING: Shader Did you use #pragma only_renderers and omit this platform?
WARNING: Shader If subshaders removal was intentional, you may have forgotten turning Fallback off?
WARNING: Shader Unsupported: 'UnityChanToonShader/Tessellation/NoOutline/AngelRing/ToonColor_ShadingGradeMap' - All subshaders removed
WARNING: Shader Did you use #pragma only_renderers and omit this platform?
WARNING: Shader If subshaders removal was intentional, you may have forgotten turning Fallback off?
WARNING: Shader Unsupported: 'UnityChanToonShader/Mobile/Toon_DoubleShadeWithFeather_Clipping_StencilMask' - All subshaders removed
WARNING: Shader Did you use #pragma only_renderers and omit this platform?
WARNING: Shader If subshaders removal was intentional, you may have forgotten turning Fallback off?
WARNING: Shader Unsupported: 'UnityChanToonShader/Mobile/Toon_DoubleShadeWithFeather_Clipping_StencilMask' - All subshaders removed
WARNING: Shader Did you use #pragma only_renderers and omit this platform?
WARNING: Shader If subshaders removal was intentional, you may have forgotten turning Fallback off?
WARNING: Shader Unsupported: 'UnityChanToonShader/Mobile/Toon_ShadingGradeMap_TransClipping' - All subshaders removed
WARNING: Shader Did you use #pragma only_renderers and omit this platform?
WARNING: Shader If subshaders removal was intentional, you may have forgotten turning Fallback off?
WARNING: Shader Unsupported: 'UnityChanToonShader/Mobile/Toon_ShadingGradeMap_TransClipping' - All subshaders removed
WARNING: Shader Did you use #pragma only_renderers and omit this platform?
WARNING: Shader If subshaders removal was intentional, you may have forgotten turning Fallback off?
WARNING: Shader Unsupported: 'UnityChanToonShader/Mobile/Toon_ShadingGradeMap_StencilMask' - All subshaders removed
WARNING: Shader Did you use #pragma only_renderers and omit this platform?
WARNING: Shader If subshaders removal was intentional, you may have forgotten turning Fallback off?
WARNING: Shader Unsupported: 'UnityChanToonShader/Mobile/Toon_ShadingGradeMap_StencilMask' - All subshaders removed
WARNING: Shader Did you use #pragma only_renderers and omit this platform?
WARNING: Shader If subshaders removal was intentional, you may have forgotten turning Fallback off?
WARNING: Shader Unsupported: 'UnityChanToonShader/NoOutline/ToonColor_ShadingGradeMap_TransClipping_StencilMask' - All subshaders removed
WARNING: Shader Did you use #pragma only_renderers and omit this platform?
WARNING: Shader If subshaders removal was intentional, you may have forgotten turning Fallback off?
WARNING: Shader Unsupported: 'UnityChanToonShader/NoOutline/ToonColor_ShadingGradeMap_TransClipping_StencilMask' - All subshaders removed
WARNING: Shader Did you use #pragma only_renderers and omit this platform?
WARNING: Shader If subshaders removal was intentional, you may have forgotten turning Fallback off?
WARNING: Shader Unsupported: 'UnityChanToonShader/Tessellation/NoOutline/AngelRing/ToonColor_ShadingGradeMap_TransClipping_StencilOut' - All subshaders removed
WARNING: Shader Did you use #pragma only_renderers and omit this platform?
WARNING: Shader If subshaders removal was intentional, you may have forgotten turning Fallback off?
WARNING: Shader Unsupported: 'UnityChanToonShader/Tessellation/NoOutline/AngelRing/ToonColor_ShadingGradeMap_TransClipping_StencilOut' - All subshaders removed
WARNING: Shader Did you use #pragma only_renderers and omit this platform?
WARNING: Shader If subshaders removal was intentional, you may have forgotten turning Fallback off?
WARNING: Shader Unsupported: 'UnityChanToonShader/Mobile/Toon_DoubleShadeWithFeather_StencilMask' - All subshaders removed
WARNING: Shader Did you use #pragma only_renderers and omit this platform?
WARNING: Shader If subshaders removal was intentional, you may have forgotten turning Fallback off?
WARNING: Shader Unsupported: 'UnityChanToonShader/Mobile/Toon_DoubleShadeWithFeather_StencilMask' - All subshaders removed
WARNING: Shader Did you use #pragma only_renderers and omit this platform?
WARNING: Shader If subshaders removal was intentional, you may have forgotten turning Fallback off?
WARNING: Shader Unsupported: 'UnityChanToonShader/Tessellation/NoOutline/ToonColor_DoubleShadeWithFeather_TransClipping_StencilMask' - All subshaders removed
WARNING: Shader Did you use #pragma only_renderers and omit this platform?
WARNING: Shader If subshaders removal was intentional, you may have forgotten turning Fallback off?
WARNING: Shader Unsupported: 'UnityChanToonShader/Tessellation/NoOutline/ToonColor_DoubleShadeWithFeather_TransClipping_StencilMask' - All subshaders removed
WARNING: Shader Did you use #pragma only_renderers and omit this platform?
WARNING: Shader If subshaders removal was intentional, you may have forgotten turning Fallback off?
WARNING: Shader Unsupported: 'UnityChanToonShader/Tessellation/NoOutline/ToonColor_DoubleShadeWithFeather_Clipping' - All subshaders removed
WARNING: Shader Did you use #pragma only_renderers and omit this platform?
WARNING: Shader If subshaders removal was intentional, you may have forgotten turning Fallback off?
WARNING: Shader Unsupported: 'UnityChanToonShader/Tessellation/NoOutline/ToonColor_DoubleShadeWithFeather_Clipping' - All subshaders removed
WARNING: Shader Did you use #pragma only_renderers and omit this platform?
WARNING: Shader If subshaders removal was intentional, you may have forgotten turning Fallback off?
WARNING: Shader Unsupported: 'UnityChanToonShader/Tessellation/Light/Toon_ShadingGradeMap_StencilMask' - All subshaders removed
WARNING: Shader Did you use #pragma only_renderers and omit this platform?
WARNING: Shader If subshaders removal was intentional, you may have forgotten turning Fallback off?
WARNING: Shader Unsupported: 'UnityChanToonShader/Tessellation/Light/Toon_ShadingGradeMap_StencilMask' - All subshaders removed
WARNING: Shader Did you use #pragma only_renderers and omit this platform?
WARNING: Shader If subshaders removal was intentional, you may have forgotten turning Fallback off?
WARNING: Shader Unsupported: 'UnityChanToonShader/Tessellation/NoOutline/ToonColor_ShadingGradeMap_StencilMask' - All subshaders removed
WARNING: Shader Did you use #pragma only_renderers and omit this platform?
WARNING: Shader If subshaders removal was intentional, you may have forgotten turning Fallback off?
WARNING: Shader Unsupported: 'UnityChanToonShader/Tessellation/NoOutline/ToonColor_ShadingGradeMap_StencilMask' - All subshaders removed
WARNING: Shader Did you use #pragma only_renderers and omit this platform?
WARNING: Shader If subshaders removal was intentional, you may have forgotten turning Fallback off?
WARNING: Shader Unsupported: 'UnityChanToonShader/Tessellation/NoOutline/AngelRing/ToonColor_ShadingGradeMap_StencilOut' - All subshaders removed
WARNING: Shader Did you use #pragma only_renderers and omit this platform?
WARNING: Shader If subshaders removal was intentional, you may have forgotten turning Fallback off?
WARNING: Shader Unsupported: 'UnityChanToonShader/Tessellation/NoOutline/AngelRing/ToonColor_ShadingGradeMap_StencilOut' - All subshaders removed
WARNING: Shader Did you use #pragma only_renderers and omit this platform?
WARNING: Shader If subshaders removal was intentional, you may have forgotten turning Fallback off?
WARNING: Shader Unsupported: 'UnityChanToonShader/NoOutline/ToonColor_ShadingGradeMap_StencilOut' - All subshaders removed
WARNING: Shader Did you use #pragma only_renderers and omit this platform?
WARNING: Shader If subshaders removal was intentional, you may have forgotten turning Fallback off?
WARNING: Shader Unsupported: 'UnityChanToonShader/NoOutline/ToonColor_ShadingGradeMap_StencilOut' - All subshaders removed
WARNING: Shader Did you use #pragma only_renderers and omit this platform?
WARNING: Shader If subshaders removal was intentional, you may have forgotten turning Fallback off?
WARNING: Shader Unsupported: 'UnityChanToonShader/NoOutline/ToonColor_ShadingGradeMap' - All subshaders removed
WARNING: Shader Did you use #pragma only_renderers and omit this platform?
WARNING: Shader If subshaders removal was intentional, you may have forgotten turning Fallback off?
WARNING: Shader Unsupported: 'UnityChanToonShader/NoOutline/ToonColor_ShadingGradeMap' - All subshaders removed
WARNING: Shader Did you use #pragma only_renderers and omit this platform?
WARNING: Shader If subshaders removal was intentional, you may have forgotten turning Fallback off?
WARNING: Shader Unsupported: 'UnityChanToonShader/NoOutline/ToonColor_DoubleShadeWithFeather_Clipping' - All subshaders removed
WARNING: Shader Did you use #pragma only_renderers and omit this platform?
WARNING: Shader If subshaders removal was intentional, you may have forgotten turning Fallback off?
WARNING: Shader Unsupported: 'UnityChanToonShader/NoOutline/ToonColor_DoubleShadeWithFeather_Clipping' - All subshaders removed
WARNING: Shader Did you use #pragma only_renderers and omit this platform?
WARNING: Shader If subshaders removal was intentional, you may have forgotten turning Fallback off?
WARNING: Shader Unsupported: 'UnityChanToonShader/NoOutline/ToonColor_ShadingGradeMap_TransClipping_StencilOut' - All subshaders removed
WARNING: Shader Did you use #pragma only_renderers and omit this platform?
WARNING: Shader If subshaders removal was intentional, you may have forgotten turning Fallback off?
WARNING: Shader Unsupported: 'UnityChanToonShader/NoOutline/ToonColor_ShadingGradeMap_TransClipping_StencilOut' - All subshaders removed
WARNING: Shader Did you use #pragma only_renderers and omit this platform?
WARNING: Shader If subshaders removal was intentional, you may have forgotten turning Fallback off?
WARNING: Shader Unsupported: 'UnityChanToonShader/Tessellation/NoOutline/ToonColor_DoubleShadeWithFeather_TransClipping_StencilOut' - All subshaders removed
WARNING: Shader Did you use #pragma only_renderers and omit this platform?
WARNING: Shader If subshaders removal was intentional, you may have forgotten turning Fallback off?
WARNING: Shader Unsupported: 'UnityChanToonShader/Tessellation/NoOutline/ToonColor_DoubleShadeWithFeather_TransClipping_StencilOut' - All subshaders removed
WARNING: Shader Did you use #pragma only_renderers and omit this platform?
WARNING: Shader If subshaders removal was intentional, you may have forgotten turning Fallback off?
WARNING: Shader Unsupported: 'UnityChanToonShader/Tessellation/NoOutline/ToonColor_DoubleShadeWithFeather_Clipping_StencilOut' - All subshaders removed
WARNING: Shader Did you use #pragma only_renderers and omit this platform?
WARNING: Shader If subshaders removal was intentional, you may have forgotten turning Fallback off?
WARNING: Shader Unsupported: 'UnityChanToonShader/Tessellation/NoOutline/ToonColor_DoubleShadeWithFeather_Clipping_StencilOut' - All subshaders removed
WARNING: Shader Did you use #pragma only_renderers and omit this platform?
WARNING: Shader If subshaders removal was intentional, you may have forgotten turning Fallback off?
WARNING: Shader Unsupported: 'UnityChanToonShader/Tessellation/NoOutline/ToonColor_ShadingGradeMap_TransClipping' - All subshaders removed
WARNING: Shader Did you use #pragma only_renderers and omit this platform?
WARNING: Shader If subshaders removal was intentional, you may have forgotten turning Fallback off?
WARNING: Shader Unsupported: 'UnityChanToonShader/Tessellation/NoOutline/ToonColor_ShadingGradeMap_TransClipping' - All subshaders removed
WARNING: Shader Did you use #pragma only_renderers and omit this platform?
WARNING: Shader If subshaders removal was intentional, you may have forgotten turning Fallback off?
WARNING: Shader Unsupported: 'UnityChanToonShader/Tessellation/Light/Toon_ShadingGradeMap_StencilOut' - All subshaders removed
WARNING: Shader Did you use #pragma only_renderers and omit this platform?
WARNING: Shader If subshaders removal was intentional, you may have forgotten turning Fallback off?
WARNING: Shader Unsupported: 'UnityChanToonShader/Tessellation/Light/Toon_ShadingGradeMap_StencilOut' - All subshaders removed
WARNING: Shader Did you use #pragma only_renderers and omit this platform?
WARNING: Shader If subshaders removal was intentional, you may have forgotten turning Fallback off?
WARNING: Shader Unsupported: 'UnityChanToonShader/Mobile/AngelRing/Toon_ShadingGradeMap' - All subshaders removed
WARNING: Shader Did you use #pragma only_renderers and omit this platform?
WARNING: Shader If subshaders removal was intentional, you may have forgotten turning Fallback off?
WARNING: Shader Unsupported: 'UnityChanToonShader/Mobile/AngelRing/Toon_ShadingGradeMap' - All subshaders removed
WARNING: Shader Did you use #pragma only_renderers and omit this platform?
WARNING: Shader If subshaders removal was intentional, you may have forgotten turning Fallback off?
WARNING: Shader Unsupported: 'UnityChanToonShader/Tessellation/Light/AngelRing/Toon_ShadingGradeMap_StencilOut' - All subshaders removed
WARNING: Shader Did you use #pragma only_renderers and omit this platform?
WARNING: Shader If subshaders removal was intentional, you may have forgotten turning Fallback off?
WARNING: Shader Unsupported: 'UnityChanToonShader/Tessellation/Light/AngelRing/Toon_ShadingGradeMap_StencilOut' - All subshaders removed
WARNING: Shader Did you use #pragma only_renderers and omit this platform?
WARNING: Shader If subshaders removal was intentional, you may have forgotten turning Fallback off?
WARNING: Shader Unsupported: 'UnityChanToonShader/Tessellation/NoOutline/AngelRing/ToonColor_ShadingGradeMap_TransClipping' - All subshaders removed
WARNING: Shader Did you use #pragma only_renderers and omit this platform?
WARNING: Shader If subshaders removal was intentional, you may have forgotten turning Fallback off?
WARNING: Shader Unsupported: 'UnityChanToonShader/Tessellation/NoOutline/AngelRing/ToonColor_ShadingGradeMap_TransClipping' - All subshaders removed
WARNING: Shader Did you use #pragma only_renderers and omit this platform?
WARNING: Shader If subshaders removal was intentional, you may have forgotten turning Fallback off?
WARNING: Shader Unsupported: 'UnityChanToonShader/NoOutline/AngelRing/ToonColor_ShadingGradeMap_TransClipping' - All subshaders removed
WARNING: Shader Did you use #pragma only_renderers and omit this platform?
WARNING: Shader If subshaders removal was intentional, you may have forgotten turning Fallback off?
WARNING: Shader Unsupported: 'UnityChanToonShader/NoOutline/AngelRing/ToonColor_ShadingGradeMap_TransClipping' - All subshaders removed
WARNING: Shader Did you use #pragma only_renderers and omit this platform?
WARNING: Shader If subshaders removal was intentional, you may have forgotten turning Fallback off?
WARNING: Shader Unsupported: 'UnityChanToonShader/Mobile/Toon_ShadingGradeMap_TransClipping_StencilMask' - All subshaders removed
WARNING: Shader Did you use #pragma only_renderers and omit this platform?
WARNING: Shader If subshaders removal was intentional, you may have forgotten turning Fallback off?
WARNING: Shader Unsupported: 'UnityChanToonShader/Mobile/Toon_ShadingGradeMap_TransClipping_StencilMask' - All subshaders removed
WARNING: Shader Did you use #pragma only_renderers and omit this platform?
WARNING: Shader If subshaders removal was intentional, you may have forgotten turning Fallback off?
WARNING: Shader Unsupported: 'UnityChanToonShader/NoOutline/ToonColor_ShadingGradeMap_TransClipping' - All subshaders removed
WARNING: Shader Did you use #pragma only_renderers and omit this platform?
WARNING: Shader If subshaders removal was intentional, you may have forgotten turning Fallback off?
WARNING: Shader Unsupported: 'UnityChanToonShader/NoOutline/ToonColor_ShadingGradeMap_TransClipping' - All subshaders removed
WARNING: Shader Did you use #pragma only_renderers and omit this platform?
WARNING: Shader If subshaders removal was intentional, you may have forgotten turning Fallback off?
WARNING: Shader Unsupported: 'UnityChanToonShader/NoOutline/AngelRing/ToonColor_ShadingGradeMap_StencilOut' - All subshaders removed
WARNING: Shader Did you use #pragma only_renderers and omit this platform?
WARNING: Shader If subshaders removal was intentional, you may have forgotten turning Fallback off?
WARNING: Shader Unsupported: 'UnityChanToonShader/NoOutline/AngelRing/ToonColor_ShadingGradeMap_StencilOut' - All subshaders removed
WARNING: Shader Did you use #pragma only_renderers and omit this platform?
WARNING: Shader If subshaders removal was intentional, you may have forgotten turning Fallback off?
WARNING: Shader Unsupported: 'UnityChanToonShader/Tessellation/NoOutline/ToonColor_ShadingGradeMap_TransClipping_StencilMask' - All subshaders removed
WARNING: Shader Did you use #pragma only_renderers and omit this platform?
WARNING: Shader If subshaders removal was intentional, you may have forgotten turning Fallback off?
WARNING: Shader Unsupported: 'UnityChanToonShader/Tessellation/NoOutline/ToonColor_ShadingGradeMap_TransClipping_StencilMask' - All subshaders removed
WARNING: Shader Did you use #pragma only_renderers and omit this platform?
WARNING: Shader If subshaders removal was intentional, you may have forgotten turning Fallback off?
WARNING: Shader Unsupported: 'UnityChanToonShader/Tessellation/Light/Toon_ShadingGradeMap' - All subshaders removed
WARNING: Shader Did you use #pragma only_renderers and omit this platform?
WARNING: Shader If subshaders removal was intentional, you may have forgotten turning Fallback off?
WARNING: Shader Unsupported: 'UnityChanToonShader/Tessellation/Light/Toon_ShadingGradeMap' - All subshaders removed
WARNING: Shader Did you use #pragma only_renderers and omit this platform?
WARNING: Shader If subshaders removal was intentional, you may have forgotten turning Fallback off?
WARNING: Shader Unsupported: 'UnityChanToonShader/Tessellation/NoOutline/ToonColor_ShadingGradeMap_TransClipping_StencilOut' - All subshaders removed
WARNING: Shader Did you use #pragma only_renderers and omit this platform?
WARNING: Shader If subshaders removal was intentional, you may have forgotten turning Fallback off?
WARNING: Shader Unsupported: 'UnityChanToonShader/Tessellation/NoOutline/ToonColor_ShadingGradeMap_TransClipping_StencilOut' - All subshaders removed
WARNING: Shader Did you use #pragma only_renderers and omit this platform?
WARNING: Shader If subshaders removal was intentional, you may have forgotten turning Fallback off?
WARNING: Shader Unsupported: 'UnityChanToonShader/Tessellation/NoOutline/ToonColor_DoubleShadeWithFeather_StencilMask' - All subshaders removed
WARNING: Shader Did you use #pragma only_renderers and omit this platform?
WARNING: Shader If subshaders removal was intentional, you may have forgotten turning Fallback off?
WARNING: Shader Unsupported: 'UnityChanToonShader/Tessellation/NoOutline/ToonColor_DoubleShadeWithFeather_StencilMask' - All subshaders removed
WARNING: Shader Did you use #pragma only_renderers and omit this platform?
WARNING: Shader If subshaders removal was intentional, you may have forgotten turning Fallback off?
WARNING: Shader Unsupported: 'UnityChanToonShader/NoOutline/AngelRing/ToonColor_ShadingGradeMap' - All subshaders removed
WARNING: Shader Did you use #pragma only_renderers and omit this platform?
WARNING: Shader If subshaders removal was intentional, you may have forgotten turning Fallback off?
WARNING: Shader Unsupported: 'UnityChanToonShader/NoOutline/AngelRing/ToonColor_ShadingGradeMap' - All subshaders removed
WARNING: Shader Did you use #pragma only_renderers and omit this platform?
WARNING: Shader If subshaders removal was intentional, you may have forgotten turning Fallback off?
WARNING: Shader Unsupported: 'UnityChanToonShader/Tessellation/NoOutline/ToonColor_DoubleShadeWithFeather_TransClipping' - All subshaders removed
WARNING: Shader Did you use #pragma only_renderers and omit this platform?
WARNING: Shader If subshaders removal was intentional, you may have forgotten turning Fallback off?
WARNING: Shader Unsupported: 'UnityChanToonShader/Tessellation/NoOutline/ToonColor_DoubleShadeWithFeather_TransClipping' - All subshaders removed
WARNING: Shader Did you use #pragma only_renderers and omit this platform?
WARNING: Shader If subshaders removal was intentional, you may have forgotten turning Fallback off?
WARNING: Shader Unsupported: 'UnityChanToonShader/NoOutline/AngelRing/ToonColor_ShadingGradeMap_TransClipping_StencilOut' - All subshaders removed
WARNING: Shader Did you use #pragma only_renderers and omit this platform?
WARNING: Shader If subshaders removal was intentional, you may have forgotten turning Fallback off?
WARNING: Shader Unsupported: 'UnityChanToonShader/NoOutline/AngelRing/ToonColor_ShadingGradeMap_TransClipping_StencilOut' - All subshaders removed
WARNING: Shader Did you use #pragma only_renderers and omit this platform?
WARNING: Shader If subshaders removal was intentional, you may have forgotten turning Fallback off?
WARNING: Shader Unsupported: 'UnityChanToonShader/NoOutline/ToonColor_DoubleShadeWithFeather_TransClipping_StencilOut' - All subshaders removed
WARNING: Shader Did you use #pragma only_renderers and omit this platform?
WARNING: Shader If subshaders removal was intentional, you may have forgotten turning Fallback off?
WARNING: Shader Unsupported: 'UnityChanToonShader/NoOutline/ToonColor_DoubleShadeWithFeather_TransClipping_StencilOut' - All subshaders removed
WARNING: Shader Did you use #pragma only_renderers and omit this platform?
WARNING: Shader If subshaders removal was intentional, you may have forgotten turning Fallback off?
WARNING: Shader Unsupported: 'UnityChanToonShader/Mobile/Toon_DoubleShadeWithFeather_StencilOut' - All subshaders removed
WARNING: Shader Did you use #pragma only_renderers and omit this platform?
WARNING: Shader If subshaders removal was intentional, you may have forgotten turning Fallback off?
WARNING: Shader Unsupported: 'UnityChanToonShader/Mobile/Toon_DoubleShadeWithFeather_StencilOut' - All subshaders removed
WARNING: Shader Did you use #pragma only_renderers and omit this platform?
WARNING: Shader If subshaders removal was intentional, you may have forgotten turning Fallback off?
WARNING: Shader Unsupported: 'UnityChanToonShader/Tessellation/Light/Toon_DoubleShadeWithFeather_StencilMask' - All subshaders removed
WARNING: Shader Did you use #pragma only_renderers and omit this platform?
WARNING: Shader If subshaders removal was intentional, you may have forgotten turning Fallback off?
WARNING: Shader Unsupported: 'UnityChanToonShader/Tessellation/Light/Toon_DoubleShadeWithFeather_StencilMask' - All subshaders removed
WARNING: Shader Did you use #pragma only_renderers and omit this platform?
WARNING: Shader If subshaders removal was intentional, you may have forgotten turning Fallback off?
Refreshing native plugins compatible for Editor in 4.91 ms, found 4 plugins.
Preloading 0 native plugins for Editor in 0.00 ms.
Unloading 3586 Unused Serialized files (Serialized files now loaded: 0)
Unloading 77 unused Assets / (10.5 MB). Loaded Objects now: 4071.
Memory consumption went from 165.0 MB to 154.5 MB.
Total: 6.468200 ms (FindLiveObjects: 0.214400 ms CreateObjectMapping: 0.077100 ms MarkObjects: 2.003300 ms  DeleteObjects: 4.171700 ms)

Prepare: number of updated asset objects reloaded= 0
AssetImportParameters requested are different than current active one (requested -> active):
  custom:container-demuxer-ogg: 62fdf1f143b41e24485cea50d1cbac27 -> 
  custom:video-codec-MediaFoundation-h265: 746d11721c4dcdbdad8f713fa42b33f4 -> 
  custom:video-decoder-ogg-theora: a1e56fd34408186e4bbccfd4996cb3dc -> 
  custom:framework-win-MediaFoundation: 216162199b28c13a410421893ffa2e32 -> 
  custom:CustomObjectIndexerAttribute: 9a22284fe3817be447336de3de66b15e -> 
  custom:container-demuxer-webm: 4f35f7cbe854078d1ac9338744f61a02 -> 
  custom:container-muxer-webm: aa71ff27fc2769a1b78a27578f13a17b -> 
  custom:video-decoder-webm-vp8: 9c59270c3fd7afecdb556c50c9e8de78 -> 
  custom:SearchIndexIgnoredProperties: e643bd26f0fe6173181afceb89e7c659 -> 
  custom:AudioImporter_EditorPlatform: d09bf68614088b80899f8185d706f6e7 -> 
  custom:video-encoder-webm-vp8: eb34c28f22e8b96e1ab97ce403110664 -> 
  custom:audio-decoder-ogg-vorbis: bf7c407c2cedff20999df2af8eb42d56 -> 
  custom:audio-encoder-webm-vorbis: bf7c407c2cedff20999df2af8eb42d56 -> 
========================================================================
Received Prepare
Caller must complete domain reload
Begin MonoManager ReloadAssembly
- Loaded All Assemblies, in  0.435 seconds
Native extension for WindowsStandalone target not found
Native extension for WebGL target not found
Mono: successfully reloaded assembly
- Finished resetting the current domain, in  1.150 seconds
Domain Reload Profiling: 1581ms
	BeginReloadAssembly (139ms)
		ExecutionOrderSort (0ms)
		DisableScriptedObjects (4ms)
		BackupInstance (0ms)
		ReleaseScriptingObjects (0ms)
		CreateAndSetChildDomain (23ms)
	RebuildCommonClasses (30ms)
	RebuildNativeTypeToScriptingClass (10ms)
	initialDomainReloadingComplete (31ms)
	LoadAllAssembliesAndSetupDomain (221ms)
		LoadAssemblies (290ms)
		RebuildTransferFunctionScriptingTraits (0ms)
		AnalyzeDomain (13ms)
			TypeCache.Refresh (6ms)
				TypeCache.ScanAssembly (0ms)
			ScanForSourceGeneratedMonoScriptInfo (0ms)
			ResolveRequiredComponents (4ms)
	FinalizeReload (1150ms)
		ReleaseScriptCaches (0ms)
		RebuildScriptCaches (0ms)
		SetupLoadedEditorAssemblies (316ms)
			LogAssemblyErrors (0ms)
			InitializePlatformSupportModulesInManaged (7ms)
			SetLoadedEditorAssemblies (2ms)
			RefreshPlugins (0ms)
			BeforeProcessingInitializeOnLoad (50ms)
			ProcessInitializeOnLoadAttributes (233ms)
			ProcessInitializeOnLoadMethodAttributes (15ms)
			AfterProcessingInitializeOnLoad (7ms)
			EditorAssembliesLoaded (1ms)
		ExecutionOrderSort2 (0ms)
		AwakeInstancesAfterBackupRestoration (6ms)
WARNING: Shader Unsupported: 'UnityChanToonShader/NoOutline/ToonColor_ShadingGradeMap_StencilMask' - All subshaders removed
WARNING: Shader Did you use #pragma only_renderers and omit this platform?
WARNING: Shader If subshaders removal was intentional, you may have forgotten turning Fallback off?
WARNING: Shader Unsupported: 'UnityChanToonShader/NoOutline/ToonColor_ShadingGradeMap_StencilMask' - All subshaders removed
WARNING: Shader Did you use #pragma only_renderers and omit this platform?
WARNING: Shader If subshaders removal was intentional, you may have forgotten turning Fallback off?
WARNING: Shader Unsupported: 'UnityChanToonShader/Tessellation/Light/Toon_DoubleShadeWithFeather_StencilOut' - All subshaders removed
WARNING: Shader Did you use #pragma only_renderers and omit this platform?
WARNING: Shader If subshaders removal was intentional, you may have forgotten turning Fallback off?
WARNING: Shader Unsupported: 'UnityChanToonShader/Tessellation/Light/Toon_DoubleShadeWithFeather_StencilOut' - All subshaders removed
WARNING: Shader Did you use #pragma only_renderers and omit this platform?
WARNING: Shader If subshaders removal was intentional, you may have forgotten turning Fallback off?
WARNING: Shader Unsupported: 'UnityChanToonShader/Tessellation/NoOutline/ToonColor_DoubleShadeWithFeather_StencilOut' - All subshaders removed
WARNING: Shader Did you use #pragma only_renderers and omit this platform?
WARNING: Shader If subshaders removal was intentional, you may have forgotten turning Fallback off?
WARNING: Shader Unsupported: 'UnityChanToonShader/Tessellation/NoOutline/ToonColor_DoubleShadeWithFeather_StencilOut' - All subshaders removed
WARNING: Shader Did you use #pragma only_renderers and omit this platform?
WARNING: Shader If subshaders removal was intentional, you may have forgotten turning Fallback off?
WARNING: Shader Unsupported: 'UnityChanToonShader/Mobile/Toon_DoubleShadeWithFeather_Clipping' - All subshaders removed
WARNING: Shader Did you use #pragma only_renderers and omit this platform?
WARNING: Shader If subshaders removal was intentional, you may have forgotten turning Fallback off?
WARNING: Shader Unsupported: 'UnityChanToonShader/Mobile/Toon_DoubleShadeWithFeather_Clipping' - All subshaders removed
WARNING: Shader Did you use #pragma only_renderers and omit this platform?
WARNING: Shader If subshaders removal was intentional, you may have forgotten turning Fallback off?
WARNING: Shader Unsupported: 'UnityChanToonShader/NoOutline/ToonColor_DoubleShadeWithFeather_Clipping_StencilOut' - All subshaders removed
WARNING: Shader Did you use #pragma only_renderers and omit this platform?
WARNING: Shader If subshaders removal was intentional, you may have forgotten turning Fallback off?
WARNING: Shader Unsupported: 'UnityChanToonShader/NoOutline/ToonColor_DoubleShadeWithFeather_Clipping_StencilOut' - All subshaders removed
WARNING: Shader Did you use #pragma only_renderers and omit this platform?
WARNING: Shader If subshaders removal was intentional, you may have forgotten turning Fallback off?
WARNING: Shader Unsupported: 'UnityChanToonShader/NoOutline/ToonColor_DoubleShadeWithFeather_StencilOut' - All subshaders removed
WARNING: Shader Did you use #pragma only_renderers and omit this platform?
WARNING: Shader If subshaders removal was intentional, you may have forgotten turning Fallback off?
WARNING: Shader Unsupported: 'UnityChanToonShader/NoOutline/ToonColor_DoubleShadeWithFeather_StencilOut' - All subshaders removed
WARNING: Shader Did you use #pragma only_renderers and omit this platform?
WARNING: Shader If subshaders removal was intentional, you may have forgotten turning Fallback off?
WARNING: Shader Unsupported: 'UnityChanToonShader/NoOutline/ToonColor_DoubleShadeWithFeather_StencilMask' - All subshaders removed
WARNING: Shader Did you use #pragma only_renderers and omit this platform?
WARNING: Shader If subshaders removal was intentional, you may have forgotten turning Fallback off?
WARNING: Shader Unsupported: 'UnityChanToonShader/NoOutline/ToonColor_DoubleShadeWithFeather_StencilMask' - All subshaders removed
WARNING: Shader Did you use #pragma only_renderers and omit this platform?
WARNING: Shader If subshaders removal was intentional, you may have forgotten turning Fallback off?
WARNING: Shader Unsupported: 'UnityChanToonShader/Tessellation/NoOutline/ToonColor_ShadingGradeMap' - All subshaders removed
WARNING: Shader Did you use #pragma only_renderers and omit this platform?
WARNING: Shader If subshaders removal was intentional, you may have forgotten turning Fallback off?
WARNING: Shader Unsupported: 'UnityChanToonShader/Tessellation/NoOutline/ToonColor_ShadingGradeMap' - All subshaders removed
WARNING: Shader Did you use #pragma only_renderers and omit this platform?
WARNING: Shader If subshaders removal was intentional, you may have forgotten turning Fallback off?
WARNING: Shader Unsupported: 'UnityChanToonShader/Tessellation/NoOutline/ToonColor_DoubleShadeWithFeather' - All subshaders removed
WARNING: Shader Did you use #pragma only_renderers and omit this platform?
WARNING: Shader If subshaders removal was intentional, you may have forgotten turning Fallback off?
WARNING: Shader Unsupported: 'UnityChanToonShader/Tessellation/NoOutline/ToonColor_DoubleShadeWithFeather' - All subshaders removed
WARNING: Shader Did you use #pragma only_renderers and omit this platform?
WARNING: Shader If subshaders removal was intentional, you may have forgotten turning Fallback off?
WARNING: Shader Unsupported: 'UnityChanToonShader/Mobile/Toon_ShadingGradeMap_StencilOut' - All subshaders removed
WARNING: Shader Did you use #pragma only_renderers and omit this platform?
WARNING: Shader If subshaders removal was intentional, you may have forgotten turning Fallback off?
WARNING: Shader Unsupported: 'UnityChanToonShader/Mobile/Toon_ShadingGradeMap_StencilOut' - All subshaders removed
WARNING: Shader Did you use #pragma only_renderers and omit this platform?
WARNING: Shader If subshaders removal was intentional, you may have forgotten turning Fallback off?
WARNING: Shader Unsupported: 'UnityChanToonShader/NoOutline/ToonColor_DoubleShadeWithFeather_TransClipping_StencilMask' - All subshaders removed
WARNING: Shader Did you use #pragma only_renderers and omit this platform?
WARNING: Shader If subshaders removal was intentional, you may have forgotten turning Fallback off?
WARNING: Shader Unsupported: 'UnityChanToonShader/NoOutline/ToonColor_DoubleShadeWithFeather_TransClipping_StencilMask' - All subshaders removed
WARNING: Shader Did you use #pragma only_renderers and omit this platform?
WARNING: Shader If subshaders removal was intentional, you may have forgotten turning Fallback off?
WARNING: Shader Unsupported: 'UnityChanToonShader/Tessellation/NoOutline/ToonColor_DoubleShadeWithFeather_Clipping_StencilMask' - All subshaders removed
WARNING: Shader Did you use #pragma only_renderers and omit this platform?
WARNING: Shader If subshaders removal was intentional, you may have forgotten turning Fallback off?
WARNING: Shader Unsupported: 'UnityChanToonShader/Tessellation/NoOutline/ToonColor_DoubleShadeWithFeather_Clipping_StencilMask' - All subshaders removed
WARNING: Shader Did you use #pragma only_renderers and omit this platform?
WARNING: Shader If subshaders removal was intentional, you may have forgotten turning Fallback off?
WARNING: Shader Unsupported: 'UnityChanToonShader/Mobile/Toon_DoubleShadeWithFeather' - All subshaders removed
WARNING: Shader Did you use #pragma only_renderers and omit this platform?
WARNING: Shader If subshaders removal was intentional, you may have forgotten turning Fallback off?
WARNING: Shader Unsupported: 'UnityChanToonShader/Mobile/Toon_DoubleShadeWithFeather' - All subshaders removed
WARNING: Shader Did you use #pragma only_renderers and omit this platform?
WARNING: Shader If subshaders removal was intentional, you may have forgotten turning Fallback off?
WARNING: Shader Unsupported: 'UnityChanToonShader/Mobile/Toon_DoubleShadeWithFeather_TransClipping_StencilMask' - All subshaders removed
WARNING: Shader Did you use #pragma only_renderers and omit this platform?
WARNING: Shader If subshaders removal was intentional, you may have forgotten turning Fallback off?
WARNING: Shader Unsupported: 'UnityChanToonShader/Mobile/Toon_DoubleShadeWithFeather_TransClipping_StencilMask' - All subshaders removed
WARNING: Shader Did you use #pragma only_renderers and omit this platform?
WARNING: Shader If subshaders removal was intentional, you may have forgotten turning Fallback off?
WARNING: Shader Unsupported: 'UnityChanToonShader/NoOutline/ToonColor_DoubleShadeWithFeather_Clipping_StencilMask' - All subshaders removed
WARNING: Shader Did you use #pragma only_renderers and omit this platform?
WARNING: Shader If subshaders removal was intentional, you may have forgotten turning Fallback off?
WARNING: Shader Unsupported: 'UnityChanToonShader/NoOutline/ToonColor_DoubleShadeWithFeather_Clipping_StencilMask' - All subshaders removed
WARNING: Shader Did you use #pragma only_renderers and omit this platform?
WARNING: Shader If subshaders removal was intentional, you may have forgotten turning Fallback off?
WARNING: Shader Unsupported: 'UnityChanToonShader/Tessellation/Light/AngelRing/Toon_ShadingGradeMap' - All subshaders removed
WARNING: Shader Did you use #pragma only_renderers and omit this platform?
WARNING: Shader If subshaders removal was intentional, you may have forgotten turning Fallback off?
WARNING: Shader Unsupported: 'UnityChanToonShader/Tessellation/Light/AngelRing/Toon_ShadingGradeMap' - All subshaders removed
WARNING: Shader Did you use #pragma only_renderers and omit this platform?
WARNING: Shader If subshaders removal was intentional, you may have forgotten turning Fallback off?
WARNING: Shader Unsupported: 'UnityChanToonShader/Mobile/Toon_ShadingGradeMap' - All subshaders removed
WARNING: Shader Did you use #pragma only_renderers and omit this platform?
WARNING: Shader If subshaders removal was intentional, you may have forgotten turning Fallback off?
WARNING: Shader Unsupported: 'UnityChanToonShader/Mobile/Toon_ShadingGradeMap' - All subshaders removed
WARNING: Shader Did you use #pragma only_renderers and omit this platform?
WARNING: Shader If subshaders removal was intentional, you may have forgotten turning Fallback off?
WARNING: Shader Unsupported: 'UnityChanToonShader/Mobile/Toon_DoubleShadeWithFeather_TransClipping' - All subshaders removed
WARNING: Shader Did you use #pragma only_renderers and omit this platform?
WARNING: Shader If subshaders removal was intentional, you may have forgotten turning Fallback off?
WARNING: Shader Unsupported: 'UnityChanToonShader/Mobile/Toon_DoubleShadeWithFeather_TransClipping' - All subshaders removed
WARNING: Shader Did you use #pragma only_renderers and omit this platform?
WARNING: Shader If subshaders removal was intentional, you may have forgotten turning Fallback off?
WARNING: Shader Unsupported: 'UnityChanToonShader/Tessellation/Light/Toon_DoubleShadeWithFeather' - All subshaders removed
WARNING: Shader Did you use #pragma only_renderers and omit this platform?
WARNING: Shader If subshaders removal was intentional, you may have forgotten turning Fallback off?
WARNING: Shader Unsupported: 'UnityChanToonShader/Tessellation/Light/Toon_DoubleShadeWithFeather' - All subshaders removed
WARNING: Shader Did you use #pragma only_renderers and omit this platform?
WARNING: Shader If subshaders removal was intentional, you may have forgotten turning Fallback off?
WARNING: Shader Unsupported: 'UnityChanToonShader/NoOutline/ToonColor_DoubleShadeWithFeather_TransClipping' - All subshaders removed
WARNING: Shader Did you use #pragma only_renderers and omit this platform?
WARNING: Shader If subshaders removal was intentional, you may have forgotten turning Fallback off?
WARNING: Shader Unsupported: 'UnityChanToonShader/NoOutline/ToonColor_DoubleShadeWithFeather_TransClipping' - All subshaders removed
WARNING: Shader Did you use #pragma only_renderers and omit this platform?
WARNING: Shader If subshaders removal was intentional, you may have forgotten turning Fallback off?
WARNING: Shader Unsupported: 'UnityChanToonShader/Tessellation/NoOutline/ToonColor_ShadingGradeMap_StencilOut' - All subshaders removed
WARNING: Shader Did you use #pragma only_renderers and omit this platform?
WARNING: Shader If subshaders removal was intentional, you may have forgotten turning Fallback off?
WARNING: Shader Unsupported: 'UnityChanToonShader/Tessellation/NoOutline/ToonColor_ShadingGradeMap_StencilOut' - All subshaders removed
WARNING: Shader Did you use #pragma only_renderers and omit this platform?
WARNING: Shader If subshaders removal was intentional, you may have forgotten turning Fallback off?
WARNING: Shader Unsupported: 'UnityChanToonShader/NoOutline/ToonColor_DoubleShadeWithFeather' - All subshaders removed
WARNING: Shader Did you use #pragma only_renderers and omit this platform?
WARNING: Shader If subshaders removal was intentional, you may have forgotten turning Fallback off?
WARNING: Shader Unsupported: 'UnityChanToonShader/NoOutline/ToonColor_DoubleShadeWithFeather' - All subshaders removed
WARNING: Shader Did you use #pragma only_renderers and omit this platform?
WARNING: Shader If subshaders removal was intentional, you may have forgotten turning Fallback off?
WARNING: Shader Unsupported: 'UnityChanToonShader/Mobile/AngelRing/Toon_ShadingGradeMap_StencilOut' - All subshaders removed
WARNING: Shader Did you use #pragma only_renderers and omit this platform?
WARNING: Shader If subshaders removal was intentional, you may have forgotten turning Fallback off?
WARNING: Shader Unsupported: 'UnityChanToonShader/Mobile/AngelRing/Toon_ShadingGradeMap_StencilOut' - All subshaders removed
WARNING: Shader Did you use #pragma only_renderers and omit this platform?
WARNING: Shader If subshaders removal was intentional, you may have forgotten turning Fallback off?
WARNING: Shader Unsupported: 'UnityChanToonShader/Tessellation/NoOutline/AngelRing/ToonColor_ShadingGradeMap' - All subshaders removed
WARNING: Shader Did you use #pragma only_renderers and omit this platform?
WARNING: Shader If subshaders removal was intentional, you may have forgotten turning Fallback off?
WARNING: Shader Unsupported: 'UnityChanToonShader/Tessellation/NoOutline/AngelRing/ToonColor_ShadingGradeMap' - All subshaders removed
WARNING: Shader Did you use #pragma only_renderers and omit this platform?
WARNING: Shader If subshaders removal was intentional, you may have forgotten turning Fallback off?
WARNING: Shader Unsupported: 'UnityChanToonShader/Mobile/Toon_DoubleShadeWithFeather_Clipping_StencilMask' - All subshaders removed
WARNING: Shader Did you use #pragma only_renderers and omit this platform?
WARNING: Shader If subshaders removal was intentional, you may have forgotten turning Fallback off?
WARNING: Shader Unsupported: 'UnityChanToonShader/Mobile/Toon_DoubleShadeWithFeather_Clipping_StencilMask' - All subshaders removed
WARNING: Shader Did you use #pragma only_renderers and omit this platform?
WARNING: Shader If subshaders removal was intentional, you may have forgotten turning Fallback off?
WARNING: Shader Unsupported: 'UnityChanToonShader/Mobile/Toon_ShadingGradeMap_TransClipping' - All subshaders removed
WARNING: Shader Did you use #pragma only_renderers and omit this platform?
WARNING: Shader If subshaders removal was intentional, you may have forgotten turning Fallback off?
WARNING: Shader Unsupported: 'UnityChanToonShader/Mobile/Toon_ShadingGradeMap_TransClipping' - All subshaders removed
WARNING: Shader Did you use #pragma only_renderers and omit this platform?
WARNING: Shader If subshaders removal was intentional, you may have forgotten turning Fallback off?
WARNING: Shader Unsupported: 'UnityChanToonShader/Mobile/Toon_ShadingGradeMap_StencilMask' - All subshaders removed
WARNING: Shader Did you use #pragma only_renderers and omit this platform?
WARNING: Shader If subshaders removal was intentional, you may have forgotten turning Fallback off?
WARNING: Shader Unsupported: 'UnityChanToonShader/Mobile/Toon_ShadingGradeMap_StencilMask' - All subshaders removed
WARNING: Shader Did you use #pragma only_renderers and omit this platform?
WARNING: Shader If subshaders removal was intentional, you may have forgotten turning Fallback off?
WARNING: Shader Unsupported: 'UnityChanToonShader/NoOutline/ToonColor_ShadingGradeMap_TransClipping_StencilMask' - All subshaders removed
WARNING: Shader Did you use #pragma only_renderers and omit this platform?
WARNING: Shader If subshaders removal was intentional, you may have forgotten turning Fallback off?
WARNING: Shader Unsupported: 'UnityChanToonShader/NoOutline/ToonColor_ShadingGradeMap_TransClipping_StencilMask' - All subshaders removed
WARNING: Shader Did you use #pragma only_renderers and omit this platform?
WARNING: Shader If subshaders removal was intentional, you may have forgotten turning Fallback off?
WARNING: Shader Unsupported: 'UnityChanToonShader/Tessellation/NoOutline/AngelRing/ToonColor_ShadingGradeMap_TransClipping_StencilOut' - All subshaders removed
WARNING: Shader Did you use #pragma only_renderers and omit this platform?
WARNING: Shader If subshaders removal was intentional, you may have forgotten turning Fallback off?
WARNING: Shader Unsupported: 'UnityChanToonShader/Tessellation/NoOutline/AngelRing/ToonColor_ShadingGradeMap_TransClipping_StencilOut' - All subshaders removed
WARNING: Shader Did you use #pragma only_renderers and omit this platform?
WARNING: Shader If subshaders removal was intentional, you may have forgotten turning Fallback off?
WARNING: Shader Unsupported: 'UnityChanToonShader/Mobile/Toon_DoubleShadeWithFeather_StencilMask' - All subshaders removed
WARNING: Shader Did you use #pragma only_renderers and omit this platform?
WARNING: Shader If subshaders removal was intentional, you may have forgotten turning Fallback off?
WARNING: Shader Unsupported: 'UnityChanToonShader/Mobile/Toon_DoubleShadeWithFeather_StencilMask' - All subshaders removed
WARNING: Shader Did you use #pragma only_renderers and omit this platform?
WARNING: Shader If subshaders removal was intentional, you may have forgotten turning Fallback off?
WARNING: Shader Unsupported: 'UnityChanToonShader/Tessellation/NoOutline/ToonColor_DoubleShadeWithFeather_TransClipping_StencilMask' - All subshaders removed
WARNING: Shader Did you use #pragma only_renderers and omit this platform?
WARNING: Shader If subshaders removal was intentional, you may have forgotten turning Fallback off?
WARNING: Shader Unsupported: 'UnityChanToonShader/Tessellation/NoOutline/ToonColor_DoubleShadeWithFeather_TransClipping_StencilMask' - All subshaders removed
WARNING: Shader Did you use #pragma only_renderers and omit this platform?
WARNING: Shader If subshaders removal was intentional, you may have forgotten turning Fallback off?
WARNING: Shader Unsupported: 'UnityChanToonShader/Tessellation/NoOutline/ToonColor_DoubleShadeWithFeather_Clipping' - All subshaders removed
WARNING: Shader Did you use #pragma only_renderers and omit this platform?
WARNING: Shader If subshaders removal was intentional, you may have forgotten turning Fallback off?
WARNING: Shader Unsupported: 'UnityChanToonShader/Tessellation/NoOutline/ToonColor_DoubleShadeWithFeather_Clipping' - All subshaders removed
WARNING: Shader Did you use #pragma only_renderers and omit this platform?
WARNING: Shader If subshaders removal was intentional, you may have forgotten turning Fallback off?
WARNING: Shader Unsupported: 'UnityChanToonShader/Tessellation/Light/Toon_ShadingGradeMap_StencilMask' - All subshaders removed
WARNING: Shader Did you use #pragma only_renderers and omit this platform?
WARNING: Shader If subshaders removal was intentional, you may have forgotten turning Fallback off?
WARNING: Shader Unsupported: 'UnityChanToonShader/Tessellation/Light/Toon_ShadingGradeMap_StencilMask' - All subshaders removed
WARNING: Shader Did you use #pragma only_renderers and omit this platform?
WARNING: Shader If subshaders removal was intentional, you may have forgotten turning Fallback off?
WARNING: Shader Unsupported: 'UnityChanToonShader/Tessellation/NoOutline/ToonColor_ShadingGradeMap_StencilMask' - All subshaders removed
WARNING: Shader Did you use #pragma only_renderers and omit this platform?
WARNING: Shader If subshaders removal was intentional, you may have forgotten turning Fallback off?
WARNING: Shader Unsupported: 'UnityChanToonShader/Tessellation/NoOutline/ToonColor_ShadingGradeMap_StencilMask' - All subshaders removed
WARNING: Shader Did you use #pragma only_renderers and omit this platform?
WARNING: Shader If subshaders removal was intentional, you may have forgotten turning Fallback off?
WARNING: Shader Unsupported: 'UnityChanToonShader/Tessellation/NoOutline/AngelRing/ToonColor_ShadingGradeMap_StencilOut' - All subshaders removed
WARNING: Shader Did you use #pragma only_renderers and omit this platform?
WARNING: Shader If subshaders removal was intentional, you may have forgotten turning Fallback off?
WARNING: Shader Unsupported: 'UnityChanToonShader/Tessellation/NoOutline/AngelRing/ToonColor_ShadingGradeMap_StencilOut' - All subshaders removed
WARNING: Shader Did you use #pragma only_renderers and omit this platform?
WARNING: Shader If subshaders removal was intentional, you may have forgotten turning Fallback off?
WARNING: Shader Unsupported: 'UnityChanToonShader/NoOutline/ToonColor_ShadingGradeMap_StencilOut' - All subshaders removed
WARNING: Shader Did you use #pragma only_renderers and omit this platform?
WARNING: Shader If subshaders removal was intentional, you may have forgotten turning Fallback off?
WARNING: Shader Unsupported: 'UnityChanToonShader/NoOutline/ToonColor_ShadingGradeMap_StencilOut' - All subshaders removed
WARNING: Shader Did you use #pragma only_renderers and omit this platform?
WARNING: Shader If subshaders removal was intentional, you may have forgotten turning Fallback off?
WARNING: Shader Unsupported: 'UnityChanToonShader/NoOutline/ToonColor_ShadingGradeMap' - All subshaders removed
WARNING: Shader Did you use #pragma only_renderers and omit this platform?
WARNING: Shader If subshaders removal was intentional, you may have forgotten turning Fallback off?
WARNING: Shader Unsupported: 'UnityChanToonShader/NoOutline/ToonColor_ShadingGradeMap' - All subshaders removed
WARNING: Shader Did you use #pragma only_renderers and omit this platform?
WARNING: Shader If subshaders removal was intentional, you may have forgotten turning Fallback off?
WARNING: Shader Unsupported: 'UnityChanToonShader/NoOutline/ToonColor_DoubleShadeWithFeather_Clipping' - All subshaders removed
WARNING: Shader Did you use #pragma only_renderers and omit this platform?
WARNING: Shader If subshaders removal was intentional, you may have forgotten turning Fallback off?
WARNING: Shader Unsupported: 'UnityChanToonShader/NoOutline/ToonColor_DoubleShadeWithFeather_Clipping' - All subshaders removed
WARNING: Shader Did you use #pragma only_renderers and omit this platform?
WARNING: Shader If subshaders removal was intentional, you may have forgotten turning Fallback off?
WARNING: Shader Unsupported: 'UnityChanToonShader/NoOutline/ToonColor_ShadingGradeMap_TransClipping_StencilOut' - All subshaders removed
WARNING: Shader Did you use #pragma only_renderers and omit this platform?
WARNING: Shader If subshaders removal was intentional, you may have forgotten turning Fallback off?
WARNING: Shader Unsupported: 'UnityChanToonShader/NoOutline/ToonColor_ShadingGradeMap_TransClipping_StencilOut' - All subshaders removed
WARNING: Shader Did you use #pragma only_renderers and omit this platform?
WARNING: Shader If subshaders removal was intentional, you may have forgotten turning Fallback off?
WARNING: Shader Unsupported: 'UnityChanToonShader/Tessellation/NoOutline/ToonColor_DoubleShadeWithFeather_TransClipping_StencilOut' - All subshaders removed
WARNING: Shader Did you use #pragma only_renderers and omit this platform?
WARNING: Shader If subshaders removal was intentional, you may have forgotten turning Fallback off?
WARNING: Shader Unsupported: 'UnityChanToonShader/Tessellation/NoOutline/ToonColor_DoubleShadeWithFeather_TransClipping_StencilOut' - All subshaders removed
WARNING: Shader Did you use #pragma only_renderers and omit this platform?
WARNING: Shader If subshaders removal was intentional, you may have forgotten turning Fallback off?
WARNING: Shader Unsupported: 'UnityChanToonShader/Tessellation/NoOutline/ToonColor_DoubleShadeWithFeather_Clipping_StencilOut' - All subshaders removed
WARNING: Shader Did you use #pragma only_renderers and omit this platform?
WARNING: Shader If subshaders removal was intentional, you may have forgotten turning Fallback off?
WARNING: Shader Unsupported: 'UnityChanToonShader/Tessellation/NoOutline/ToonColor_DoubleShadeWithFeather_Clipping_StencilOut' - All subshaders removed
WARNING: Shader Did you use #pragma only_renderers and omit this platform?
WARNING: Shader If subshaders removal was intentional, you may have forgotten turning Fallback off?
WARNING: Shader Unsupported: 'UnityChanToonShader/Tessellation/NoOutline/ToonColor_ShadingGradeMap_TransClipping' - All subshaders removed
WARNING: Shader Did you use #pragma only_renderers and omit this platform?
WARNING: Shader If subshaders removal was intentional, you may have forgotten turning Fallback off?
WARNING: Shader Unsupported: 'UnityChanToonShader/Tessellation/NoOutline/ToonColor_ShadingGradeMap_TransClipping' - All subshaders removed
WARNING: Shader Did you use #pragma only_renderers and omit this platform?
WARNING: Shader If subshaders removal was intentional, you may have forgotten turning Fallback off?
WARNING: Shader Unsupported: 'UnityChanToonShader/Tessellation/Light/Toon_ShadingGradeMap_StencilOut' - All subshaders removed
WARNING: Shader Did you use #pragma only_renderers and omit this platform?
WARNING: Shader If subshaders removal was intentional, you may have forgotten turning Fallback off?
WARNING: Shader Unsupported: 'UnityChanToonShader/Tessellation/Light/Toon_ShadingGradeMap_StencilOut' - All subshaders removed
WARNING: Shader Did you use #pragma only_renderers and omit this platform?
WARNING: Shader If subshaders removal was intentional, you may have forgotten turning Fallback off?
WARNING: Shader Unsupported: 'UnityChanToonShader/Mobile/AngelRing/Toon_ShadingGradeMap' - All subshaders removed
WARNING: Shader Did you use #pragma only_renderers and omit this platform?
WARNING: Shader If subshaders removal was intentional, you may have forgotten turning Fallback off?
WARNING: Shader Unsupported: 'UnityChanToonShader/Mobile/AngelRing/Toon_ShadingGradeMap' - All subshaders removed
WARNING: Shader Did you use #pragma only_renderers and omit this platform?
WARNING: Shader If subshaders removal was intentional, you may have forgotten turning Fallback off?
WARNING: Shader Unsupported: 'UnityChanToonShader/Tessellation/Light/AngelRing/Toon_ShadingGradeMap_StencilOut' - All subshaders removed
WARNING: Shader Did you use #pragma only_renderers and omit this platform?
WARNING: Shader If subshaders removal was intentional, you may have forgotten turning Fallback off?
WARNING: Shader Unsupported: 'UnityChanToonShader/Tessellation/Light/AngelRing/Toon_ShadingGradeMap_StencilOut' - All subshaders removed
WARNING: Shader Did you use #pragma only_renderers and omit this platform?
WARNING: Shader If subshaders removal was intentional, you may have forgotten turning Fallback off?
WARNING: Shader Unsupported: 'UnityChanToonShader/Tessellation/NoOutline/AngelRing/ToonColor_ShadingGradeMap_TransClipping' - All subshaders removed
WARNING: Shader Did you use #pragma only_renderers and omit this platform?
WARNING: Shader If subshaders removal was intentional, you may have forgotten turning Fallback off?
WARNING: Shader Unsupported: 'UnityChanToonShader/Tessellation/NoOutline/AngelRing/ToonColor_ShadingGradeMap_TransClipping' - All subshaders removed
WARNING: Shader Did you use #pragma only_renderers and omit this platform?
WARNING: Shader If subshaders removal was intentional, you may have forgotten turning Fallback off?
WARNING: Shader Unsupported: 'UnityChanToonShader/NoOutline/AngelRing/ToonColor_ShadingGradeMap_TransClipping' - All subshaders removed
WARNING: Shader Did you use #pragma only_renderers and omit this platform?
WARNING: Shader If subshaders removal was intentional, you may have forgotten turning Fallback off?
WARNING: Shader Unsupported: 'UnityChanToonShader/NoOutline/AngelRing/ToonColor_ShadingGradeMap_TransClipping' - All subshaders removed
WARNING: Shader Did you use #pragma only_renderers and omit this platform?
WARNING: Shader If subshaders removal was intentional, you may have forgotten turning Fallback off?
WARNING: Shader Unsupported: 'UnityChanToonShader/Mobile/Toon_ShadingGradeMap_TransClipping_StencilMask' - All subshaders removed
WARNING: Shader Did you use #pragma only_renderers and omit this platform?
WARNING: Shader If subshaders removal was intentional, you may have forgotten turning Fallback off?
WARNING: Shader Unsupported: 'UnityChanToonShader/Mobile/Toon_ShadingGradeMap_TransClipping_StencilMask' - All subshaders removed
WARNING: Shader Did you use #pragma only_renderers and omit this platform?
WARNING: Shader If subshaders removal was intentional, you may have forgotten turning Fallback off?
WARNING: Shader Unsupported: 'UnityChanToonShader/NoOutline/ToonColor_ShadingGradeMap_TransClipping' - All subshaders removed
WARNING: Shader Did you use #pragma only_renderers and omit this platform?
WARNING: Shader If subshaders removal was intentional, you may have forgotten turning Fallback off?
WARNING: Shader Unsupported: 'UnityChanToonShader/NoOutline/ToonColor_ShadingGradeMap_TransClipping' - All subshaders removed
WARNING: Shader Did you use #pragma only_renderers and omit this platform?
WARNING: Shader If subshaders removal was intentional, you may have forgotten turning Fallback off?
WARNING: Shader Unsupported: 'UnityChanToonShader/NoOutline/AngelRing/ToonColor_ShadingGradeMap_StencilOut' - All subshaders removed
WARNING: Shader Did you use #pragma only_renderers and omit this platform?
WARNING: Shader If subshaders removal was intentional, you may have forgotten turning Fallback off?
WARNING: Shader Unsupported: 'UnityChanToonShader/NoOutline/AngelRing/ToonColor_ShadingGradeMap_StencilOut' - All subshaders removed
WARNING: Shader Did you use #pragma only_renderers and omit this platform?
WARNING: Shader If subshaders removal was intentional, you may have forgotten turning Fallback off?
WARNING: Shader Unsupported: 'UnityChanToonShader/Tessellation/NoOutline/ToonColor_ShadingGradeMap_TransClipping_StencilMask' - All subshaders removed
WARNING: Shader Did you use #pragma only_renderers and omit this platform?
WARNING: Shader If subshaders removal was intentional, you may have forgotten turning Fallback off?
WARNING: Shader Unsupported: 'UnityChanToonShader/Tessellation/NoOutline/ToonColor_ShadingGradeMap_TransClipping_StencilMask' - All subshaders removed
WARNING: Shader Did you use #pragma only_renderers and omit this platform?
WARNING: Shader If subshaders removal was intentional, you may have forgotten turning Fallback off?
WARNING: Shader Unsupported: 'UnityChanToonShader/Tessellation/Light/Toon_ShadingGradeMap' - All subshaders removed
WARNING: Shader Did you use #pragma only_renderers and omit this platform?
WARNING: Shader If subshaders removal was intentional, you may have forgotten turning Fallback off?
WARNING: Shader Unsupported: 'UnityChanToonShader/Tessellation/Light/Toon_ShadingGradeMap' - All subshaders removed
WARNING: Shader Did you use #pragma only_renderers and omit this platform?
WARNING: Shader If subshaders removal was intentional, you may have forgotten turning Fallback off?
WARNING: Shader Unsupported: 'UnityChanToonShader/Tessellation/NoOutline/ToonColor_ShadingGradeMap_TransClipping_StencilOut' - All subshaders removed
WARNING: Shader Did you use #pragma only_renderers and omit this platform?
WARNING: Shader If subshaders removal was intentional, you may have forgotten turning Fallback off?
WARNING: Shader Unsupported: 'UnityChanToonShader/Tessellation/NoOutline/ToonColor_ShadingGradeMap_TransClipping_StencilOut' - All subshaders removed
WARNING: Shader Did you use #pragma only_renderers and omit this platform?
WARNING: Shader If subshaders removal was intentional, you may have forgotten turning Fallback off?
WARNING: Shader Unsupported: 'UnityChanToonShader/Tessellation/NoOutline/ToonColor_DoubleShadeWithFeather_StencilMask' - All subshaders removed
WARNING: Shader Did you use #pragma only_renderers and omit this platform?
WARNING: Shader If subshaders removal was intentional, you may have forgotten turning Fallback off?
WARNING: Shader Unsupported: 'UnityChanToonShader/Tessellation/NoOutline/ToonColor_DoubleShadeWithFeather_StencilMask' - All subshaders removed
WARNING: Shader Did you use #pragma only_renderers and omit this platform?
WARNING: Shader If subshaders removal was intentional, you may have forgotten turning Fallback off?
WARNING: Shader Unsupported: 'UnityChanToonShader/NoOutline/AngelRing/ToonColor_ShadingGradeMap' - All subshaders removed
WARNING: Shader Did you use #pragma only_renderers and omit this platform?
WARNING: Shader If subshaders removal was intentional, you may have forgotten turning Fallback off?
WARNING: Shader Unsupported: 'UnityChanToonShader/NoOutline/AngelRing/ToonColor_ShadingGradeMap' - All subshaders removed
WARNING: Shader Did you use #pragma only_renderers and omit this platform?
WARNING: Shader If subshaders removal was intentional, you may have forgotten turning Fallback off?
WARNING: Shader Unsupported: 'UnityChanToonShader/Tessellation/NoOutline/ToonColor_DoubleShadeWithFeather_TransClipping' - All subshaders removed
WARNING: Shader Did you use #pragma only_renderers and omit this platform?
WARNING: Shader If subshaders removal was intentional, you may have forgotten turning Fallback off?
WARNING: Shader Unsupported: 'UnityChanToonShader/Tessellation/NoOutline/ToonColor_DoubleShadeWithFeather_TransClipping' - All subshaders removed
WARNING: Shader Did you use #pragma only_renderers and omit this platform?
WARNING: Shader If subshaders removal was intentional, you may have forgotten turning Fallback off?
WARNING: Shader Unsupported: 'UnityChanToonShader/NoOutline/AngelRing/ToonColor_ShadingGradeMap_TransClipping_StencilOut' - All subshaders removed
WARNING: Shader Did you use #pragma only_renderers and omit this platform?
WARNING: Shader If subshaders removal was intentional, you may have forgotten turning Fallback off?
WARNING: Shader Unsupported: 'UnityChanToonShader/NoOutline/AngelRing/ToonColor_ShadingGradeMap_TransClipping_StencilOut' - All subshaders removed
WARNING: Shader Did you use #pragma only_renderers and omit this platform?
WARNING: Shader If subshaders removal was intentional, you may have forgotten turning Fallback off?
WARNING: Shader Unsupported: 'UnityChanToonShader/NoOutline/ToonColor_DoubleShadeWithFeather_TransClipping_StencilOut' - All subshaders removed
WARNING: Shader Did you use #pragma only_renderers and omit this platform?
WARNING: Shader If subshaders removal was intentional, you may have forgotten turning Fallback off?
WARNING: Shader Unsupported: 'UnityChanToonShader/NoOutline/ToonColor_DoubleShadeWithFeather_TransClipping_StencilOut' - All subshaders removed
WARNING: Shader Did you use #pragma only_renderers and omit this platform?
WARNING: Shader If subshaders removal was intentional, you may have forgotten turning Fallback off?
WARNING: Shader Unsupported: 'UnityChanToonShader/Mobile/Toon_DoubleShadeWithFeather_StencilOut' - All subshaders removed
WARNING: Shader Did you use #pragma only_renderers and omit this platform?
WARNING: Shader If subshaders removal was intentional, you may have forgotten turning Fallback off?
WARNING: Shader Unsupported: 'UnityChanToonShader/Mobile/Toon_DoubleShadeWithFeather_StencilOut' - All subshaders removed
WARNING: Shader Did you use #pragma only_renderers and omit this platform?
WARNING: Shader If subshaders removal was intentional, you may have forgotten turning Fallback off?
WARNING: Shader Unsupported: 'UnityChanToonShader/Tessellation/Light/Toon_DoubleShadeWithFeather_StencilMask' - All subshaders removed
WARNING: Shader Did you use #pragma only_renderers and omit this platform?
WARNING: Shader If subshaders removal was intentional, you may have forgotten turning Fallback off?
WARNING: Shader Unsupported: 'UnityChanToonShader/Tessellation/Light/Toon_DoubleShadeWithFeather_StencilMask' - All subshaders removed
WARNING: Shader Did you use #pragma only_renderers and omit this platform?
WARNING: Shader If subshaders removal was intentional, you may have forgotten turning Fallback off?
Refreshing native plugins compatible for Editor in 6.36 ms, found 4 plugins.
Preloading 0 native plugins for Editor in 0.00 ms.
Unloading 3586 Unused Serialized files (Serialized files now loaded: 0)
Unloading 77 unused Assets / (10.6 MB). Loaded Objects now: 4075.
Memory consumption went from 165.0 MB to 154.5 MB.
Total: 14.240600 ms (FindLiveObjects: 0.315900 ms CreateObjectMapping: 0.155700 ms MarkObjects: 8.161900 ms  DeleteObjects: 5.605800 ms)

Prepare: number of updated asset objects reloaded= 0
AssetImportParameters requested are different than current active one (requested -> active):
  custom:container-demuxer-ogg: 62fdf1f143b41e24485cea50d1cbac27 -> 
  custom:video-codec-MediaFoundation-h265: 746d11721c4dcdbdad8f713fa42b33f4 -> 
  custom:video-decoder-ogg-theora: a1e56fd34408186e4bbccfd4996cb3dc -> 
  custom:framework-win-MediaFoundation: 216162199b28c13a410421893ffa2e32 -> 
  custom:CustomObjectIndexerAttribute: 9a22284fe3817be447336de3de66b15e -> 
  custom:container-demuxer-webm: 4f35f7cbe854078d1ac9338744f61a02 -> 
  custom:container-muxer-webm: aa71ff27fc2769a1b78a27578f13a17b -> 
  custom:video-decoder-webm-vp8: 9c59270c3fd7afecdb556c50c9e8de78 -> 
  custom:SearchIndexIgnoredProperties: e643bd26f0fe6173181afceb89e7c659 -> 
  custom:AudioImporter_EditorPlatform: d09bf68614088b80899f8185d706f6e7 -> 
  custom:video-encoder-webm-vp8: eb34c28f22e8b96e1ab97ce403110664 -> 
  custom:audio-decoder-ogg-vorbis: bf7c407c2cedff20999df2af8eb42d56 -> 
  custom:audio-encoder-webm-vorbis: bf7c407c2cedff20999df2af8eb42d56 -> 
========================================================================
Received Prepare
Caller must complete domain reload
Begin MonoManager ReloadAssembly
- Loaded All Assemblies, in  0.455 seconds
Native extension for WindowsStandalone target not found
Native extension for WebGL target not found
Mono: successfully reloaded assembly
- Finished resetting the current domain, in  1.191 seconds
Domain Reload Profiling: 1643ms
	BeginReloadAssembly (141ms)
		ExecutionOrderSort (0ms)
		DisableScriptedObjects (4ms)
		BackupInstance (0ms)
		ReleaseScriptingObjects (0ms)
		CreateAndSetChildDomain (25ms)
	RebuildCommonClasses (30ms)
	RebuildNativeTypeToScriptingClass (9ms)
	initialDomainReloadingComplete (29ms)
	LoadAllAssembliesAndSetupDomain (243ms)
		LoadAssemblies (297ms)
		RebuildTransferFunctionScriptingTraits (0ms)
		AnalyzeDomain (27ms)
			TypeCache.Refresh (10ms)
				TypeCache.ScanAssembly (0ms)
			ScanForSourceGeneratedMonoScriptInfo (9ms)
			ResolveRequiredComponents (5ms)
	FinalizeReload (1191ms)
		ReleaseScriptCaches (0ms)
		RebuildScriptCaches (0ms)
		SetupLoadedEditorAssemblies (350ms)
			LogAssemblyErrors (0ms)
			InitializePlatformSupportModulesInManaged (7ms)
			SetLoadedEditorAssemblies (2ms)
			RefreshPlugins (0ms)
			BeforeProcessingInitializeOnLoad (54ms)
			ProcessInitializeOnLoadAttributes (262ms)
			ProcessInitializeOnLoadMethodAttributes (16ms)
			AfterProcessingInitializeOnLoad (8ms)
			EditorAssembliesLoaded (0ms)
		ExecutionOrderSort2 (0ms)
		AwakeInstancesAfterBackupRestoration (5ms)
WARNING: Shader Unsupported: 'UnityChanToonShader/NoOutline/ToonColor_ShadingGradeMap_StencilMask' - All subshaders removed
WARNING: Shader Did you use #pragma only_renderers and omit this platform?
WARNING: Shader If subshaders removal was intentional, you may have forgotten turning Fallback off?
WARNING: Shader Unsupported: 'UnityChanToonShader/NoOutline/ToonColor_ShadingGradeMap_StencilMask' - All subshaders removed
WARNING: Shader Did you use #pragma only_renderers and omit this platform?
WARNING: Shader If subshaders removal was intentional, you may have forgotten turning Fallback off?
WARNING: Shader Unsupported: 'UnityChanToonShader/Tessellation/Light/Toon_DoubleShadeWithFeather_StencilOut' - All subshaders removed
WARNING: Shader Did you use #pragma only_renderers and omit this platform?
WARNING: Shader If subshaders removal was intentional, you may have forgotten turning Fallback off?
WARNING: Shader Unsupported: 'UnityChanToonShader/Tessellation/Light/Toon_DoubleShadeWithFeather_StencilOut' - All subshaders removed
WARNING: Shader Did you use #pragma only_renderers and omit this platform?
WARNING: Shader If subshaders removal was intentional, you may have forgotten turning Fallback off?
WARNING: Shader Unsupported: 'UnityChanToonShader/Tessellation/NoOutline/ToonColor_DoubleShadeWithFeather_StencilOut' - All subshaders removed
WARNING: Shader Did you use #pragma only_renderers and omit this platform?
WARNING: Shader If subshaders removal was intentional, you may have forgotten turning Fallback off?
WARNING: Shader Unsupported: 'UnityChanToonShader/Tessellation/NoOutline/ToonColor_DoubleShadeWithFeather_StencilOut' - All subshaders removed
WARNING: Shader Did you use #pragma only_renderers and omit this platform?
WARNING: Shader If subshaders removal was intentional, you may have forgotten turning Fallback off?
WARNING: Shader Unsupported: 'UnityChanToonShader/Mobile/Toon_DoubleShadeWithFeather_Clipping' - All subshaders removed
WARNING: Shader Did you use #pragma only_renderers and omit this platform?
WARNING: Shader If subshaders removal was intentional, you may have forgotten turning Fallback off?
WARNING: Shader Unsupported: 'UnityChanToonShader/Mobile/Toon_DoubleShadeWithFeather_Clipping' - All subshaders removed
WARNING: Shader Did you use #pragma only_renderers and omit this platform?
WARNING: Shader If subshaders removal was intentional, you may have forgotten turning Fallback off?
WARNING: Shader Unsupported: 'UnityChanToonShader/NoOutline/ToonColor_DoubleShadeWithFeather_Clipping_StencilOut' - All subshaders removed
WARNING: Shader Did you use #pragma only_renderers and omit this platform?
WARNING: Shader If subshaders removal was intentional, you may have forgotten turning Fallback off?
WARNING: Shader Unsupported: 'UnityChanToonShader/NoOutline/ToonColor_DoubleShadeWithFeather_Clipping_StencilOut' - All subshaders removed
WARNING: Shader Did you use #pragma only_renderers and omit this platform?
WARNING: Shader If subshaders removal was intentional, you may have forgotten turning Fallback off?
WARNING: Shader Unsupported: 'UnityChanToonShader/NoOutline/ToonColor_DoubleShadeWithFeather_StencilOut' - All subshaders removed
WARNING: Shader Did you use #pragma only_renderers and omit this platform?
WARNING: Shader If subshaders removal was intentional, you may have forgotten turning Fallback off?
WARNING: Shader Unsupported: 'UnityChanToonShader/NoOutline/ToonColor_DoubleShadeWithFeather_StencilOut' - All subshaders removed
WARNING: Shader Did you use #pragma only_renderers and omit this platform?
WARNING: Shader If subshaders removal was intentional, you may have forgotten turning Fallback off?
WARNING: Shader Unsupported: 'UnityChanToonShader/NoOutline/ToonColor_DoubleShadeWithFeather_StencilMask' - All subshaders removed
WARNING: Shader Did you use #pragma only_renderers and omit this platform?
WARNING: Shader If subshaders removal was intentional, you may have forgotten turning Fallback off?
WARNING: Shader Unsupported: 'UnityChanToonShader/NoOutline/ToonColor_DoubleShadeWithFeather_StencilMask' - All subshaders removed
WARNING: Shader Did you use #pragma only_renderers and omit this platform?
WARNING: Shader If subshaders removal was intentional, you may have forgotten turning Fallback off?
WARNING: Shader Unsupported: 'UnityChanToonShader/Tessellation/NoOutline/ToonColor_ShadingGradeMap' - All subshaders removed
WARNING: Shader Did you use #pragma only_renderers and omit this platform?
WARNING: Shader If subshaders removal was intentional, you may have forgotten turning Fallback off?
WARNING: Shader Unsupported: 'UnityChanToonShader/Tessellation/NoOutline/ToonColor_ShadingGradeMap' - All subshaders removed
WARNING: Shader Did you use #pragma only_renderers and omit this platform?
WARNING: Shader If subshaders removal was intentional, you may have forgotten turning Fallback off?
WARNING: Shader Unsupported: 'UnityChanToonShader/Tessellation/NoOutline/ToonColor_DoubleShadeWithFeather' - All subshaders removed
WARNING: Shader Did you use #pragma only_renderers and omit this platform?
WARNING: Shader If subshaders removal was intentional, you may have forgotten turning Fallback off?
WARNING: Shader Unsupported: 'UnityChanToonShader/Tessellation/NoOutline/ToonColor_DoubleShadeWithFeather' - All subshaders removed
WARNING: Shader Did you use #pragma only_renderers and omit this platform?
WARNING: Shader If subshaders removal was intentional, you may have forgotten turning Fallback off?
WARNING: Shader Unsupported: 'UnityChanToonShader/Mobile/Toon_ShadingGradeMap_StencilOut' - All subshaders removed
WARNING: Shader Did you use #pragma only_renderers and omit this platform?
WARNING: Shader If subshaders removal was intentional, you may have forgotten turning Fallback off?
WARNING: Shader Unsupported: 'UnityChanToonShader/Mobile/Toon_ShadingGradeMap_StencilOut' - All subshaders removed
WARNING: Shader Did you use #pragma only_renderers and omit this platform?
WARNING: Shader If subshaders removal was intentional, you may have forgotten turning Fallback off?
WARNING: Shader Unsupported: 'UnityChanToonShader/NoOutline/ToonColor_DoubleShadeWithFeather_TransClipping_StencilMask' - All subshaders removed
WARNING: Shader Did you use #pragma only_renderers and omit this platform?
WARNING: Shader If subshaders removal was intentional, you may have forgotten turning Fallback off?
WARNING: Shader Unsupported: 'UnityChanToonShader/NoOutline/ToonColor_DoubleShadeWithFeather_TransClipping_StencilMask' - All subshaders removed
WARNING: Shader Did you use #pragma only_renderers and omit this platform?
WARNING: Shader If subshaders removal was intentional, you may have forgotten turning Fallback off?
WARNING: Shader Unsupported: 'UnityChanToonShader/Tessellation/NoOutline/ToonColor_DoubleShadeWithFeather_Clipping_StencilMask' - All subshaders removed
WARNING: Shader Did you use #pragma only_renderers and omit this platform?
WARNING: Shader If subshaders removal was intentional, you may have forgotten turning Fallback off?
WARNING: Shader Unsupported: 'UnityChanToonShader/Tessellation/NoOutline/ToonColor_DoubleShadeWithFeather_Clipping_StencilMask' - All subshaders removed
WARNING: Shader Did you use #pragma only_renderers and omit this platform?
WARNING: Shader If subshaders removal was intentional, you may have forgotten turning Fallback off?
WARNING: Shader Unsupported: 'UnityChanToonShader/Mobile/Toon_DoubleShadeWithFeather' - All subshaders removed
WARNING: Shader Did you use #pragma only_renderers and omit this platform?
WARNING: Shader If subshaders removal was intentional, you may have forgotten turning Fallback off?
WARNING: Shader Unsupported: 'UnityChanToonShader/Mobile/Toon_DoubleShadeWithFeather' - All subshaders removed
WARNING: Shader Did you use #pragma only_renderers and omit this platform?
WARNING: Shader If subshaders removal was intentional, you may have forgotten turning Fallback off?
WARNING: Shader Unsupported: 'UnityChanToonShader/Mobile/Toon_DoubleShadeWithFeather_TransClipping_StencilMask' - All subshaders removed
WARNING: Shader Did you use #pragma only_renderers and omit this platform?
WARNING: Shader If subshaders removal was intentional, you may have forgotten turning Fallback off?
WARNING: Shader Unsupported: 'UnityChanToonShader/Mobile/Toon_DoubleShadeWithFeather_TransClipping_StencilMask' - All subshaders removed
WARNING: Shader Did you use #pragma only_renderers and omit this platform?
WARNING: Shader If subshaders removal was intentional, you may have forgotten turning Fallback off?
WARNING: Shader Unsupported: 'UnityChanToonShader/NoOutline/ToonColor_DoubleShadeWithFeather_Clipping_StencilMask' - All subshaders removed
WARNING: Shader Did you use #pragma only_renderers and omit this platform?
WARNING: Shader If subshaders removal was intentional, you may have forgotten turning Fallback off?
WARNING: Shader Unsupported: 'UnityChanToonShader/NoOutline/ToonColor_DoubleShadeWithFeather_Clipping_StencilMask' - All subshaders removed
WARNING: Shader Did you use #pragma only_renderers and omit this platform?
WARNING: Shader If subshaders removal was intentional, you may have forgotten turning Fallback off?
WARNING: Shader Unsupported: 'UnityChanToonShader/Tessellation/Light/AngelRing/Toon_ShadingGradeMap' - All subshaders removed
WARNING: Shader Did you use #pragma only_renderers and omit this platform?
WARNING: Shader If subshaders removal was intentional, you may have forgotten turning Fallback off?
WARNING: Shader Unsupported: 'UnityChanToonShader/Tessellation/Light/AngelRing/Toon_ShadingGradeMap' - All subshaders removed
WARNING: Shader Did you use #pragma only_renderers and omit this platform?
WARNING: Shader If subshaders removal was intentional, you may have forgotten turning Fallback off?
WARNING: Shader Unsupported: 'UnityChanToonShader/Mobile/Toon_ShadingGradeMap' - All subshaders removed
WARNING: Shader Did you use #pragma only_renderers and omit this platform?
WARNING: Shader If subshaders removal was intentional, you may have forgotten turning Fallback off?
WARNING: Shader Unsupported: 'UnityChanToonShader/Mobile/Toon_ShadingGradeMap' - All subshaders removed
WARNING: Shader Did you use #pragma only_renderers and omit this platform?
WARNING: Shader If subshaders removal was intentional, you may have forgotten turning Fallback off?
WARNING: Shader Unsupported: 'UnityChanToonShader/Mobile/Toon_DoubleShadeWithFeather_TransClipping' - All subshaders removed
WARNING: Shader Did you use #pragma only_renderers and omit this platform?
WARNING: Shader If subshaders removal was intentional, you may have forgotten turning Fallback off?
WARNING: Shader Unsupported: 'UnityChanToonShader/Mobile/Toon_DoubleShadeWithFeather_TransClipping' - All subshaders removed
WARNING: Shader Did you use #pragma only_renderers and omit this platform?
WARNING: Shader If subshaders removal was intentional, you may have forgotten turning Fallback off?
WARNING: Shader Unsupported: 'UnityChanToonShader/Tessellation/Light/Toon_DoubleShadeWithFeather' - All subshaders removed
WARNING: Shader Did you use #pragma only_renderers and omit this platform?
WARNING: Shader If subshaders removal was intentional, you may have forgotten turning Fallback off?
WARNING: Shader Unsupported: 'UnityChanToonShader/Tessellation/Light/Toon_DoubleShadeWithFeather' - All subshaders removed
WARNING: Shader Did you use #pragma only_renderers and omit this platform?
WARNING: Shader If subshaders removal was intentional, you may have forgotten turning Fallback off?
WARNING: Shader Unsupported: 'UnityChanToonShader/NoOutline/ToonColor_DoubleShadeWithFeather_TransClipping' - All subshaders removed
WARNING: Shader Did you use #pragma only_renderers and omit this platform?
WARNING: Shader If subshaders removal was intentional, you may have forgotten turning Fallback off?
WARNING: Shader Unsupported: 'UnityChanToonShader/NoOutline/ToonColor_DoubleShadeWithFeather_TransClipping' - All subshaders removed
WARNING: Shader Did you use #pragma only_renderers and omit this platform?
WARNING: Shader If subshaders removal was intentional, you may have forgotten turning Fallback off?
WARNING: Shader Unsupported: 'UnityChanToonShader/Tessellation/NoOutline/ToonColor_ShadingGradeMap_StencilOut' - All subshaders removed
WARNING: Shader Did you use #pragma only_renderers and omit this platform?
WARNING: Shader If subshaders removal was intentional, you may have forgotten turning Fallback off?
WARNING: Shader Unsupported: 'UnityChanToonShader/Tessellation/NoOutline/ToonColor_ShadingGradeMap_StencilOut' - All subshaders removed
WARNING: Shader Did you use #pragma only_renderers and omit this platform?
WARNING: Shader If subshaders removal was intentional, you may have forgotten turning Fallback off?
WARNING: Shader Unsupported: 'UnityChanToonShader/NoOutline/ToonColor_DoubleShadeWithFeather' - All subshaders removed
WARNING: Shader Did you use #pragma only_renderers and omit this platform?
WARNING: Shader If subshaders removal was intentional, you may have forgotten turning Fallback off?
WARNING: Shader Unsupported: 'UnityChanToonShader/NoOutline/ToonColor_DoubleShadeWithFeather' - All subshaders removed
WARNING: Shader Did you use #pragma only_renderers and omit this platform?
WARNING: Shader If subshaders removal was intentional, you may have forgotten turning Fallback off?
WARNING: Shader Unsupported: 'UnityChanToonShader/Mobile/AngelRing/Toon_ShadingGradeMap_StencilOut' - All subshaders removed
WARNING: Shader Did you use #pragma only_renderers and omit this platform?
WARNING: Shader If subshaders removal was intentional, you may have forgotten turning Fallback off?
WARNING: Shader Unsupported: 'UnityChanToonShader/Mobile/AngelRing/Toon_ShadingGradeMap_StencilOut' - All subshaders removed
WARNING: Shader Did you use #pragma only_renderers and omit this platform?
WARNING: Shader If subshaders removal was intentional, you may have forgotten turning Fallback off?
WARNING: Shader Unsupported: 'UnityChanToonShader/Tessellation/NoOutline/AngelRing/ToonColor_ShadingGradeMap' - All subshaders removed
WARNING: Shader Did you use #pragma only_renderers and omit this platform?
WARNING: Shader If subshaders removal was intentional, you may have forgotten turning Fallback off?
WARNING: Shader Unsupported: 'UnityChanToonShader/Tessellation/NoOutline/AngelRing/ToonColor_ShadingGradeMap' - All subshaders removed
WARNING: Shader Did you use #pragma only_renderers and omit this platform?
WARNING: Shader If subshaders removal was intentional, you may have forgotten turning Fallback off?
WARNING: Shader Unsupported: 'UnityChanToonShader/Mobile/Toon_DoubleShadeWithFeather_Clipping_StencilMask' - All subshaders removed
WARNING: Shader Did you use #pragma only_renderers and omit this platform?
WARNING: Shader If subshaders removal was intentional, you may have forgotten turning Fallback off?
WARNING: Shader Unsupported: 'UnityChanToonShader/Mobile/Toon_DoubleShadeWithFeather_Clipping_StencilMask' - All subshaders removed
WARNING: Shader Did you use #pragma only_renderers and omit this platform?
WARNING: Shader If subshaders removal was intentional, you may have forgotten turning Fallback off?
WARNING: Shader Unsupported: 'UnityChanToonShader/Mobile/Toon_ShadingGradeMap_TransClipping' - All subshaders removed
WARNING: Shader Did you use #pragma only_renderers and omit this platform?
WARNING: Shader If subshaders removal was intentional, you may have forgotten turning Fallback off?
WARNING: Shader Unsupported: 'UnityChanToonShader/Mobile/Toon_ShadingGradeMap_TransClipping' - All subshaders removed
WARNING: Shader Did you use #pragma only_renderers and omit this platform?
WARNING: Shader If subshaders removal was intentional, you may have forgotten turning Fallback off?
WARNING: Shader Unsupported: 'UnityChanToonShader/Mobile/Toon_ShadingGradeMap_StencilMask' - All subshaders removed
WARNING: Shader Did you use #pragma only_renderers and omit this platform?
WARNING: Shader If subshaders removal was intentional, you may have forgotten turning Fallback off?
WARNING: Shader Unsupported: 'UnityChanToonShader/Mobile/Toon_ShadingGradeMap_StencilMask' - All subshaders removed
WARNING: Shader Did you use #pragma only_renderers and omit this platform?
WARNING: Shader If subshaders removal was intentional, you may have forgotten turning Fallback off?
WARNING: Shader Unsupported: 'UnityChanToonShader/NoOutline/ToonColor_ShadingGradeMap_TransClipping_StencilMask' - All subshaders removed
WARNING: Shader Did you use #pragma only_renderers and omit this platform?
WARNING: Shader If subshaders removal was intentional, you may have forgotten turning Fallback off?
WARNING: Shader Unsupported: 'UnityChanToonShader/NoOutline/ToonColor_ShadingGradeMap_TransClipping_StencilMask' - All subshaders removed
WARNING: Shader Did you use #pragma only_renderers and omit this platform?
WARNING: Shader If subshaders removal was intentional, you may have forgotten turning Fallback off?
WARNING: Shader Unsupported: 'UnityChanToonShader/Tessellation/NoOutline/AngelRing/ToonColor_ShadingGradeMap_TransClipping_StencilOut' - All subshaders removed
WARNING: Shader Did you use #pragma only_renderers and omit this platform?
WARNING: Shader If subshaders removal was intentional, you may have forgotten turning Fallback off?
WARNING: Shader Unsupported: 'UnityChanToonShader/Tessellation/NoOutline/AngelRing/ToonColor_ShadingGradeMap_TransClipping_StencilOut' - All subshaders removed
WARNING: Shader Did you use #pragma only_renderers and omit this platform?
WARNING: Shader If subshaders removal was intentional, you may have forgotten turning Fallback off?
WARNING: Shader Unsupported: 'UnityChanToonShader/Mobile/Toon_DoubleShadeWithFeather_StencilMask' - All subshaders removed
WARNING: Shader Did you use #pragma only_renderers and omit this platform?
WARNING: Shader If subshaders removal was intentional, you may have forgotten turning Fallback off?
WARNING: Shader Unsupported: 'UnityChanToonShader/Mobile/Toon_DoubleShadeWithFeather_StencilMask' - All subshaders removed
WARNING: Shader Did you use #pragma only_renderers and omit this platform?
WARNING: Shader If subshaders removal was intentional, you may have forgotten turning Fallback off?
WARNING: Shader Unsupported: 'UnityChanToonShader/Tessellation/NoOutline/ToonColor_DoubleShadeWithFeather_TransClipping_StencilMask' - All subshaders removed
WARNING: Shader Did you use #pragma only_renderers and omit this platform?
WARNING: Shader If subshaders removal was intentional, you may have forgotten turning Fallback off?
WARNING: Shader Unsupported: 'UnityChanToonShader/Tessellation/NoOutline/ToonColor_DoubleShadeWithFeather_TransClipping_StencilMask' - All subshaders removed
WARNING: Shader Did you use #pragma only_renderers and omit this platform?
WARNING: Shader If subshaders removal was intentional, you may have forgotten turning Fallback off?
WARNING: Shader Unsupported: 'UnityChanToonShader/Tessellation/NoOutline/ToonColor_DoubleShadeWithFeather_Clipping' - All subshaders removed
WARNING: Shader Did you use #pragma only_renderers and omit this platform?
WARNING: Shader If subshaders removal was intentional, you may have forgotten turning Fallback off?
WARNING: Shader Unsupported: 'UnityChanToonShader/Tessellation/NoOutline/ToonColor_DoubleShadeWithFeather_Clipping' - All subshaders removed
WARNING: Shader Did you use #pragma only_renderers and omit this platform?
WARNING: Shader If subshaders removal was intentional, you may have forgotten turning Fallback off?
WARNING: Shader Unsupported: 'UnityChanToonShader/Tessellation/Light/Toon_ShadingGradeMap_StencilMask' - All subshaders removed
WARNING: Shader Did you use #pragma only_renderers and omit this platform?
WARNING: Shader If subshaders removal was intentional, you may have forgotten turning Fallback off?
WARNING: Shader Unsupported: 'UnityChanToonShader/Tessellation/Light/Toon_ShadingGradeMap_StencilMask' - All subshaders removed
WARNING: Shader Did you use #pragma only_renderers and omit this platform?
WARNING: Shader If subshaders removal was intentional, you may have forgotten turning Fallback off?
WARNING: Shader Unsupported: 'UnityChanToonShader/Tessellation/NoOutline/ToonColor_ShadingGradeMap_StencilMask' - All subshaders removed
WARNING: Shader Did you use #pragma only_renderers and omit this platform?
WARNING: Shader If subshaders removal was intentional, you may have forgotten turning Fallback off?
WARNING: Shader Unsupported: 'UnityChanToonShader/Tessellation/NoOutline/ToonColor_ShadingGradeMap_StencilMask' - All subshaders removed
WARNING: Shader Did you use #pragma only_renderers and omit this platform?
WARNING: Shader If subshaders removal was intentional, you may have forgotten turning Fallback off?
WARNING: Shader Unsupported: 'UnityChanToonShader/Tessellation/NoOutline/AngelRing/ToonColor_ShadingGradeMap_StencilOut' - All subshaders removed
WARNING: Shader Did you use #pragma only_renderers and omit this platform?
WARNING: Shader If subshaders removal was intentional, you may have forgotten turning Fallback off?
WARNING: Shader Unsupported: 'UnityChanToonShader/Tessellation/NoOutline/AngelRing/ToonColor_ShadingGradeMap_StencilOut' - All subshaders removed
WARNING: Shader Did you use #pragma only_renderers and omit this platform?
WARNING: Shader If subshaders removal was intentional, you may have forgotten turning Fallback off?
WARNING: Shader Unsupported: 'UnityChanToonShader/NoOutline/ToonColor_ShadingGradeMap_StencilOut' - All subshaders removed
WARNING: Shader Did you use #pragma only_renderers and omit this platform?
WARNING: Shader If subshaders removal was intentional, you may have forgotten turning Fallback off?
WARNING: Shader Unsupported: 'UnityChanToonShader/NoOutline/ToonColor_ShadingGradeMap_StencilOut' - All subshaders removed
WARNING: Shader Did you use #pragma only_renderers and omit this platform?
WARNING: Shader If subshaders removal was intentional, you may have forgotten turning Fallback off?
WARNING: Shader Unsupported: 'UnityChanToonShader/NoOutline/ToonColor_ShadingGradeMap' - All subshaders removed
WARNING: Shader Did you use #pragma only_renderers and omit this platform?
WARNING: Shader If subshaders removal was intentional, you may have forgotten turning Fallback off?
WARNING: Shader Unsupported: 'UnityChanToonShader/NoOutline/ToonColor_ShadingGradeMap' - All subshaders removed
WARNING: Shader Did you use #pragma only_renderers and omit this platform?
WARNING: Shader If subshaders removal was intentional, you may have forgotten turning Fallback off?
WARNING: Shader Unsupported: 'UnityChanToonShader/NoOutline/ToonColor_DoubleShadeWithFeather_Clipping' - All subshaders removed
WARNING: Shader Did you use #pragma only_renderers and omit this platform?
WARNING: Shader If subshaders removal was intentional, you may have forgotten turning Fallback off?
WARNING: Shader Unsupported: 'UnityChanToonShader/NoOutline/ToonColor_DoubleShadeWithFeather_Clipping' - All subshaders removed
WARNING: Shader Did you use #pragma only_renderers and omit this platform?
WARNING: Shader If subshaders removal was intentional, you may have forgotten turning Fallback off?
WARNING: Shader Unsupported: 'UnityChanToonShader/NoOutline/ToonColor_ShadingGradeMap_TransClipping_StencilOut' - All subshaders removed
WARNING: Shader Did you use #pragma only_renderers and omit this platform?
WARNING: Shader If subshaders removal was intentional, you may have forgotten turning Fallback off?
WARNING: Shader Unsupported: 'UnityChanToonShader/NoOutline/ToonColor_ShadingGradeMap_TransClipping_StencilOut' - All subshaders removed
WARNING: Shader Did you use #pragma only_renderers and omit this platform?
WARNING: Shader If subshaders removal was intentional, you may have forgotten turning Fallback off?
WARNING: Shader Unsupported: 'UnityChanToonShader/Tessellation/NoOutline/ToonColor_DoubleShadeWithFeather_TransClipping_StencilOut' - All subshaders removed
WARNING: Shader Did you use #pragma only_renderers and omit this platform?
WARNING: Shader If subshaders removal was intentional, you may have forgotten turning Fallback off?
WARNING: Shader Unsupported: 'UnityChanToonShader/Tessellation/NoOutline/ToonColor_DoubleShadeWithFeather_TransClipping_StencilOut' - All subshaders removed
WARNING: Shader Did you use #pragma only_renderers and omit this platform?
WARNING: Shader If subshaders removal was intentional, you may have forgotten turning Fallback off?
WARNING: Shader Unsupported: 'UnityChanToonShader/Tessellation/NoOutline/ToonColor_DoubleShadeWithFeather_Clipping_StencilOut' - All subshaders removed
WARNING: Shader Did you use #pragma only_renderers and omit this platform?
WARNING: Shader If subshaders removal was intentional, you may have forgotten turning Fallback off?
WARNING: Shader Unsupported: 'UnityChanToonShader/Tessellation/NoOutline/ToonColor_DoubleShadeWithFeather_Clipping_StencilOut' - All subshaders removed
WARNING: Shader Did you use #pragma only_renderers and omit this platform?
WARNING: Shader If subshaders removal was intentional, you may have forgotten turning Fallback off?
WARNING: Shader Unsupported: 'UnityChanToonShader/Tessellation/NoOutline/ToonColor_ShadingGradeMap_TransClipping' - All subshaders removed
WARNING: Shader Did you use #pragma only_renderers and omit this platform?
WARNING: Shader If subshaders removal was intentional, you may have forgotten turning Fallback off?
WARNING: Shader Unsupported: 'UnityChanToonShader/Tessellation/NoOutline/ToonColor_ShadingGradeMap_TransClipping' - All subshaders removed
WARNING: Shader Did you use #pragma only_renderers and omit this platform?
WARNING: Shader If subshaders removal was intentional, you may have forgotten turning Fallback off?
WARNING: Shader Unsupported: 'UnityChanToonShader/Tessellation/Light/Toon_ShadingGradeMap_StencilOut' - All subshaders removed
WARNING: Shader Did you use #pragma only_renderers and omit this platform?
WARNING: Shader If subshaders removal was intentional, you may have forgotten turning Fallback off?
WARNING: Shader Unsupported: 'UnityChanToonShader/Tessellation/Light/Toon_ShadingGradeMap_StencilOut' - All subshaders removed
WARNING: Shader Did you use #pragma only_renderers and omit this platform?
WARNING: Shader If subshaders removal was intentional, you may have forgotten turning Fallback off?
WARNING: Shader Unsupported: 'UnityChanToonShader/Mobile/AngelRing/Toon_ShadingGradeMap' - All subshaders removed
WARNING: Shader Did you use #pragma only_renderers and omit this platform?
WARNING: Shader If subshaders removal was intentional, you may have forgotten turning Fallback off?
WARNING: Shader Unsupported: 'UnityChanToonShader/Mobile/AngelRing/Toon_ShadingGradeMap' - All subshaders removed
WARNING: Shader Did you use #pragma only_renderers and omit this platform?
WARNING: Shader If subshaders removal was intentional, you may have forgotten turning Fallback off?
WARNING: Shader Unsupported: 'UnityChanToonShader/Tessellation/Light/AngelRing/Toon_ShadingGradeMap_StencilOut' - All subshaders removed
WARNING: Shader Did you use #pragma only_renderers and omit this platform?
WARNING: Shader If subshaders removal was intentional, you may have forgotten turning Fallback off?
WARNING: Shader Unsupported: 'UnityChanToonShader/Tessellation/Light/AngelRing/Toon_ShadingGradeMap_StencilOut' - All subshaders removed
WARNING: Shader Did you use #pragma only_renderers and omit this platform?
WARNING: Shader If subshaders removal was intentional, you may have forgotten turning Fallback off?
WARNING: Shader Unsupported: 'UnityChanToonShader/Tessellation/NoOutline/AngelRing/ToonColor_ShadingGradeMap_TransClipping' - All subshaders removed
WARNING: Shader Did you use #pragma only_renderers and omit this platform?
WARNING: Shader If subshaders removal was intentional, you may have forgotten turning Fallback off?
WARNING: Shader Unsupported: 'UnityChanToonShader/Tessellation/NoOutline/AngelRing/ToonColor_ShadingGradeMap_TransClipping' - All subshaders removed
WARNING: Shader Did you use #pragma only_renderers and omit this platform?
WARNING: Shader If subshaders removal was intentional, you may have forgotten turning Fallback off?
WARNING: Shader Unsupported: 'UnityChanToonShader/NoOutline/AngelRing/ToonColor_ShadingGradeMap_TransClipping' - All subshaders removed
WARNING: Shader Did you use #pragma only_renderers and omit this platform?
WARNING: Shader If subshaders removal was intentional, you may have forgotten turning Fallback off?
WARNING: Shader Unsupported: 'UnityChanToonShader/NoOutline/AngelRing/ToonColor_ShadingGradeMap_TransClipping' - All subshaders removed
WARNING: Shader Did you use #pragma only_renderers and omit this platform?
WARNING: Shader If subshaders removal was intentional, you may have forgotten turning Fallback off?
WARNING: Shader Unsupported: 'UnityChanToonShader/Mobile/Toon_ShadingGradeMap_TransClipping_StencilMask' - All subshaders removed
WARNING: Shader Did you use #pragma only_renderers and omit this platform?
WARNING: Shader If subshaders removal was intentional, you may have forgotten turning Fallback off?
WARNING: Shader Unsupported: 'UnityChanToonShader/Mobile/Toon_ShadingGradeMap_TransClipping_StencilMask' - All subshaders removed
WARNING: Shader Did you use #pragma only_renderers and omit this platform?
WARNING: Shader If subshaders removal was intentional, you may have forgotten turning Fallback off?
WARNING: Shader Unsupported: 'UnityChanToonShader/NoOutline/ToonColor_ShadingGradeMap_TransClipping' - All subshaders removed
WARNING: Shader Did you use #pragma only_renderers and omit this platform?
WARNING: Shader If subshaders removal was intentional, you may have forgotten turning Fallback off?
WARNING: Shader Unsupported: 'UnityChanToonShader/NoOutline/ToonColor_ShadingGradeMap_TransClipping' - All subshaders removed
WARNING: Shader Did you use #pragma only_renderers and omit this platform?
WARNING: Shader If subshaders removal was intentional, you may have forgotten turning Fallback off?
WARNING: Shader Unsupported: 'UnityChanToonShader/NoOutline/AngelRing/ToonColor_ShadingGradeMap_StencilOut' - All subshaders removed
WARNING: Shader Did you use #pragma only_renderers and omit this platform?
WARNING: Shader If subshaders removal was intentional, you may have forgotten turning Fallback off?
WARNING: Shader Unsupported: 'UnityChanToonShader/NoOutline/AngelRing/ToonColor_ShadingGradeMap_StencilOut' - All subshaders removed
WARNING: Shader Did you use #pragma only_renderers and omit this platform?
WARNING: Shader If subshaders removal was intentional, you may have forgotten turning Fallback off?
WARNING: Shader Unsupported: 'UnityChanToonShader/Tessellation/NoOutline/ToonColor_ShadingGradeMap_TransClipping_StencilMask' - All subshaders removed
WARNING: Shader Did you use #pragma only_renderers and omit this platform?
WARNING: Shader If subshaders removal was intentional, you may have forgotten turning Fallback off?
WARNING: Shader Unsupported: 'UnityChanToonShader/Tessellation/NoOutline/ToonColor_ShadingGradeMap_TransClipping_StencilMask' - All subshaders removed
WARNING: Shader Did you use #pragma only_renderers and omit this platform?
WARNING: Shader If subshaders removal was intentional, you may have forgotten turning Fallback off?
WARNING: Shader Unsupported: 'UnityChanToonShader/Tessellation/Light/Toon_ShadingGradeMap' - All subshaders removed
WARNING: Shader Did you use #pragma only_renderers and omit this platform?
WARNING: Shader If subshaders removal was intentional, you may have forgotten turning Fallback off?
WARNING: Shader Unsupported: 'UnityChanToonShader/Tessellation/Light/Toon_ShadingGradeMap' - All subshaders removed
WARNING: Shader Did you use #pragma only_renderers and omit this platform?
WARNING: Shader If subshaders removal was intentional, you may have forgotten turning Fallback off?
WARNING: Shader Unsupported: 'UnityChanToonShader/Tessellation/NoOutline/ToonColor_ShadingGradeMap_TransClipping_StencilOut' - All subshaders removed
WARNING: Shader Did you use #pragma only_renderers and omit this platform?
WARNING: Shader If subshaders removal was intentional, you may have forgotten turning Fallback off?
WARNING: Shader Unsupported: 'UnityChanToonShader/Tessellation/NoOutline/ToonColor_ShadingGradeMap_TransClipping_StencilOut' - All subshaders removed
WARNING: Shader Did you use #pragma only_renderers and omit this platform?
WARNING: Shader If subshaders removal was intentional, you may have forgotten turning Fallback off?
WARNING: Shader Unsupported: 'UnityChanToonShader/Tessellation/NoOutline/ToonColor_DoubleShadeWithFeather_StencilMask' - All subshaders removed
WARNING: Shader Did you use #pragma only_renderers and omit this platform?
WARNING: Shader If subshaders removal was intentional, you may have forgotten turning Fallback off?
WARNING: Shader Unsupported: 'UnityChanToonShader/Tessellation/NoOutline/ToonColor_DoubleShadeWithFeather_StencilMask' - All subshaders removed
WARNING: Shader Did you use #pragma only_renderers and omit this platform?
WARNING: Shader If subshaders removal was intentional, you may have forgotten turning Fallback off?
WARNING: Shader Unsupported: 'UnityChanToonShader/NoOutline/AngelRing/ToonColor_ShadingGradeMap' - All subshaders removed
WARNING: Shader Did you use #pragma only_renderers and omit this platform?
WARNING: Shader If subshaders removal was intentional, you may have forgotten turning Fallback off?
WARNING: Shader Unsupported: 'UnityChanToonShader/NoOutline/AngelRing/ToonColor_ShadingGradeMap' - All subshaders removed
WARNING: Shader Did you use #pragma only_renderers and omit this platform?
WARNING: Shader If subshaders removal was intentional, you may have forgotten turning Fallback off?
WARNING: Shader Unsupported: 'UnityChanToonShader/Tessellation/NoOutline/ToonColor_DoubleShadeWithFeather_TransClipping' - All subshaders removed
WARNING: Shader Did you use #pragma only_renderers and omit this platform?
WARNING: Shader If subshaders removal was intentional, you may have forgotten turning Fallback off?
WARNING: Shader Unsupported: 'UnityChanToonShader/Tessellation/NoOutline/ToonColor_DoubleShadeWithFeather_TransClipping' - All subshaders removed
WARNING: Shader Did you use #pragma only_renderers and omit this platform?
WARNING: Shader If subshaders removal was intentional, you may have forgotten turning Fallback off?
WARNING: Shader Unsupported: 'UnityChanToonShader/NoOutline/AngelRing/ToonColor_ShadingGradeMap_TransClipping_StencilOut' - All subshaders removed
WARNING: Shader Did you use #pragma only_renderers and omit this platform?
WARNING: Shader If subshaders removal was intentional, you may have forgotten turning Fallback off?
WARNING: Shader Unsupported: 'UnityChanToonShader/NoOutline/AngelRing/ToonColor_ShadingGradeMap_TransClipping_StencilOut' - All subshaders removed
WARNING: Shader Did you use #pragma only_renderers and omit this platform?
WARNING: Shader If subshaders removal was intentional, you may have forgotten turning Fallback off?
WARNING: Shader Unsupported: 'UnityChanToonShader/NoOutline/ToonColor_DoubleShadeWithFeather_TransClipping_StencilOut' - All subshaders removed
WARNING: Shader Did you use #pragma only_renderers and omit this platform?
WARNING: Shader If subshaders removal was intentional, you may have forgotten turning Fallback off?
WARNING: Shader Unsupported: 'UnityChanToonShader/NoOutline/ToonColor_DoubleShadeWithFeather_TransClipping_StencilOut' - All subshaders removed
WARNING: Shader Did you use #pragma only_renderers and omit this platform?
WARNING: Shader If subshaders removal was intentional, you may have forgotten turning Fallback off?
WARNING: Shader Unsupported: 'UnityChanToonShader/Mobile/Toon_DoubleShadeWithFeather_StencilOut' - All subshaders removed
WARNING: Shader Did you use #pragma only_renderers and omit this platform?
WARNING: Shader If subshaders removal was intentional, you may have forgotten turning Fallback off?
WARNING: Shader Unsupported: 'UnityChanToonShader/Mobile/Toon_DoubleShadeWithFeather_StencilOut' - All subshaders removed
WARNING: Shader Did you use #pragma only_renderers and omit this platform?
WARNING: Shader If subshaders removal was intentional, you may have forgotten turning Fallback off?
WARNING: Shader Unsupported: 'UnityChanToonShader/Tessellation/Light/Toon_DoubleShadeWithFeather_StencilMask' - All subshaders removed
WARNING: Shader Did you use #pragma only_renderers and omit this platform?
WARNING: Shader If subshaders removal was intentional, you may have forgotten turning Fallback off?
WARNING: Shader Unsupported: 'UnityChanToonShader/Tessellation/Light/Toon_DoubleShadeWithFeather_StencilMask' - All subshaders removed
WARNING: Shader Did you use #pragma only_renderers and omit this platform?
WARNING: Shader If subshaders removal was intentional, you may have forgotten turning Fallback off?
Refreshing native plugins compatible for Editor in 5.40 ms, found 4 plugins.
Preloading 0 native plugins for Editor in 0.00 ms.
Unloading 3586 Unused Serialized files (Serialized files now loaded: 0)
Unloading 77 unused Assets / (10.7 MB). Loaded Objects now: 4079.
Memory consumption went from 165.2 MB to 154.5 MB.
Total: 7.215100 ms (FindLiveObjects: 0.288800 ms CreateObjectMapping: 0.093100 ms MarkObjects: 2.201500 ms  DeleteObjects: 4.615500 ms)

Prepare: number of updated asset objects reloaded= 0
AssetImportParameters requested are different than current active one (requested -> active):
  custom:container-demuxer-ogg: 62fdf1f143b41e24485cea50d1cbac27 -> 
  custom:video-codec-MediaFoundation-h265: 746d11721c4dcdbdad8f713fa42b33f4 -> 
  custom:video-decoder-ogg-theora: a1e56fd34408186e4bbccfd4996cb3dc -> 
  custom:framework-win-MediaFoundation: 216162199b28c13a410421893ffa2e32 -> 
  custom:CustomObjectIndexerAttribute: 9a22284fe3817be447336de3de66b15e -> 
  custom:container-demuxer-webm: 4f35f7cbe854078d1ac9338744f61a02 -> 
  custom:container-muxer-webm: aa71ff27fc2769a1b78a27578f13a17b -> 
  custom:video-decoder-webm-vp8: 9c59270c3fd7afecdb556c50c9e8de78 -> 
  custom:SearchIndexIgnoredProperties: e643bd26f0fe6173181afceb89e7c659 -> 
  custom:AudioImporter_EditorPlatform: d09bf68614088b80899f8185d706f6e7 -> 
  custom:video-encoder-webm-vp8: eb34c28f22e8b96e1ab97ce403110664 -> 
  custom:audio-decoder-ogg-vorbis: bf7c407c2cedff20999df2af8eb42d56 -> 
  custom:audio-encoder-webm-vorbis: bf7c407c2cedff20999df2af8eb42d56 -> 
========================================================================
Received Prepare
WARNING: Shader Unsupported: 'UnityChanToonShader/NoOutline/ToonColor_ShadingGradeMap_StencilMask' - All subshaders removed
WARNING: Shader Did you use #pragma only_renderers and omit this platform?
WARNING: Shader If subshaders removal was intentional, you may have forgotten turning Fallback off?
WARNING: Shader Unsupported: 'UnityChanToonShader/NoOutline/ToonColor_ShadingGradeMap_StencilMask' - All subshaders removed
WARNING: Shader Did you use #pragma only_renderers and omit this platform?
WARNING: Shader If subshaders removal was intentional, you may have forgotten turning Fallback off?
WARNING: Shader Unsupported: 'UnityChanToonShader/Tessellation/Light/Toon_DoubleShadeWithFeather_StencilOut' - All subshaders removed
WARNING: Shader Did you use #pragma only_renderers and omit this platform?
WARNING: Shader If subshaders removal was intentional, you may have forgotten turning Fallback off?
WARNING: Shader Unsupported: 'UnityChanToonShader/Tessellation/Light/Toon_DoubleShadeWithFeather_StencilOut' - All subshaders removed
WARNING: Shader Did you use #pragma only_renderers and omit this platform?
WARNING: Shader If subshaders removal was intentional, you may have forgotten turning Fallback off?
WARNING: Shader Unsupported: 'UnityChanToonShader/Tessellation/NoOutline/ToonColor_DoubleShadeWithFeather_StencilOut' - All subshaders removed
WARNING: Shader Did you use #pragma only_renderers and omit this platform?
WARNING: Shader If subshaders removal was intentional, you may have forgotten turning Fallback off?
WARNING: Shader Unsupported: 'UnityChanToonShader/Tessellation/NoOutline/ToonColor_DoubleShadeWithFeather_StencilOut' - All subshaders removed
WARNING: Shader Did you use #pragma only_renderers and omit this platform?
WARNING: Shader If subshaders removal was intentional, you may have forgotten turning Fallback off?
WARNING: Shader Unsupported: 'UnityChanToonShader/Mobile/Toon_DoubleShadeWithFeather_Clipping' - All subshaders removed
WARNING: Shader Did you use #pragma only_renderers and omit this platform?
WARNING: Shader If subshaders removal was intentional, you may have forgotten turning Fallback off?
WARNING: Shader Unsupported: 'UnityChanToonShader/Mobile/Toon_DoubleShadeWithFeather_Clipping' - All subshaders removed
WARNING: Shader Did you use #pragma only_renderers and omit this platform?
WARNING: Shader If subshaders removal was intentional, you may have forgotten turning Fallback off?
WARNING: Shader Unsupported: 'UnityChanToonShader/NoOutline/ToonColor_DoubleShadeWithFeather_Clipping_StencilOut' - All subshaders removed
WARNING: Shader Did you use #pragma only_renderers and omit this platform?
WARNING: Shader If subshaders removal was intentional, you may have forgotten turning Fallback off?
WARNING: Shader Unsupported: 'UnityChanToonShader/NoOutline/ToonColor_DoubleShadeWithFeather_Clipping_StencilOut' - All subshaders removed
WARNING: Shader Did you use #pragma only_renderers and omit this platform?
WARNING: Shader If subshaders removal was intentional, you may have forgotten turning Fallback off?
WARNING: Shader Unsupported: 'UnityChanToonShader/NoOutline/ToonColor_DoubleShadeWithFeather_StencilOut' - All subshaders removed
WARNING: Shader Did you use #pragma only_renderers and omit this platform?
WARNING: Shader If subshaders removal was intentional, you may have forgotten turning Fallback off?
WARNING: Shader Unsupported: 'UnityChanToonShader/NoOutline/ToonColor_DoubleShadeWithFeather_StencilOut' - All subshaders removed
WARNING: Shader Did you use #pragma only_renderers and omit this platform?
WARNING: Shader If subshaders removal was intentional, you may have forgotten turning Fallback off?
WARNING: Shader Unsupported: 'UnityChanToonShader/NoOutline/ToonColor_DoubleShadeWithFeather_StencilMask' - All subshaders removed
WARNING: Shader Did you use #pragma only_renderers and omit this platform?
WARNING: Shader If subshaders removal was intentional, you may have forgotten turning Fallback off?
WARNING: Shader Unsupported: 'UnityChanToonShader/NoOutline/ToonColor_DoubleShadeWithFeather_StencilMask' - All subshaders removed
WARNING: Shader Did you use #pragma only_renderers and omit this platform?
WARNING: Shader If subshaders removal was intentional, you may have forgotten turning Fallback off?
WARNING: Shader Unsupported: 'UnityChanToonShader/Tessellation/NoOutline/ToonColor_ShadingGradeMap' - All subshaders removed
WARNING: Shader Did you use #pragma only_renderers and omit this platform?
WARNING: Shader If subshaders removal was intentional, you may have forgotten turning Fallback off?
WARNING: Shader Unsupported: 'UnityChanToonShader/Tessellation/NoOutline/ToonColor_ShadingGradeMap' - All subshaders removed
WARNING: Shader Did you use #pragma only_renderers and omit this platform?
WARNING: Shader If subshaders removal was intentional, you may have forgotten turning Fallback off?
WARNING: Shader Unsupported: 'UnityChanToonShader/Tessellation/NoOutline/ToonColor_DoubleShadeWithFeather' - All subshaders removed
WARNING: Shader Did you use #pragma only_renderers and omit this platform?
WARNING: Shader If subshaders removal was intentional, you may have forgotten turning Fallback off?
WARNING: Shader Unsupported: 'UnityChanToonShader/Tessellation/NoOutline/ToonColor_DoubleShadeWithFeather' - All subshaders removed
WARNING: Shader Did you use #pragma only_renderers and omit this platform?
WARNING: Shader If subshaders removal was intentional, you may have forgotten turning Fallback off?
WARNING: Shader Unsupported: 'UnityChanToonShader/Mobile/Toon_ShadingGradeMap_StencilOut' - All subshaders removed
WARNING: Shader Did you use #pragma only_renderers and omit this platform?
WARNING: Shader If subshaders removal was intentional, you may have forgotten turning Fallback off?
WARNING: Shader Unsupported: 'UnityChanToonShader/Mobile/Toon_ShadingGradeMap_StencilOut' - All subshaders removed
WARNING: Shader Did you use #pragma only_renderers and omit this platform?
WARNING: Shader If subshaders removal was intentional, you may have forgotten turning Fallback off?
WARNING: Shader Unsupported: 'UnityChanToonShader/NoOutline/ToonColor_DoubleShadeWithFeather_TransClipping_StencilMask' - All subshaders removed
WARNING: Shader Did you use #pragma only_renderers and omit this platform?
WARNING: Shader If subshaders removal was intentional, you may have forgotten turning Fallback off?
WARNING: Shader Unsupported: 'UnityChanToonShader/NoOutline/ToonColor_DoubleShadeWithFeather_TransClipping_StencilMask' - All subshaders removed
WARNING: Shader Did you use #pragma only_renderers and omit this platform?
WARNING: Shader If subshaders removal was intentional, you may have forgotten turning Fallback off?
WARNING: Shader Unsupported: 'UnityChanToonShader/Tessellation/NoOutline/ToonColor_DoubleShadeWithFeather_Clipping_StencilMask' - All subshaders removed
WARNING: Shader Did you use #pragma only_renderers and omit this platform?
WARNING: Shader If subshaders removal was intentional, you may have forgotten turning Fallback off?
WARNING: Shader Unsupported: 'UnityChanToonShader/Tessellation/NoOutline/ToonColor_DoubleShadeWithFeather_Clipping_StencilMask' - All subshaders removed
WARNING: Shader Did you use #pragma only_renderers and omit this platform?
WARNING: Shader If subshaders removal was intentional, you may have forgotten turning Fallback off?
WARNING: Shader Unsupported: 'UnityChanToonShader/Mobile/Toon_DoubleShadeWithFeather' - All subshaders removed
WARNING: Shader Did you use #pragma only_renderers and omit this platform?
WARNING: Shader If subshaders removal was intentional, you may have forgotten turning Fallback off?
WARNING: Shader Unsupported: 'UnityChanToonShader/Mobile/Toon_DoubleShadeWithFeather' - All subshaders removed
WARNING: Shader Did you use #pragma only_renderers and omit this platform?
WARNING: Shader If subshaders removal was intentional, you may have forgotten turning Fallback off?
WARNING: Shader Unsupported: 'UnityChanToonShader/Mobile/Toon_DoubleShadeWithFeather_TransClipping_StencilMask' - All subshaders removed
WARNING: Shader Did you use #pragma only_renderers and omit this platform?
WARNING: Shader If subshaders removal was intentional, you may have forgotten turning Fallback off?
WARNING: Shader Unsupported: 'UnityChanToonShader/Mobile/Toon_DoubleShadeWithFeather_TransClipping_StencilMask' - All subshaders removed
WARNING: Shader Did you use #pragma only_renderers and omit this platform?
WARNING: Shader If subshaders removal was intentional, you may have forgotten turning Fallback off?
WARNING: Shader Unsupported: 'UnityChanToonShader/NoOutline/ToonColor_DoubleShadeWithFeather_Clipping_StencilMask' - All subshaders removed
WARNING: Shader Did you use #pragma only_renderers and omit this platform?
WARNING: Shader If subshaders removal was intentional, you may have forgotten turning Fallback off?
WARNING: Shader Unsupported: 'UnityChanToonShader/NoOutline/ToonColor_DoubleShadeWithFeather_Clipping_StencilMask' - All subshaders removed
WARNING: Shader Did you use #pragma only_renderers and omit this platform?
WARNING: Shader If subshaders removal was intentional, you may have forgotten turning Fallback off?
WARNING: Shader Unsupported: 'UnityChanToonShader/Tessellation/Light/AngelRing/Toon_ShadingGradeMap' - All subshaders removed
WARNING: Shader Did you use #pragma only_renderers and omit this platform?
WARNING: Shader If subshaders removal was intentional, you may have forgotten turning Fallback off?
WARNING: Shader Unsupported: 'UnityChanToonShader/Tessellation/Light/AngelRing/Toon_ShadingGradeMap' - All subshaders removed
WARNING: Shader Did you use #pragma only_renderers and omit this platform?
WARNING: Shader If subshaders removal was intentional, you may have forgotten turning Fallback off?
WARNING: Shader Unsupported: 'UnityChanToonShader/Mobile/Toon_ShadingGradeMap' - All subshaders removed
WARNING: Shader Did you use #pragma only_renderers and omit this platform?
WARNING: Shader If subshaders removal was intentional, you may have forgotten turning Fallback off?
WARNING: Shader Unsupported: 'UnityChanToonShader/Mobile/Toon_ShadingGradeMap' - All subshaders removed
WARNING: Shader Did you use #pragma only_renderers and omit this platform?
WARNING: Shader If subshaders removal was intentional, you may have forgotten turning Fallback off?
WARNING: Shader Unsupported: 'UnityChanToonShader/Mobile/Toon_DoubleShadeWithFeather_TransClipping' - All subshaders removed
WARNING: Shader Did you use #pragma only_renderers and omit this platform?
WARNING: Shader If subshaders removal was intentional, you may have forgotten turning Fallback off?
WARNING: Shader Unsupported: 'UnityChanToonShader/Mobile/Toon_DoubleShadeWithFeather_TransClipping' - All subshaders removed
WARNING: Shader Did you use #pragma only_renderers and omit this platform?
WARNING: Shader If subshaders removal was intentional, you may have forgotten turning Fallback off?
WARNING: Shader Unsupported: 'UnityChanToonShader/Tessellation/Light/Toon_DoubleShadeWithFeather' - All subshaders removed
WARNING: Shader Did you use #pragma only_renderers and omit this platform?
WARNING: Shader If subshaders removal was intentional, you may have forgotten turning Fallback off?
WARNING: Shader Unsupported: 'UnityChanToonShader/Tessellation/Light/Toon_DoubleShadeWithFeather' - All subshaders removed
WARNING: Shader Did you use #pragma only_renderers and omit this platform?
WARNING: Shader If subshaders removal was intentional, you may have forgotten turning Fallback off?
WARNING: Shader Unsupported: 'UnityChanToonShader/NoOutline/ToonColor_DoubleShadeWithFeather_TransClipping' - All subshaders removed
WARNING: Shader Did you use #pragma only_renderers and omit this platform?
WARNING: Shader If subshaders removal was intentional, you may have forgotten turning Fallback off?
WARNING: Shader Unsupported: 'UnityChanToonShader/NoOutline/ToonColor_DoubleShadeWithFeather_TransClipping' - All subshaders removed
WARNING: Shader Did you use #pragma only_renderers and omit this platform?
WARNING: Shader If subshaders removal was intentional, you may have forgotten turning Fallback off?
WARNING: Shader Unsupported: 'UnityChanToonShader/Tessellation/NoOutline/ToonColor_ShadingGradeMap_StencilOut' - All subshaders removed
WARNING: Shader Did you use #pragma only_renderers and omit this platform?
WARNING: Shader If subshaders removal was intentional, you may have forgotten turning Fallback off?
WARNING: Shader Unsupported: 'UnityChanToonShader/Tessellation/NoOutline/ToonColor_ShadingGradeMap_StencilOut' - All subshaders removed
WARNING: Shader Did you use #pragma only_renderers and omit this platform?
WARNING: Shader If subshaders removal was intentional, you may have forgotten turning Fallback off?
WARNING: Shader Unsupported: 'UnityChanToonShader/NoOutline/ToonColor_DoubleShadeWithFeather' - All subshaders removed
WARNING: Shader Did you use #pragma only_renderers and omit this platform?
WARNING: Shader If subshaders removal was intentional, you may have forgotten turning Fallback off?
WARNING: Shader Unsupported: 'UnityChanToonShader/NoOutline/ToonColor_DoubleShadeWithFeather' - All subshaders removed
WARNING: Shader Did you use #pragma only_renderers and omit this platform?
WARNING: Shader If subshaders removal was intentional, you may have forgotten turning Fallback off?
WARNING: Shader Unsupported: 'UnityChanToonShader/Mobile/AngelRing/Toon_ShadingGradeMap_StencilOut' - All subshaders removed
WARNING: Shader Did you use #pragma only_renderers and omit this platform?
WARNING: Shader If subshaders removal was intentional, you may have forgotten turning Fallback off?
WARNING: Shader Unsupported: 'UnityChanToonShader/Mobile/AngelRing/Toon_ShadingGradeMap_StencilOut' - All subshaders removed
WARNING: Shader Did you use #pragma only_renderers and omit this platform?
WARNING: Shader If subshaders removal was intentional, you may have forgotten turning Fallback off?
WARNING: Shader Unsupported: 'UnityChanToonShader/Tessellation/NoOutline/AngelRing/ToonColor_ShadingGradeMap' - All subshaders removed
WARNING: Shader Did you use #pragma only_renderers and omit this platform?
WARNING: Shader If subshaders removal was intentional, you may have forgotten turning Fallback off?
WARNING: Shader Unsupported: 'UnityChanToonShader/Tessellation/NoOutline/AngelRing/ToonColor_ShadingGradeMap' - All subshaders removed
WARNING: Shader Did you use #pragma only_renderers and omit this platform?
WARNING: Shader If subshaders removal was intentional, you may have forgotten turning Fallback off?
WARNING: Shader Unsupported: 'UnityChanToonShader/Mobile/Toon_DoubleShadeWithFeather_Clipping_StencilMask' - All subshaders removed
WARNING: Shader Did you use #pragma only_renderers and omit this platform?
WARNING: Shader If subshaders removal was intentional, you may have forgotten turning Fallback off?
WARNING: Shader Unsupported: 'UnityChanToonShader/Mobile/Toon_DoubleShadeWithFeather_Clipping_StencilMask' - All subshaders removed
WARNING: Shader Did you use #pragma only_renderers and omit this platform?
WARNING: Shader If subshaders removal was intentional, you may have forgotten turning Fallback off?
WARNING: Shader Unsupported: 'UnityChanToonShader/Mobile/Toon_ShadingGradeMap_TransClipping' - All subshaders removed
WARNING: Shader Did you use #pragma only_renderers and omit this platform?
WARNING: Shader If subshaders removal was intentional, you may have forgotten turning Fallback off?
WARNING: Shader Unsupported: 'UnityChanToonShader/Mobile/Toon_ShadingGradeMap_TransClipping' - All subshaders removed
WARNING: Shader Did you use #pragma only_renderers and omit this platform?
WARNING: Shader If subshaders removal was intentional, you may have forgotten turning Fallback off?
WARNING: Shader Unsupported: 'UnityChanToonShader/Mobile/Toon_ShadingGradeMap_StencilMask' - All subshaders removed
WARNING: Shader Did you use #pragma only_renderers and omit this platform?
WARNING: Shader If subshaders removal was intentional, you may have forgotten turning Fallback off?
WARNING: Shader Unsupported: 'UnityChanToonShader/Mobile/Toon_ShadingGradeMap_StencilMask' - All subshaders removed
WARNING: Shader Did you use #pragma only_renderers and omit this platform?
WARNING: Shader If subshaders removal was intentional, you may have forgotten turning Fallback off?
WARNING: Shader Unsupported: 'UnityChanToonShader/NoOutline/ToonColor_ShadingGradeMap_TransClipping_StencilMask' - All subshaders removed
WARNING: Shader Did you use #pragma only_renderers and omit this platform?
WARNING: Shader If subshaders removal was intentional, you may have forgotten turning Fallback off?
WARNING: Shader Unsupported: 'UnityChanToonShader/NoOutline/ToonColor_ShadingGradeMap_TransClipping_StencilMask' - All subshaders removed
WARNING: Shader Did you use #pragma only_renderers and omit this platform?
WARNING: Shader If subshaders removal was intentional, you may have forgotten turning Fallback off?
WARNING: Shader Unsupported: 'UnityChanToonShader/Tessellation/NoOutline/AngelRing/ToonColor_ShadingGradeMap_TransClipping_StencilOut' - All subshaders removed
WARNING: Shader Did you use #pragma only_renderers and omit this platform?
WARNING: Shader If subshaders removal was intentional, you may have forgotten turning Fallback off?
WARNING: Shader Unsupported: 'UnityChanToonShader/Tessellation/NoOutline/AngelRing/ToonColor_ShadingGradeMap_TransClipping_StencilOut' - All subshaders removed
WARNING: Shader Did you use #pragma only_renderers and omit this platform?
WARNING: Shader If subshaders removal was intentional, you may have forgotten turning Fallback off?
WARNING: Shader Unsupported: 'UnityChanToonShader/Mobile/Toon_DoubleShadeWithFeather_StencilMask' - All subshaders removed
WARNING: Shader Did you use #pragma only_renderers and omit this platform?
WARNING: Shader If subshaders removal was intentional, you may have forgotten turning Fallback off?
WARNING: Shader Unsupported: 'UnityChanToonShader/Mobile/Toon_DoubleShadeWithFeather_StencilMask' - All subshaders removed
WARNING: Shader Did you use #pragma only_renderers and omit this platform?
WARNING: Shader If subshaders removal was intentional, you may have forgotten turning Fallback off?
WARNING: Shader Unsupported: 'UnityChanToonShader/Tessellation/NoOutline/ToonColor_DoubleShadeWithFeather_TransClipping_StencilMask' - All subshaders removed
WARNING: Shader Did you use #pragma only_renderers and omit this platform?
WARNING: Shader If subshaders removal was intentional, you may have forgotten turning Fallback off?
WARNING: Shader Unsupported: 'UnityChanToonShader/Tessellation/NoOutline/ToonColor_DoubleShadeWithFeather_TransClipping_StencilMask' - All subshaders removed
WARNING: Shader Did you use #pragma only_renderers and omit this platform?
WARNING: Shader If subshaders removal was intentional, you may have forgotten turning Fallback off?
WARNING: Shader Unsupported: 'UnityChanToonShader/Tessellation/NoOutline/ToonColor_DoubleShadeWithFeather_Clipping' - All subshaders removed
WARNING: Shader Did you use #pragma only_renderers and omit this platform?
WARNING: Shader If subshaders removal was intentional, you may have forgotten turning Fallback off?
WARNING: Shader Unsupported: 'UnityChanToonShader/Tessellation/NoOutline/ToonColor_DoubleShadeWithFeather_Clipping' - All subshaders removed
WARNING: Shader Did you use #pragma only_renderers and omit this platform?
WARNING: Shader If subshaders removal was intentional, you may have forgotten turning Fallback off?
WARNING: Shader Unsupported: 'UnityChanToonShader/Tessellation/Light/Toon_ShadingGradeMap_StencilMask' - All subshaders removed
WARNING: Shader Did you use #pragma only_renderers and omit this platform?
WARNING: Shader If subshaders removal was intentional, you may have forgotten turning Fallback off?
WARNING: Shader Unsupported: 'UnityChanToonShader/Tessellation/Light/Toon_ShadingGradeMap_StencilMask' - All subshaders removed
WARNING: Shader Did you use #pragma only_renderers and omit this platform?
WARNING: Shader If subshaders removal was intentional, you may have forgotten turning Fallback off?
WARNING: Shader Unsupported: 'UnityChanToonShader/Tessellation/NoOutline/ToonColor_ShadingGradeMap_StencilMask' - All subshaders removed
WARNING: Shader Did you use #pragma only_renderers and omit this platform?
WARNING: Shader If subshaders removal was intentional, you may have forgotten turning Fallback off?
WARNING: Shader Unsupported: 'UnityChanToonShader/Tessellation/NoOutline/ToonColor_ShadingGradeMap_StencilMask' - All subshaders removed
WARNING: Shader Did you use #pragma only_renderers and omit this platform?
WARNING: Shader If subshaders removal was intentional, you may have forgotten turning Fallback off?
WARNING: Shader Unsupported: 'UnityChanToonShader/Tessellation/NoOutline/AngelRing/ToonColor_ShadingGradeMap_StencilOut' - All subshaders removed
WARNING: Shader Did you use #pragma only_renderers and omit this platform?
WARNING: Shader If subshaders removal was intentional, you may have forgotten turning Fallback off?
WARNING: Shader Unsupported: 'UnityChanToonShader/Tessellation/NoOutline/AngelRing/ToonColor_ShadingGradeMap_StencilOut' - All subshaders removed
WARNING: Shader Did you use #pragma only_renderers and omit this platform?
WARNING: Shader If subshaders removal was intentional, you may have forgotten turning Fallback off?
WARNING: Shader Unsupported: 'UnityChanToonShader/NoOutline/ToonColor_ShadingGradeMap_StencilOut' - All subshaders removed
WARNING: Shader Did you use #pragma only_renderers and omit this platform?
WARNING: Shader If subshaders removal was intentional, you may have forgotten turning Fallback off?
WARNING: Shader Unsupported: 'UnityChanToonShader/NoOutline/ToonColor_ShadingGradeMap_StencilOut' - All subshaders removed
WARNING: Shader Did you use #pragma only_renderers and omit this platform?
WARNING: Shader If subshaders removal was intentional, you may have forgotten turning Fallback off?
WARNING: Shader Unsupported: 'UnityChanToonShader/NoOutline/ToonColor_ShadingGradeMap' - All subshaders removed
WARNING: Shader Did you use #pragma only_renderers and omit this platform?
WARNING: Shader If subshaders removal was intentional, you may have forgotten turning Fallback off?
WARNING: Shader Unsupported: 'UnityChanToonShader/NoOutline/ToonColor_ShadingGradeMap' - All subshaders removed
WARNING: Shader Did you use #pragma only_renderers and omit this platform?
WARNING: Shader If subshaders removal was intentional, you may have forgotten turning Fallback off?
WARNING: Shader Unsupported: 'UnityChanToonShader/NoOutline/ToonColor_DoubleShadeWithFeather_Clipping' - All subshaders removed
WARNING: Shader Did you use #pragma only_renderers and omit this platform?
WARNING: Shader If subshaders removal was intentional, you may have forgotten turning Fallback off?
WARNING: Shader Unsupported: 'UnityChanToonShader/NoOutline/ToonColor_DoubleShadeWithFeather_Clipping' - All subshaders removed
WARNING: Shader Did you use #pragma only_renderers and omit this platform?
WARNING: Shader If subshaders removal was intentional, you may have forgotten turning Fallback off?
WARNING: Shader Unsupported: 'UnityChanToonShader/NoOutline/ToonColor_ShadingGradeMap_TransClipping_StencilOut' - All subshaders removed
WARNING: Shader Did you use #pragma only_renderers and omit this platform?
WARNING: Shader If subshaders removal was intentional, you may have forgotten turning Fallback off?
WARNING: Shader Unsupported: 'UnityChanToonShader/NoOutline/ToonColor_ShadingGradeMap_TransClipping_StencilOut' - All subshaders removed
WARNING: Shader Did you use #pragma only_renderers and omit this platform?
WARNING: Shader If subshaders removal was intentional, you may have forgotten turning Fallback off?
WARNING: Shader Unsupported: 'UnityChanToonShader/Tessellation/NoOutline/ToonColor_DoubleShadeWithFeather_TransClipping_StencilOut' - All subshaders removed
WARNING: Shader Did you use #pragma only_renderers and omit this platform?
WARNING: Shader If subshaders removal was intentional, you may have forgotten turning Fallback off?
WARNING: Shader Unsupported: 'UnityChanToonShader/Tessellation/NoOutline/ToonColor_DoubleShadeWithFeather_TransClipping_StencilOut' - All subshaders removed
WARNING: Shader Did you use #pragma only_renderers and omit this platform?
WARNING: Shader If subshaders removal was intentional, you may have forgotten turning Fallback off?
WARNING: Shader Unsupported: 'UnityChanToonShader/Tessellation/NoOutline/ToonColor_DoubleShadeWithFeather_Clipping_StencilOut' - All subshaders removed
WARNING: Shader Did you use #pragma only_renderers and omit this platform?
WARNING: Shader If subshaders removal was intentional, you may have forgotten turning Fallback off?
WARNING: Shader Unsupported: 'UnityChanToonShader/Tessellation/NoOutline/ToonColor_DoubleShadeWithFeather_Clipping_StencilOut' - All subshaders removed
WARNING: Shader Did you use #pragma only_renderers and omit this platform?
WARNING: Shader If subshaders removal was intentional, you may have forgotten turning Fallback off?
WARNING: Shader Unsupported: 'UnityChanToonShader/Tessellation/NoOutline/ToonColor_ShadingGradeMap_TransClipping' - All subshaders removed
WARNING: Shader Did you use #pragma only_renderers and omit this platform?
WARNING: Shader If subshaders removal was intentional, you may have forgotten turning Fallback off?
WARNING: Shader Unsupported: 'UnityChanToonShader/Tessellation/NoOutline/ToonColor_ShadingGradeMap_TransClipping' - All subshaders removed
WARNING: Shader Did you use #pragma only_renderers and omit this platform?
WARNING: Shader If subshaders removal was intentional, you may have forgotten turning Fallback off?
WARNING: Shader Unsupported: 'UnityChanToonShader/Tessellation/Light/Toon_ShadingGradeMap_StencilOut' - All subshaders removed
WARNING: Shader Did you use #pragma only_renderers and omit this platform?
WARNING: Shader If subshaders removal was intentional, you may have forgotten turning Fallback off?
WARNING: Shader Unsupported: 'UnityChanToonShader/Tessellation/Light/Toon_ShadingGradeMap_StencilOut' - All subshaders removed
WARNING: Shader Did you use #pragma only_renderers and omit this platform?
WARNING: Shader If subshaders removal was intentional, you may have forgotten turning Fallback off?
WARNING: Shader Unsupported: 'UnityChanToonShader/Mobile/AngelRing/Toon_ShadingGradeMap' - All subshaders removed
WARNING: Shader Did you use #pragma only_renderers and omit this platform?
WARNING: Shader If subshaders removal was intentional, you may have forgotten turning Fallback off?
WARNING: Shader Unsupported: 'UnityChanToonShader/Mobile/AngelRing/Toon_ShadingGradeMap' - All subshaders removed
WARNING: Shader Did you use #pragma only_renderers and omit this platform?
WARNING: Shader If subshaders removal was intentional, you may have forgotten turning Fallback off?
WARNING: Shader Unsupported: 'UnityChanToonShader/Tessellation/Light/AngelRing/Toon_ShadingGradeMap_StencilOut' - All subshaders removed
WARNING: Shader Did you use #pragma only_renderers and omit this platform?
WARNING: Shader If subshaders removal was intentional, you may have forgotten turning Fallback off?
WARNING: Shader Unsupported: 'UnityChanToonShader/Tessellation/Light/AngelRing/Toon_ShadingGradeMap_StencilOut' - All subshaders removed
WARNING: Shader Did you use #pragma only_renderers and omit this platform?
WARNING: Shader If subshaders removal was intentional, you may have forgotten turning Fallback off?
WARNING: Shader Unsupported: 'UnityChanToonShader/Tessellation/NoOutline/AngelRing/ToonColor_ShadingGradeMap_TransClipping' - All subshaders removed
WARNING: Shader Did you use #pragma only_renderers and omit this platform?
WARNING: Shader If subshaders removal was intentional, you may have forgotten turning Fallback off?
WARNING: Shader Unsupported: 'UnityChanToonShader/Tessellation/NoOutline/AngelRing/ToonColor_ShadingGradeMap_TransClipping' - All subshaders removed
WARNING: Shader Did you use #pragma only_renderers and omit this platform?
WARNING: Shader If subshaders removal was intentional, you may have forgotten turning Fallback off?
WARNING: Shader Unsupported: 'UnityChanToonShader/NoOutline/AngelRing/ToonColor_ShadingGradeMap_TransClipping' - All subshaders removed
WARNING: Shader Did you use #pragma only_renderers and omit this platform?
WARNING: Shader If subshaders removal was intentional, you may have forgotten turning Fallback off?
WARNING: Shader Unsupported: 'UnityChanToonShader/NoOutline/AngelRing/ToonColor_ShadingGradeMap_TransClipping' - All subshaders removed
WARNING: Shader Did you use #pragma only_renderers and omit this platform?
WARNING: Shader If subshaders removal was intentional, you may have forgotten turning Fallback off?
WARNING: Shader Unsupported: 'UnityChanToonShader/Mobile/Toon_ShadingGradeMap_TransClipping_StencilMask' - All subshaders removed
WARNING: Shader Did you use #pragma only_renderers and omit this platform?
WARNING: Shader If subshaders removal was intentional, you may have forgotten turning Fallback off?
WARNING: Shader Unsupported: 'UnityChanToonShader/Mobile/Toon_ShadingGradeMap_TransClipping_StencilMask' - All subshaders removed
WARNING: Shader Did you use #pragma only_renderers and omit this platform?
WARNING: Shader If subshaders removal was intentional, you may have forgotten turning Fallback off?
WARNING: Shader Unsupported: 'UnityChanToonShader/NoOutline/ToonColor_ShadingGradeMap_TransClipping' - All subshaders removed
WARNING: Shader Did you use #pragma only_renderers and omit this platform?
WARNING: Shader If subshaders removal was intentional, you may have forgotten turning Fallback off?
WARNING: Shader Unsupported: 'UnityChanToonShader/NoOutline/ToonColor_ShadingGradeMap_TransClipping' - All subshaders removed
WARNING: Shader Did you use #pragma only_renderers and omit this platform?
WARNING: Shader If subshaders removal was intentional, you may have forgotten turning Fallback off?
WARNING: Shader Unsupported: 'UnityChanToonShader/NoOutline/AngelRing/ToonColor_ShadingGradeMap_StencilOut' - All subshaders removed
WARNING: Shader Did you use #pragma only_renderers and omit this platform?
WARNING: Shader If subshaders removal was intentional, you may have forgotten turning Fallback off?
WARNING: Shader Unsupported: 'UnityChanToonShader/NoOutline/AngelRing/ToonColor_ShadingGradeMap_StencilOut' - All subshaders removed
WARNING: Shader Did you use #pragma only_renderers and omit this platform?
WARNING: Shader If subshaders removal was intentional, you may have forgotten turning Fallback off?
WARNING: Shader Unsupported: 'UnityChanToonShader/Tessellation/NoOutline/ToonColor_ShadingGradeMap_TransClipping_StencilMask' - All subshaders removed
WARNING: Shader Did you use #pragma only_renderers and omit this platform?
WARNING: Shader If subshaders removal was intentional, you may have forgotten turning Fallback off?
WARNING: Shader Unsupported: 'UnityChanToonShader/Tessellation/NoOutline/ToonColor_ShadingGradeMap_TransClipping_StencilMask' - All subshaders removed
WARNING: Shader Did you use #pragma only_renderers and omit this platform?
WARNING: Shader If subshaders removal was intentional, you may have forgotten turning Fallback off?
WARNING: Shader Unsupported: 'UnityChanToonShader/Tessellation/Light/Toon_ShadingGradeMap' - All subshaders removed
WARNING: Shader Did you use #pragma only_renderers and omit this platform?
WARNING: Shader If subshaders removal was intentional, you may have forgotten turning Fallback off?
WARNING: Shader Unsupported: 'UnityChanToonShader/Tessellation/Light/Toon_ShadingGradeMap' - All subshaders removed
WARNING: Shader Did you use #pragma only_renderers and omit this platform?
WARNING: Shader If subshaders removal was intentional, you may have forgotten turning Fallback off?
WARNING: Shader Unsupported: 'UnityChanToonShader/Tessellation/NoOutline/ToonColor_ShadingGradeMap_TransClipping_StencilOut' - All subshaders removed
WARNING: Shader Did you use #pragma only_renderers and omit this platform?
WARNING: Shader If subshaders removal was intentional, you may have forgotten turning Fallback off?
WARNING: Shader Unsupported: 'UnityChanToonShader/Tessellation/NoOutline/ToonColor_ShadingGradeMap_TransClipping_StencilOut' - All subshaders removed
WARNING: Shader Did you use #pragma only_renderers and omit this platform?
WARNING: Shader If subshaders removal was intentional, you may have forgotten turning Fallback off?
WARNING: Shader Unsupported: 'UnityChanToonShader/Tessellation/NoOutline/ToonColor_DoubleShadeWithFeather_StencilMask' - All subshaders removed
WARNING: Shader Did you use #pragma only_renderers and omit this platform?
WARNING: Shader If subshaders removal was intentional, you may have forgotten turning Fallback off?
WARNING: Shader Unsupported: 'UnityChanToonShader/Tessellation/NoOutline/ToonColor_DoubleShadeWithFeather_StencilMask' - All subshaders removed
WARNING: Shader Did you use #pragma only_renderers and omit this platform?
WARNING: Shader If subshaders removal was intentional, you may have forgotten turning Fallback off?
WARNING: Shader Unsupported: 'UnityChanToonShader/NoOutline/AngelRing/ToonColor_ShadingGradeMap' - All subshaders removed
WARNING: Shader Did you use #pragma only_renderers and omit this platform?
WARNING: Shader If subshaders removal was intentional, you may have forgotten turning Fallback off?
WARNING: Shader Unsupported: 'UnityChanToonShader/NoOutline/AngelRing/ToonColor_ShadingGradeMap' - All subshaders removed
WARNING: Shader Did you use #pragma only_renderers and omit this platform?
WARNING: Shader If subshaders removal was intentional, you may have forgotten turning Fallback off?
WARNING: Shader Unsupported: 'UnityChanToonShader/Tessellation/NoOutline/ToonColor_DoubleShadeWithFeather_TransClipping' - All subshaders removed
WARNING: Shader Did you use #pragma only_renderers and omit this platform?
WARNING: Shader If subshaders removal was intentional, you may have forgotten turning Fallback off?
WARNING: Shader Unsupported: 'UnityChanToonShader/Tessellation/NoOutline/ToonColor_DoubleShadeWithFeather_TransClipping' - All subshaders removed
WARNING: Shader Did you use #pragma only_renderers and omit this platform?
WARNING: Shader If subshaders removal was intentional, you may have forgotten turning Fallback off?
WARNING: Shader Unsupported: 'UnityChanToonShader/NoOutline/AngelRing/ToonColor_ShadingGradeMap_TransClipping_StencilOut' - All subshaders removed
WARNING: Shader Did you use #pragma only_renderers and omit this platform?
WARNING: Shader If subshaders removal was intentional, you may have forgotten turning Fallback off?
WARNING: Shader Unsupported: 'UnityChanToonShader/NoOutline/AngelRing/ToonColor_ShadingGradeMap_TransClipping_StencilOut' - All subshaders removed
WARNING: Shader Did you use #pragma only_renderers and omit this platform?
WARNING: Shader If subshaders removal was intentional, you may have forgotten turning Fallback off?
WARNING: Shader Unsupported: 'UnityChanToonShader/NoOutline/ToonColor_DoubleShadeWithFeather_TransClipping_StencilOut' - All subshaders removed
WARNING: Shader Did you use #pragma only_renderers and omit this platform?
WARNING: Shader If subshaders removal was intentional, you may have forgotten turning Fallback off?
WARNING: Shader Unsupported: 'UnityChanToonShader/NoOutline/ToonColor_DoubleShadeWithFeather_TransClipping_StencilOut' - All subshaders removed
WARNING: Shader Did you use #pragma only_renderers and omit this platform?
WARNING: Shader If subshaders removal was intentional, you may have forgotten turning Fallback off?
WARNING: Shader Unsupported: 'UnityChanToonShader/Mobile/Toon_DoubleShadeWithFeather_StencilOut' - All subshaders removed
WARNING: Shader Did you use #pragma only_renderers and omit this platform?
WARNING: Shader If subshaders removal was intentional, you may have forgotten turning Fallback off?
WARNING: Shader Unsupported: 'UnityChanToonShader/Mobile/Toon_DoubleShadeWithFeather_StencilOut' - All subshaders removed
WARNING: Shader Did you use #pragma only_renderers and omit this platform?
WARNING: Shader If subshaders removal was intentional, you may have forgotten turning Fallback off?
WARNING: Shader Unsupported: 'UnityChanToonShader/Tessellation/Light/Toon_DoubleShadeWithFeather_StencilMask' - All subshaders removed
WARNING: Shader Did you use #pragma only_renderers and omit this platform?
WARNING: Shader If subshaders removal was intentional, you may have forgotten turning Fallback off?
WARNING: Shader Unsupported: 'UnityChanToonShader/Tessellation/Light/Toon_DoubleShadeWithFeather_StencilMask' - All subshaders removed
WARNING: Shader Did you use #pragma only_renderers and omit this platform?
WARNING: Shader If subshaders removal was intentional, you may have forgotten turning Fallback off?
Refreshing native plugins compatible for Editor in 75.56 ms, found 4 plugins.
Preloading 0 native plugins for Editor in 0.00 ms.
Unloading 61 Unused Serialized files (Serialized files now loaded: 0)
Unloading 61 unused Assets / (10.5 MB). Loaded Objects now: 4079.
Memory consumption went from 110.4 MB to 99.9 MB.
Total: 10.672900 ms (FindLiveObjects: 0.329700 ms CreateObjectMapping: 0.147400 ms MarkObjects: 4.257700 ms  DeleteObjects: 5.936400 ms)

Prepare: number of updated asset objects reloaded= 0
AssetImportParameters requested are different than current active one (requested -> active):
  custom:container-demuxer-ogg: 62fdf1f143b41e24485cea50d1cbac27 -> 
  custom:video-codec-MediaFoundation-h265: 746d11721c4dcdbdad8f713fa42b33f4 -> 
  custom:video-decoder-ogg-theora: a1e56fd34408186e4bbccfd4996cb3dc -> 
  custom:framework-win-MediaFoundation: 216162199b28c13a410421893ffa2e32 -> 
  custom:CustomObjectIndexerAttribute: 9a22284fe3817be447336de3de66b15e -> 
  custom:container-demuxer-webm: 4f35f7cbe854078d1ac9338744f61a02 -> 
  custom:container-muxer-webm: aa71ff27fc2769a1b78a27578f13a17b -> 
  custom:video-decoder-webm-vp8: 9c59270c3fd7afecdb556c50c9e8de78 -> 
  custom:SearchIndexIgnoredProperties: e643bd26f0fe6173181afceb89e7c659 -> 
  custom:AudioImporter_EditorPlatform: d09bf68614088b80899f8185d706f6e7 -> 
  custom:video-encoder-webm-vp8: eb34c28f22e8b96e1ab97ce403110664 -> 
  custom:audio-decoder-ogg-vorbis: bf7c407c2cedff20999df2af8eb42d56 -> 
  custom:audio-encoder-webm-vorbis: bf7c407c2cedff20999df2af8eb42d56 -> 
========================================================================
Received Prepare
WARNING: Shader Unsupported: 'UnityChanToonShader/NoOutline/ToonColor_ShadingGradeMap_StencilMask' - All subshaders removed
WARNING: Shader Did you use #pragma only_renderers and omit this platform?
WARNING: Shader If subshaders removal was intentional, you may have forgotten turning Fallback off?
WARNING: Shader Unsupported: 'UnityChanToonShader/NoOutline/ToonColor_ShadingGradeMap_StencilMask' - All subshaders removed
WARNING: Shader Did you use #pragma only_renderers and omit this platform?
WARNING: Shader If subshaders removal was intentional, you may have forgotten turning Fallback off?
WARNING: Shader Unsupported: 'UnityChanToonShader/Tessellation/Light/Toon_DoubleShadeWithFeather_StencilOut' - All subshaders removed
WARNING: Shader Did you use #pragma only_renderers and omit this platform?
WARNING: Shader If subshaders removal was intentional, you may have forgotten turning Fallback off?
WARNING: Shader Unsupported: 'UnityChanToonShader/Tessellation/Light/Toon_DoubleShadeWithFeather_StencilOut' - All subshaders removed
WARNING: Shader Did you use #pragma only_renderers and omit this platform?
WARNING: Shader If subshaders removal was intentional, you may have forgotten turning Fallback off?
WARNING: Shader Unsupported: 'UnityChanToonShader/Tessellation/NoOutline/ToonColor_DoubleShadeWithFeather_StencilOut' - All subshaders removed
WARNING: Shader Did you use #pragma only_renderers and omit this platform?
WARNING: Shader If subshaders removal was intentional, you may have forgotten turning Fallback off?
WARNING: Shader Unsupported: 'UnityChanToonShader/Tessellation/NoOutline/ToonColor_DoubleShadeWithFeather_StencilOut' - All subshaders removed
WARNING: Shader Did you use #pragma only_renderers and omit this platform?
WARNING: Shader If subshaders removal was intentional, you may have forgotten turning Fallback off?
WARNING: Shader Unsupported: 'UnityChanToonShader/Mobile/Toon_DoubleShadeWithFeather_Clipping' - All subshaders removed
WARNING: Shader Did you use #pragma only_renderers and omit this platform?
WARNING: Shader If subshaders removal was intentional, you may have forgotten turning Fallback off?
WARNING: Shader Unsupported: 'UnityChanToonShader/Mobile/Toon_DoubleShadeWithFeather_Clipping' - All subshaders removed
WARNING: Shader Did you use #pragma only_renderers and omit this platform?
WARNING: Shader If subshaders removal was intentional, you may have forgotten turning Fallback off?
WARNING: Shader Unsupported: 'UnityChanToonShader/NoOutline/ToonColor_DoubleShadeWithFeather_Clipping_StencilOut' - All subshaders removed
WARNING: Shader Did you use #pragma only_renderers and omit this platform?
WARNING: Shader If subshaders removal was intentional, you may have forgotten turning Fallback off?
WARNING: Shader Unsupported: 'UnityChanToonShader/NoOutline/ToonColor_DoubleShadeWithFeather_Clipping_StencilOut' - All subshaders removed
WARNING: Shader Did you use #pragma only_renderers and omit this platform?
WARNING: Shader If subshaders removal was intentional, you may have forgotten turning Fallback off?
WARNING: Shader Unsupported: 'UnityChanToonShader/NoOutline/ToonColor_DoubleShadeWithFeather_StencilOut' - All subshaders removed
WARNING: Shader Did you use #pragma only_renderers and omit this platform?
WARNING: Shader If subshaders removal was intentional, you may have forgotten turning Fallback off?
WARNING: Shader Unsupported: 'UnityChanToonShader/NoOutline/ToonColor_DoubleShadeWithFeather_StencilOut' - All subshaders removed
WARNING: Shader Did you use #pragma only_renderers and omit this platform?
WARNING: Shader If subshaders removal was intentional, you may have forgotten turning Fallback off?
WARNING: Shader Unsupported: 'UnityChanToonShader/NoOutline/ToonColor_DoubleShadeWithFeather_StencilMask' - All subshaders removed
WARNING: Shader Did you use #pragma only_renderers and omit this platform?
WARNING: Shader If subshaders removal was intentional, you may have forgotten turning Fallback off?
WARNING: Shader Unsupported: 'UnityChanToonShader/NoOutline/ToonColor_DoubleShadeWithFeather_StencilMask' - All subshaders removed
WARNING: Shader Did you use #pragma only_renderers and omit this platform?
WARNING: Shader If subshaders removal was intentional, you may have forgotten turning Fallback off?
WARNING: Shader Unsupported: 'UnityChanToonShader/Tessellation/NoOutline/ToonColor_ShadingGradeMap' - All subshaders removed
WARNING: Shader Did you use #pragma only_renderers and omit this platform?
WARNING: Shader If subshaders removal was intentional, you may have forgotten turning Fallback off?
WARNING: Shader Unsupported: 'UnityChanToonShader/Tessellation/NoOutline/ToonColor_ShadingGradeMap' - All subshaders removed
WARNING: Shader Did you use #pragma only_renderers and omit this platform?
WARNING: Shader If subshaders removal was intentional, you may have forgotten turning Fallback off?
WARNING: Shader Unsupported: 'UnityChanToonShader/Tessellation/NoOutline/ToonColor_DoubleShadeWithFeather' - All subshaders removed
WARNING: Shader Did you use #pragma only_renderers and omit this platform?
WARNING: Shader If subshaders removal was intentional, you may have forgotten turning Fallback off?
WARNING: Shader Unsupported: 'UnityChanToonShader/Tessellation/NoOutline/ToonColor_DoubleShadeWithFeather' - All subshaders removed
WARNING: Shader Did you use #pragma only_renderers and omit this platform?
WARNING: Shader If subshaders removal was intentional, you may have forgotten turning Fallback off?
WARNING: Shader Unsupported: 'UnityChanToonShader/Mobile/Toon_ShadingGradeMap_StencilOut' - All subshaders removed
WARNING: Shader Did you use #pragma only_renderers and omit this platform?
WARNING: Shader If subshaders removal was intentional, you may have forgotten turning Fallback off?
WARNING: Shader Unsupported: 'UnityChanToonShader/Mobile/Toon_ShadingGradeMap_StencilOut' - All subshaders removed
WARNING: Shader Did you use #pragma only_renderers and omit this platform?
WARNING: Shader If subshaders removal was intentional, you may have forgotten turning Fallback off?
WARNING: Shader Unsupported: 'UnityChanToonShader/NoOutline/ToonColor_DoubleShadeWithFeather_TransClipping_StencilMask' - All subshaders removed
WARNING: Shader Did you use #pragma only_renderers and omit this platform?
WARNING: Shader If subshaders removal was intentional, you may have forgotten turning Fallback off?
WARNING: Shader Unsupported: 'UnityChanToonShader/NoOutline/ToonColor_DoubleShadeWithFeather_TransClipping_StencilMask' - All subshaders removed
WARNING: Shader Did you use #pragma only_renderers and omit this platform?
WARNING: Shader If subshaders removal was intentional, you may have forgotten turning Fallback off?
WARNING: Shader Unsupported: 'UnityChanToonShader/Tessellation/NoOutline/ToonColor_DoubleShadeWithFeather_Clipping_StencilMask' - All subshaders removed
WARNING: Shader Did you use #pragma only_renderers and omit this platform?
WARNING: Shader If subshaders removal was intentional, you may have forgotten turning Fallback off?
WARNING: Shader Unsupported: 'UnityChanToonShader/Tessellation/NoOutline/ToonColor_DoubleShadeWithFeather_Clipping_StencilMask' - All subshaders removed
WARNING: Shader Did you use #pragma only_renderers and omit this platform?
WARNING: Shader If subshaders removal was intentional, you may have forgotten turning Fallback off?
WARNING: Shader Unsupported: 'UnityChanToonShader/Mobile/Toon_DoubleShadeWithFeather' - All subshaders removed
WARNING: Shader Did you use #pragma only_renderers and omit this platform?
WARNING: Shader If subshaders removal was intentional, you may have forgotten turning Fallback off?
WARNING: Shader Unsupported: 'UnityChanToonShader/Mobile/Toon_DoubleShadeWithFeather' - All subshaders removed
WARNING: Shader Did you use #pragma only_renderers and omit this platform?
WARNING: Shader If subshaders removal was intentional, you may have forgotten turning Fallback off?
WARNING: Shader Unsupported: 'UnityChanToonShader/Mobile/Toon_DoubleShadeWithFeather_TransClipping_StencilMask' - All subshaders removed
WARNING: Shader Did you use #pragma only_renderers and omit this platform?
WARNING: Shader If subshaders removal was intentional, you may have forgotten turning Fallback off?
WARNING: Shader Unsupported: 'UnityChanToonShader/Mobile/Toon_DoubleShadeWithFeather_TransClipping_StencilMask' - All subshaders removed
WARNING: Shader Did you use #pragma only_renderers and omit this platform?
WARNING: Shader If subshaders removal was intentional, you may have forgotten turning Fallback off?
WARNING: Shader Unsupported: 'UnityChanToonShader/NoOutline/ToonColor_DoubleShadeWithFeather_Clipping_StencilMask' - All subshaders removed
WARNING: Shader Did you use #pragma only_renderers and omit this platform?
WARNING: Shader If subshaders removal was intentional, you may have forgotten turning Fallback off?
WARNING: Shader Unsupported: 'UnityChanToonShader/NoOutline/ToonColor_DoubleShadeWithFeather_Clipping_StencilMask' - All subshaders removed
WARNING: Shader Did you use #pragma only_renderers and omit this platform?
WARNING: Shader If subshaders removal was intentional, you may have forgotten turning Fallback off?
WARNING: Shader Unsupported: 'UnityChanToonShader/Tessellation/Light/AngelRing/Toon_ShadingGradeMap' - All subshaders removed
WARNING: Shader Did you use #pragma only_renderers and omit this platform?
WARNING: Shader If subshaders removal was intentional, you may have forgotten turning Fallback off?
WARNING: Shader Unsupported: 'UnityChanToonShader/Tessellation/Light/AngelRing/Toon_ShadingGradeMap' - All subshaders removed
WARNING: Shader Did you use #pragma only_renderers and omit this platform?
WARNING: Shader If subshaders removal was intentional, you may have forgotten turning Fallback off?
WARNING: Shader Unsupported: 'UnityChanToonShader/Mobile/Toon_ShadingGradeMap' - All subshaders removed
WARNING: Shader Did you use #pragma only_renderers and omit this platform?
WARNING: Shader If subshaders removal was intentional, you may have forgotten turning Fallback off?
WARNING: Shader Unsupported: 'UnityChanToonShader/Mobile/Toon_ShadingGradeMap' - All subshaders removed
WARNING: Shader Did you use #pragma only_renderers and omit this platform?
WARNING: Shader If subshaders removal was intentional, you may have forgotten turning Fallback off?
WARNING: Shader Unsupported: 'UnityChanToonShader/Mobile/Toon_DoubleShadeWithFeather_TransClipping' - All subshaders removed
WARNING: Shader Did you use #pragma only_renderers and omit this platform?
WARNING: Shader If subshaders removal was intentional, you may have forgotten turning Fallback off?
WARNING: Shader Unsupported: 'UnityChanToonShader/Mobile/Toon_DoubleShadeWithFeather_TransClipping' - All subshaders removed
WARNING: Shader Did you use #pragma only_renderers and omit this platform?
WARNING: Shader If subshaders removal was intentional, you may have forgotten turning Fallback off?
WARNING: Shader Unsupported: 'UnityChanToonShader/Tessellation/Light/Toon_DoubleShadeWithFeather' - All subshaders removed
WARNING: Shader Did you use #pragma only_renderers and omit this platform?
WARNING: Shader If subshaders removal was intentional, you may have forgotten turning Fallback off?
WARNING: Shader Unsupported: 'UnityChanToonShader/Tessellation/Light/Toon_DoubleShadeWithFeather' - All subshaders removed
WARNING: Shader Did you use #pragma only_renderers and omit this platform?
WARNING: Shader If subshaders removal was intentional, you may have forgotten turning Fallback off?
WARNING: Shader Unsupported: 'UnityChanToonShader/NoOutline/ToonColor_DoubleShadeWithFeather_TransClipping' - All subshaders removed
WARNING: Shader Did you use #pragma only_renderers and omit this platform?
WARNING: Shader If subshaders removal was intentional, you may have forgotten turning Fallback off?
WARNING: Shader Unsupported: 'UnityChanToonShader/NoOutline/ToonColor_DoubleShadeWithFeather_TransClipping' - All subshaders removed
WARNING: Shader Did you use #pragma only_renderers and omit this platform?
WARNING: Shader If subshaders removal was intentional, you may have forgotten turning Fallback off?
WARNING: Shader Unsupported: 'UnityChanToonShader/Tessellation/NoOutline/ToonColor_ShadingGradeMap_StencilOut' - All subshaders removed
WARNING: Shader Did you use #pragma only_renderers and omit this platform?
WARNING: Shader If subshaders removal was intentional, you may have forgotten turning Fallback off?
WARNING: Shader Unsupported: 'UnityChanToonShader/Tessellation/NoOutline/ToonColor_ShadingGradeMap_StencilOut' - All subshaders removed
WARNING: Shader Did you use #pragma only_renderers and omit this platform?
WARNING: Shader If subshaders removal was intentional, you may have forgotten turning Fallback off?
WARNING: Shader Unsupported: 'UnityChanToonShader/NoOutline/ToonColor_DoubleShadeWithFeather' - All subshaders removed
WARNING: Shader Did you use #pragma only_renderers and omit this platform?
WARNING: Shader If subshaders removal was intentional, you may have forgotten turning Fallback off?
WARNING: Shader Unsupported: 'UnityChanToonShader/NoOutline/ToonColor_DoubleShadeWithFeather' - All subshaders removed
WARNING: Shader Did you use #pragma only_renderers and omit this platform?
WARNING: Shader If subshaders removal was intentional, you may have forgotten turning Fallback off?
WARNING: Shader Unsupported: 'UnityChanToonShader/Mobile/AngelRing/Toon_ShadingGradeMap_StencilOut' - All subshaders removed
WARNING: Shader Did you use #pragma only_renderers and omit this platform?
WARNING: Shader If subshaders removal was intentional, you may have forgotten turning Fallback off?
WARNING: Shader Unsupported: 'UnityChanToonShader/Mobile/AngelRing/Toon_ShadingGradeMap_StencilOut' - All subshaders removed
WARNING: Shader Did you use #pragma only_renderers and omit this platform?
WARNING: Shader If subshaders removal was intentional, you may have forgotten turning Fallback off?
WARNING: Shader Unsupported: 'UnityChanToonShader/Tessellation/NoOutline/AngelRing/ToonColor_ShadingGradeMap' - All subshaders removed
WARNING: Shader Did you use #pragma only_renderers and omit this platform?
WARNING: Shader If subshaders removal was intentional, you may have forgotten turning Fallback off?
WARNING: Shader Unsupported: 'UnityChanToonShader/Tessellation/NoOutline/AngelRing/ToonColor_ShadingGradeMap' - All subshaders removed
WARNING: Shader Did you use #pragma only_renderers and omit this platform?
WARNING: Shader If subshaders removal was intentional, you may have forgotten turning Fallback off?
WARNING: Shader Unsupported: 'UnityChanToonShader/Mobile/Toon_DoubleShadeWithFeather_Clipping_StencilMask' - All subshaders removed
WARNING: Shader Did you use #pragma only_renderers and omit this platform?
WARNING: Shader If subshaders removal was intentional, you may have forgotten turning Fallback off?
WARNING: Shader Unsupported: 'UnityChanToonShader/Mobile/Toon_DoubleShadeWithFeather_Clipping_StencilMask' - All subshaders removed
WARNING: Shader Did you use #pragma only_renderers and omit this platform?
WARNING: Shader If subshaders removal was intentional, you may have forgotten turning Fallback off?
WARNING: Shader Unsupported: 'UnityChanToonShader/Mobile/Toon_ShadingGradeMap_TransClipping' - All subshaders removed
WARNING: Shader Did you use #pragma only_renderers and omit this platform?
WARNING: Shader If subshaders removal was intentional, you may have forgotten turning Fallback off?
WARNING: Shader Unsupported: 'UnityChanToonShader/Mobile/Toon_ShadingGradeMap_TransClipping' - All subshaders removed
WARNING: Shader Did you use #pragma only_renderers and omit this platform?
WARNING: Shader If subshaders removal was intentional, you may have forgotten turning Fallback off?
WARNING: Shader Unsupported: 'UnityChanToonShader/Mobile/Toon_ShadingGradeMap_StencilMask' - All subshaders removed
WARNING: Shader Did you use #pragma only_renderers and omit this platform?
WARNING: Shader If subshaders removal was intentional, you may have forgotten turning Fallback off?
WARNING: Shader Unsupported: 'UnityChanToonShader/Mobile/Toon_ShadingGradeMap_StencilMask' - All subshaders removed
WARNING: Shader Did you use #pragma only_renderers and omit this platform?
WARNING: Shader If subshaders removal was intentional, you may have forgotten turning Fallback off?
WARNING: Shader Unsupported: 'UnityChanToonShader/NoOutline/ToonColor_ShadingGradeMap_TransClipping_StencilMask' - All subshaders removed
WARNING: Shader Did you use #pragma only_renderers and omit this platform?
WARNING: Shader If subshaders removal was intentional, you may have forgotten turning Fallback off?
WARNING: Shader Unsupported: 'UnityChanToonShader/NoOutline/ToonColor_ShadingGradeMap_TransClipping_StencilMask' - All subshaders removed
WARNING: Shader Did you use #pragma only_renderers and omit this platform?
WARNING: Shader If subshaders removal was intentional, you may have forgotten turning Fallback off?
WARNING: Shader Unsupported: 'UnityChanToonShader/Tessellation/NoOutline/AngelRing/ToonColor_ShadingGradeMap_TransClipping_StencilOut' - All subshaders removed
WARNING: Shader Did you use #pragma only_renderers and omit this platform?
WARNING: Shader If subshaders removal was intentional, you may have forgotten turning Fallback off?
WARNING: Shader Unsupported: 'UnityChanToonShader/Tessellation/NoOutline/AngelRing/ToonColor_ShadingGradeMap_TransClipping_StencilOut' - All subshaders removed
WARNING: Shader Did you use #pragma only_renderers and omit this platform?
WARNING: Shader If subshaders removal was intentional, you may have forgotten turning Fallback off?
WARNING: Shader Unsupported: 'UnityChanToonShader/Mobile/Toon_DoubleShadeWithFeather_StencilMask' - All subshaders removed
WARNING: Shader Did you use #pragma only_renderers and omit this platform?
WARNING: Shader If subshaders removal was intentional, you may have forgotten turning Fallback off?
WARNING: Shader Unsupported: 'UnityChanToonShader/Mobile/Toon_DoubleShadeWithFeather_StencilMask' - All subshaders removed
WARNING: Shader Did you use #pragma only_renderers and omit this platform?
WARNING: Shader If subshaders removal was intentional, you may have forgotten turning Fallback off?
WARNING: Shader Unsupported: 'UnityChanToonShader/Tessellation/NoOutline/ToonColor_DoubleShadeWithFeather_TransClipping_StencilMask' - All subshaders removed
WARNING: Shader Did you use #pragma only_renderers and omit this platform?
WARNING: Shader If subshaders removal was intentional, you may have forgotten turning Fallback off?
WARNING: Shader Unsupported: 'UnityChanToonShader/Tessellation/NoOutline/ToonColor_DoubleShadeWithFeather_TransClipping_StencilMask' - All subshaders removed
WARNING: Shader Did you use #pragma only_renderers and omit this platform?
WARNING: Shader If subshaders removal was intentional, you may have forgotten turning Fallback off?
WARNING: Shader Unsupported: 'UnityChanToonShader/Tessellation/NoOutline/ToonColor_DoubleShadeWithFeather_Clipping' - All subshaders removed
WARNING: Shader Did you use #pragma only_renderers and omit this platform?
WARNING: Shader If subshaders removal was intentional, you may have forgotten turning Fallback off?
WARNING: Shader Unsupported: 'UnityChanToonShader/Tessellation/NoOutline/ToonColor_DoubleShadeWithFeather_Clipping' - All subshaders removed
WARNING: Shader Did you use #pragma only_renderers and omit this platform?
WARNING: Shader If subshaders removal was intentional, you may have forgotten turning Fallback off?
WARNING: Shader Unsupported: 'UnityChanToonShader/Tessellation/Light/Toon_ShadingGradeMap_StencilMask' - All subshaders removed
WARNING: Shader Did you use #pragma only_renderers and omit this platform?
WARNING: Shader If subshaders removal was intentional, you may have forgotten turning Fallback off?
WARNING: Shader Unsupported: 'UnityChanToonShader/Tessellation/Light/Toon_ShadingGradeMap_StencilMask' - All subshaders removed
WARNING: Shader Did you use #pragma only_renderers and omit this platform?
WARNING: Shader If subshaders removal was intentional, you may have forgotten turning Fallback off?
WARNING: Shader Unsupported: 'UnityChanToonShader/Tessellation/NoOutline/ToonColor_ShadingGradeMap_StencilMask' - All subshaders removed
WARNING: Shader Did you use #pragma only_renderers and omit this platform?
WARNING: Shader If subshaders removal was intentional, you may have forgotten turning Fallback off?
WARNING: Shader Unsupported: 'UnityChanToonShader/Tessellation/NoOutline/ToonColor_ShadingGradeMap_StencilMask' - All subshaders removed
WARNING: Shader Did you use #pragma only_renderers and omit this platform?
WARNING: Shader If subshaders removal was intentional, you may have forgotten turning Fallback off?
WARNING: Shader Unsupported: 'UnityChanToonShader/Tessellation/NoOutline/AngelRing/ToonColor_ShadingGradeMap_StencilOut' - All subshaders removed
WARNING: Shader Did you use #pragma only_renderers and omit this platform?
WARNING: Shader If subshaders removal was intentional, you may have forgotten turning Fallback off?
WARNING: Shader Unsupported: 'UnityChanToonShader/Tessellation/NoOutline/AngelRing/ToonColor_ShadingGradeMap_StencilOut' - All subshaders removed
WARNING: Shader Did you use #pragma only_renderers and omit this platform?
WARNING: Shader If subshaders removal was intentional, you may have forgotten turning Fallback off?
WARNING: Shader Unsupported: 'UnityChanToonShader/NoOutline/ToonColor_ShadingGradeMap_StencilOut' - All subshaders removed
WARNING: Shader Did you use #pragma only_renderers and omit this platform?
WARNING: Shader If subshaders removal was intentional, you may have forgotten turning Fallback off?
WARNING: Shader Unsupported: 'UnityChanToonShader/NoOutline/ToonColor_ShadingGradeMap_StencilOut' - All subshaders removed
WARNING: Shader Did you use #pragma only_renderers and omit this platform?
WARNING: Shader If subshaders removal was intentional, you may have forgotten turning Fallback off?
WARNING: Shader Unsupported: 'UnityChanToonShader/NoOutline/ToonColor_ShadingGradeMap' - All subshaders removed
WARNING: Shader Did you use #pragma only_renderers and omit this platform?
WARNING: Shader If subshaders removal was intentional, you may have forgotten turning Fallback off?
WARNING: Shader Unsupported: 'UnityChanToonShader/NoOutline/ToonColor_ShadingGradeMap' - All subshaders removed
WARNING: Shader Did you use #pragma only_renderers and omit this platform?
WARNING: Shader If subshaders removal was intentional, you may have forgotten turning Fallback off?
WARNING: Shader Unsupported: 'UnityChanToonShader/NoOutline/ToonColor_DoubleShadeWithFeather_Clipping' - All subshaders removed
WARNING: Shader Did you use #pragma only_renderers and omit this platform?
WARNING: Shader If subshaders removal was intentional, you may have forgotten turning Fallback off?
WARNING: Shader Unsupported: 'UnityChanToonShader/NoOutline/ToonColor_DoubleShadeWithFeather_Clipping' - All subshaders removed
WARNING: Shader Did you use #pragma only_renderers and omit this platform?
WARNING: Shader If subshaders removal was intentional, you may have forgotten turning Fallback off?
WARNING: Shader Unsupported: 'UnityChanToonShader/NoOutline/ToonColor_ShadingGradeMap_TransClipping_StencilOut' - All subshaders removed
WARNING: Shader Did you use #pragma only_renderers and omit this platform?
WARNING: Shader If subshaders removal was intentional, you may have forgotten turning Fallback off?
WARNING: Shader Unsupported: 'UnityChanToonShader/NoOutline/ToonColor_ShadingGradeMap_TransClipping_StencilOut' - All subshaders removed
WARNING: Shader Did you use #pragma only_renderers and omit this platform?
WARNING: Shader If subshaders removal was intentional, you may have forgotten turning Fallback off?
WARNING: Shader Unsupported: 'UnityChanToonShader/Tessellation/NoOutline/ToonColor_DoubleShadeWithFeather_TransClipping_StencilOut' - All subshaders removed
WARNING: Shader Did you use #pragma only_renderers and omit this platform?
WARNING: Shader If subshaders removal was intentional, you may have forgotten turning Fallback off?
WARNING: Shader Unsupported: 'UnityChanToonShader/Tessellation/NoOutline/ToonColor_DoubleShadeWithFeather_TransClipping_StencilOut' - All subshaders removed
WARNING: Shader Did you use #pragma only_renderers and omit this platform?
WARNING: Shader If subshaders removal was intentional, you may have forgotten turning Fallback off?
WARNING: Shader Unsupported: 'UnityChanToonShader/Tessellation/NoOutline/ToonColor_DoubleShadeWithFeather_Clipping_StencilOut' - All subshaders removed
WARNING: Shader Did you use #pragma only_renderers and omit this platform?
WARNING: Shader If subshaders removal was intentional, you may have forgotten turning Fallback off?
WARNING: Shader Unsupported: 'UnityChanToonShader/Tessellation/NoOutline/ToonColor_DoubleShadeWithFeather_Clipping_StencilOut' - All subshaders removed
WARNING: Shader Did you use #pragma only_renderers and omit this platform?
WARNING: Shader If subshaders removal was intentional, you may have forgotten turning Fallback off?
WARNING: Shader Unsupported: 'UnityChanToonShader/Tessellation/NoOutline/ToonColor_ShadingGradeMap_TransClipping' - All subshaders removed
WARNING: Shader Did you use #pragma only_renderers and omit this platform?
WARNING: Shader If subshaders removal was intentional, you may have forgotten turning Fallback off?
WARNING: Shader Unsupported: 'UnityChanToonShader/Tessellation/NoOutline/ToonColor_ShadingGradeMap_TransClipping' - All subshaders removed
WARNING: Shader Did you use #pragma only_renderers and omit this platform?
WARNING: Shader If subshaders removal was intentional, you may have forgotten turning Fallback off?
WARNING: Shader Unsupported: 'UnityChanToonShader/Tessellation/Light/Toon_ShadingGradeMap_StencilOut' - All subshaders removed
WARNING: Shader Did you use #pragma only_renderers and omit this platform?
WARNING: Shader If subshaders removal was intentional, you may have forgotten turning Fallback off?
WARNING: Shader Unsupported: 'UnityChanToonShader/Tessellation/Light/Toon_ShadingGradeMap_StencilOut' - All subshaders removed
WARNING: Shader Did you use #pragma only_renderers and omit this platform?
WARNING: Shader If subshaders removal was intentional, you may have forgotten turning Fallback off?
WARNING: Shader Unsupported: 'UnityChanToonShader/Mobile/AngelRing/Toon_ShadingGradeMap' - All subshaders removed
WARNING: Shader Did you use #pragma only_renderers and omit this platform?
WARNING: Shader If subshaders removal was intentional, you may have forgotten turning Fallback off?
WARNING: Shader Unsupported: 'UnityChanToonShader/Mobile/AngelRing/Toon_ShadingGradeMap' - All subshaders removed
WARNING: Shader Did you use #pragma only_renderers and omit this platform?
WARNING: Shader If subshaders removal was intentional, you may have forgotten turning Fallback off?
WARNING: Shader Unsupported: 'UnityChanToonShader/Tessellation/Light/AngelRing/Toon_ShadingGradeMap_StencilOut' - All subshaders removed
WARNING: Shader Did you use #pragma only_renderers and omit this platform?
WARNING: Shader If subshaders removal was intentional, you may have forgotten turning Fallback off?
WARNING: Shader Unsupported: 'UnityChanToonShader/Tessellation/Light/AngelRing/Toon_ShadingGradeMap_StencilOut' - All subshaders removed
WARNING: Shader Did you use #pragma only_renderers and omit this platform?
WARNING: Shader If subshaders removal was intentional, you may have forgotten turning Fallback off?
WARNING: Shader Unsupported: 'UnityChanToonShader/Tessellation/NoOutline/AngelRing/ToonColor_ShadingGradeMap_TransClipping' - All subshaders removed
WARNING: Shader Did you use #pragma only_renderers and omit this platform?
WARNING: Shader If subshaders removal was intentional, you may have forgotten turning Fallback off?
WARNING: Shader Unsupported: 'UnityChanToonShader/Tessellation/NoOutline/AngelRing/ToonColor_ShadingGradeMap_TransClipping' - All subshaders removed
WARNING: Shader Did you use #pragma only_renderers and omit this platform?
WARNING: Shader If subshaders removal was intentional, you may have forgotten turning Fallback off?
WARNING: Shader Unsupported: 'UnityChanToonShader/NoOutline/AngelRing/ToonColor_ShadingGradeMap_TransClipping' - All subshaders removed
WARNING: Shader Did you use #pragma only_renderers and omit this platform?
WARNING: Shader If subshaders removal was intentional, you may have forgotten turning Fallback off?
WARNING: Shader Unsupported: 'UnityChanToonShader/NoOutline/AngelRing/ToonColor_ShadingGradeMap_TransClipping' - All subshaders removed
WARNING: Shader Did you use #pragma only_renderers and omit this platform?
WARNING: Shader If subshaders removal was intentional, you may have forgotten turning Fallback off?
WARNING: Shader Unsupported: 'UnityChanToonShader/Mobile/Toon_ShadingGradeMap_TransClipping_StencilMask' - All subshaders removed
WARNING: Shader Did you use #pragma only_renderers and omit this platform?
WARNING: Shader If subshaders removal was intentional, you may have forgotten turning Fallback off?
WARNING: Shader Unsupported: 'UnityChanToonShader/Mobile/Toon_ShadingGradeMap_TransClipping_StencilMask' - All subshaders removed
WARNING: Shader Did you use #pragma only_renderers and omit this platform?
WARNING: Shader If subshaders removal was intentional, you may have forgotten turning Fallback off?
WARNING: Shader Unsupported: 'UnityChanToonShader/NoOutline/ToonColor_ShadingGradeMap_TransClipping' - All subshaders removed
WARNING: Shader Did you use #pragma only_renderers and omit this platform?
WARNING: Shader If subshaders removal was intentional, you may have forgotten turning Fallback off?
WARNING: Shader Unsupported: 'UnityChanToonShader/NoOutline/ToonColor_ShadingGradeMap_TransClipping' - All subshaders removed
WARNING: Shader Did you use #pragma only_renderers and omit this platform?
WARNING: Shader If subshaders removal was intentional, you may have forgotten turning Fallback off?
WARNING: Shader Unsupported: 'UnityChanToonShader/NoOutline/AngelRing/ToonColor_ShadingGradeMap_StencilOut' - All subshaders removed
WARNING: Shader Did you use #pragma only_renderers and omit this platform?
WARNING: Shader If subshaders removal was intentional, you may have forgotten turning Fallback off?
WARNING: Shader Unsupported: 'UnityChanToonShader/NoOutline/AngelRing/ToonColor_ShadingGradeMap_StencilOut' - All subshaders removed
WARNING: Shader Did you use #pragma only_renderers and omit this platform?
WARNING: Shader If subshaders removal was intentional, you may have forgotten turning Fallback off?
WARNING: Shader Unsupported: 'UnityChanToonShader/Tessellation/NoOutline/ToonColor_ShadingGradeMap_TransClipping_StencilMask' - All subshaders removed
WARNING: Shader Did you use #pragma only_renderers and omit this platform?
WARNING: Shader If subshaders removal was intentional, you may have forgotten turning Fallback off?
WARNING: Shader Unsupported: 'UnityChanToonShader/Tessellation/NoOutline/ToonColor_ShadingGradeMap_TransClipping_StencilMask' - All subshaders removed
WARNING: Shader Did you use #pragma only_renderers and omit this platform?
WARNING: Shader If subshaders removal was intentional, you may have forgotten turning Fallback off?
WARNING: Shader Unsupported: 'UnityChanToonShader/Tessellation/Light/Toon_ShadingGradeMap' - All subshaders removed
WARNING: Shader Did you use #pragma only_renderers and omit this platform?
WARNING: Shader If subshaders removal was intentional, you may have forgotten turning Fallback off?
WARNING: Shader Unsupported: 'UnityChanToonShader/Tessellation/Light/Toon_ShadingGradeMap' - All subshaders removed
WARNING: Shader Did you use #pragma only_renderers and omit this platform?
WARNING: Shader If subshaders removal was intentional, you may have forgotten turning Fallback off?
WARNING: Shader Unsupported: 'UnityChanToonShader/Tessellation/NoOutline/ToonColor_ShadingGradeMap_TransClipping_StencilOut' - All subshaders removed
WARNING: Shader Did you use #pragma only_renderers and omit this platform?
WARNING: Shader If subshaders removal was intentional, you may have forgotten turning Fallback off?
WARNING: Shader Unsupported: 'UnityChanToonShader/Tessellation/NoOutline/ToonColor_ShadingGradeMap_TransClipping_StencilOut' - All subshaders removed
WARNING: Shader Did you use #pragma only_renderers and omit this platform?
WARNING: Shader If subshaders removal was intentional, you may have forgotten turning Fallback off?
WARNING: Shader Unsupported: 'UnityChanToonShader/Tessellation/NoOutline/ToonColor_DoubleShadeWithFeather_StencilMask' - All subshaders removed
WARNING: Shader Did you use #pragma only_renderers and omit this platform?
WARNING: Shader If subshaders removal was intentional, you may have forgotten turning Fallback off?
WARNING: Shader Unsupported: 'UnityChanToonShader/Tessellation/NoOutline/ToonColor_DoubleShadeWithFeather_StencilMask' - All subshaders removed
WARNING: Shader Did you use #pragma only_renderers and omit this platform?
WARNING: Shader If subshaders removal was intentional, you may have forgotten turning Fallback off?
WARNING: Shader Unsupported: 'UnityChanToonShader/NoOutline/AngelRing/ToonColor_ShadingGradeMap' - All subshaders removed
WARNING: Shader Did you use #pragma only_renderers and omit this platform?
WARNING: Shader If subshaders removal was intentional, you may have forgotten turning Fallback off?
WARNING: Shader Unsupported: 'UnityChanToonShader/NoOutline/AngelRing/ToonColor_ShadingGradeMap' - All subshaders removed
WARNING: Shader Did you use #pragma only_renderers and omit this platform?
WARNING: Shader If subshaders removal was intentional, you may have forgotten turning Fallback off?
WARNING: Shader Unsupported: 'UnityChanToonShader/Tessellation/NoOutline/ToonColor_DoubleShadeWithFeather_TransClipping' - All subshaders removed
WARNING: Shader Did you use #pragma only_renderers and omit this platform?
WARNING: Shader If subshaders removal was intentional, you may have forgotten turning Fallback off?
WARNING: Shader Unsupported: 'UnityChanToonShader/Tessellation/NoOutline/ToonColor_DoubleShadeWithFeather_TransClipping' - All subshaders removed
WARNING: Shader Did you use #pragma only_renderers and omit this platform?
WARNING: Shader If subshaders removal was intentional, you may have forgotten turning Fallback off?
WARNING: Shader Unsupported: 'UnityChanToonShader/NoOutline/AngelRing/ToonColor_ShadingGradeMap_TransClipping_StencilOut' - All subshaders removed
WARNING: Shader Did you use #pragma only_renderers and omit this platform?
WARNING: Shader If subshaders removal was intentional, you may have forgotten turning Fallback off?
WARNING: Shader Unsupported: 'UnityChanToonShader/NoOutline/AngelRing/ToonColor_ShadingGradeMap_TransClipping_StencilOut' - All subshaders removed
WARNING: Shader Did you use #pragma only_renderers and omit this platform?
WARNING: Shader If subshaders removal was intentional, you may have forgotten turning Fallback off?
WARNING: Shader Unsupported: 'UnityChanToonShader/NoOutline/ToonColor_DoubleShadeWithFeather_TransClipping_StencilOut' - All subshaders removed
WARNING: Shader Did you use #pragma only_renderers and omit this platform?
WARNING: Shader If subshaders removal was intentional, you may have forgotten turning Fallback off?
WARNING: Shader Unsupported: 'UnityChanToonShader/NoOutline/ToonColor_DoubleShadeWithFeather_TransClipping_StencilOut' - All subshaders removed
WARNING: Shader Did you use #pragma only_renderers and omit this platform?
WARNING: Shader If subshaders removal was intentional, you may have forgotten turning Fallback off?
WARNING: Shader Unsupported: 'UnityChanToonShader/Mobile/Toon_DoubleShadeWithFeather_StencilOut' - All subshaders removed
WARNING: Shader Did you use #pragma only_renderers and omit this platform?
WARNING: Shader If subshaders removal was intentional, you may have forgotten turning Fallback off?
WARNING: Shader Unsupported: 'UnityChanToonShader/Mobile/Toon_DoubleShadeWithFeather_StencilOut' - All subshaders removed
WARNING: Shader Did you use #pragma only_renderers and omit this platform?
WARNING: Shader If subshaders removal was intentional, you may have forgotten turning Fallback off?
WARNING: Shader Unsupported: 'UnityChanToonShader/Tessellation/Light/Toon_DoubleShadeWithFeather_StencilMask' - All subshaders removed
WARNING: Shader Did you use #pragma only_renderers and omit this platform?
WARNING: Shader If subshaders removal was intentional, you may have forgotten turning Fallback off?
WARNING: Shader Unsupported: 'UnityChanToonShader/Tessellation/Light/Toon_DoubleShadeWithFeather_StencilMask' - All subshaders removed
WARNING: Shader Did you use #pragma only_renderers and omit this platform?
WARNING: Shader If subshaders removal was intentional, you may have forgotten turning Fallback off?
Refreshing native plugins compatible for Editor in 8.57 ms, found 4 plugins.
Preloading 0 native plugins for Editor in 0.00 ms.
Unloading 61 Unused Serialized files (Serialized files now loaded: 0)
Unloading 61 unused Assets / (10.5 MB). Loaded Objects now: 4079.
Memory consumption went from 110.1 MB to 99.6 MB.
Total: 8.203000 ms (FindLiveObjects: 0.345100 ms CreateObjectMapping: 0.123200 ms MarkObjects: 2.803100 ms  DeleteObjects: 4.930500 ms)

Prepare: number of updated asset objects reloaded= 0
AssetImportParameters requested are different than current active one (requested -> active):
  custom:container-demuxer-ogg: 62fdf1f143b41e24485cea50d1cbac27 -> 
  custom:video-codec-MediaFoundation-h265: 746d11721c4dcdbdad8f713fa42b33f4 -> 
  custom:video-decoder-ogg-theora: a1e56fd34408186e4bbccfd4996cb3dc -> 
  custom:framework-win-MediaFoundation: 216162199b28c13a410421893ffa2e32 -> 
  custom:CustomObjectIndexerAttribute: 9a22284fe3817be447336de3de66b15e -> 
  custom:container-demuxer-webm: 4f35f7cbe854078d1ac9338744f61a02 -> 
  custom:container-muxer-webm: aa71ff27fc2769a1b78a27578f13a17b -> 
  custom:video-decoder-webm-vp8: 9c59270c3fd7afecdb556c50c9e8de78 -> 
  custom:SearchIndexIgnoredProperties: e643bd26f0fe6173181afceb89e7c659 -> 
  custom:AudioImporter_EditorPlatform: d09bf68614088b80899f8185d706f6e7 -> 
  custom:video-encoder-webm-vp8: eb34c28f22e8b96e1ab97ce403110664 -> 
  custom:audio-decoder-ogg-vorbis: bf7c407c2cedff20999df2af8eb42d56 -> 
  custom:audio-encoder-webm-vorbis: bf7c407c2cedff20999df2af8eb42d56 -> 
========================================================================
Received Prepare
Caller must complete domain reload
Begin MonoManager ReloadAssembly
- Loaded All Assemblies, in  2.427 seconds
Native extension for WindowsStandalone target not found
Native extension for WebGL target not found
Mono: successfully reloaded assembly
- Finished resetting the current domain, in 14.420 seconds
Domain Reload Profiling: 16842ms
	BeginReloadAssembly (259ms)
		ExecutionOrderSort (0ms)
		DisableScriptedObjects (10ms)
		BackupInstance (0ms)
		ReleaseScriptingObjects (0ms)
		CreateAndSetChildDomain (60ms)
	RebuildCommonClasses (50ms)
	RebuildNativeTypeToScriptingClass (17ms)
	initialDomainReloadingComplete (62ms)
	LoadAllAssembliesAndSetupDomain (2033ms)
		LoadAssemblies (2135ms)
		RebuildTransferFunctionScriptingTraits (0ms)
		AnalyzeDomain (36ms)
			TypeCache.Refresh (13ms)
				TypeCache.ScanAssembly (0ms)
			ScanForSourceGeneratedMonoScriptInfo (12ms)
			ResolveRequiredComponents (8ms)
	FinalizeReload (14421ms)
		ReleaseScriptCaches (0ms)
		RebuildScriptCaches (0ms)
		SetupLoadedEditorAssemblies (418ms)
			LogAssemblyErrors (0ms)
			InitializePlatformSupportModulesInManaged (10ms)
			SetLoadedEditorAssemblies (6ms)
			RefreshPlugins (0ms)
			BeforeProcessingInitializeOnLoad (67ms)
			ProcessInitializeOnLoadAttributes (302ms)
			ProcessInitializeOnLoadMethodAttributes (25ms)
			AfterProcessingInitializeOnLoad (9ms)
			EditorAssembliesLoaded (0ms)
		ExecutionOrderSort2 (0ms)
		AwakeInstancesAfterBackupRestoration (6ms)
WARNING: Shader Unsupported: 'UnityChanToonShader/NoOutline/ToonColor_ShadingGradeMap_StencilMask' - All subshaders removed
WARNING: Shader Did you use #pragma only_renderers and omit this platform?
WARNING: Shader If subshaders removal was intentional, you may have forgotten turning Fallback off?
WARNING: Shader Unsupported: 'UnityChanToonShader/NoOutline/ToonColor_ShadingGradeMap_StencilMask' - All subshaders removed
WARNING: Shader Did you use #pragma only_renderers and omit this platform?
WARNING: Shader If subshaders removal was intentional, you may have forgotten turning Fallback off?
WARNING: Shader Unsupported: 'UnityChanToonShader/Tessellation/Light/Toon_DoubleShadeWithFeather_StencilOut' - All subshaders removed
WARNING: Shader Did you use #pragma only_renderers and omit this platform?
WARNING: Shader If subshaders removal was intentional, you may have forgotten turning Fallback off?
WARNING: Shader Unsupported: 'UnityChanToonShader/Tessellation/Light/Toon_DoubleShadeWithFeather_StencilOut' - All subshaders removed
WARNING: Shader Did you use #pragma only_renderers and omit this platform?
WARNING: Shader If subshaders removal was intentional, you may have forgotten turning Fallback off?
WARNING: Shader Unsupported: 'UnityChanToonShader/Tessellation/NoOutline/ToonColor_DoubleShadeWithFeather_StencilOut' - All subshaders removed
WARNING: Shader Did you use #pragma only_renderers and omit this platform?
WARNING: Shader If subshaders removal was intentional, you may have forgotten turning Fallback off?
WARNING: Shader Unsupported: 'UnityChanToonShader/Tessellation/NoOutline/ToonColor_DoubleShadeWithFeather_StencilOut' - All subshaders removed
WARNING: Shader Did you use #pragma only_renderers and omit this platform?
WARNING: Shader If subshaders removal was intentional, you may have forgotten turning Fallback off?
WARNING: Shader Unsupported: 'UnityChanToonShader/Mobile/Toon_DoubleShadeWithFeather_Clipping' - All subshaders removed
WARNING: Shader Did you use #pragma only_renderers and omit this platform?
WARNING: Shader If subshaders removal was intentional, you may have forgotten turning Fallback off?
WARNING: Shader Unsupported: 'UnityChanToonShader/Mobile/Toon_DoubleShadeWithFeather_Clipping' - All subshaders removed
WARNING: Shader Did you use #pragma only_renderers and omit this platform?
WARNING: Shader If subshaders removal was intentional, you may have forgotten turning Fallback off?
WARNING: Shader Unsupported: 'UnityChanToonShader/NoOutline/ToonColor_DoubleShadeWithFeather_Clipping_StencilOut' - All subshaders removed
WARNING: Shader Did you use #pragma only_renderers and omit this platform?
WARNING: Shader If subshaders removal was intentional, you may have forgotten turning Fallback off?
WARNING: Shader Unsupported: 'UnityChanToonShader/NoOutline/ToonColor_DoubleShadeWithFeather_Clipping_StencilOut' - All subshaders removed
WARNING: Shader Did you use #pragma only_renderers and omit this platform?
WARNING: Shader If subshaders removal was intentional, you may have forgotten turning Fallback off?
WARNING: Shader Unsupported: 'UnityChanToonShader/NoOutline/ToonColor_DoubleShadeWithFeather_StencilOut' - All subshaders removed
WARNING: Shader Did you use #pragma only_renderers and omit this platform?
WARNING: Shader If subshaders removal was intentional, you may have forgotten turning Fallback off?
WARNING: Shader Unsupported: 'UnityChanToonShader/NoOutline/ToonColor_DoubleShadeWithFeather_StencilOut' - All subshaders removed
WARNING: Shader Did you use #pragma only_renderers and omit this platform?
WARNING: Shader If subshaders removal was intentional, you may have forgotten turning Fallback off?
WARNING: Shader Unsupported: 'UnityChanToonShader/NoOutline/ToonColor_DoubleShadeWithFeather_StencilMask' - All subshaders removed
WARNING: Shader Did you use #pragma only_renderers and omit this platform?
WARNING: Shader If subshaders removal was intentional, you may have forgotten turning Fallback off?
WARNING: Shader Unsupported: 'UnityChanToonShader/NoOutline/ToonColor_DoubleShadeWithFeather_StencilMask' - All subshaders removed
WARNING: Shader Did you use #pragma only_renderers and omit this platform?
WARNING: Shader If subshaders removal was intentional, you may have forgotten turning Fallback off?
WARNING: Shader Unsupported: 'UnityChanToonShader/Tessellation/NoOutline/ToonColor_ShadingGradeMap' - All subshaders removed
WARNING: Shader Did you use #pragma only_renderers and omit this platform?
WARNING: Shader If subshaders removal was intentional, you may have forgotten turning Fallback off?
WARNING: Shader Unsupported: 'UnityChanToonShader/Tessellation/NoOutline/ToonColor_ShadingGradeMap' - All subshaders removed
WARNING: Shader Did you use #pragma only_renderers and omit this platform?
WARNING: Shader If subshaders removal was intentional, you may have forgotten turning Fallback off?
WARNING: Shader Unsupported: 'UnityChanToonShader/Tessellation/NoOutline/ToonColor_DoubleShadeWithFeather' - All subshaders removed
WARNING: Shader Did you use #pragma only_renderers and omit this platform?
WARNING: Shader If subshaders removal was intentional, you may have forgotten turning Fallback off?
WARNING: Shader Unsupported: 'UnityChanToonShader/Tessellation/NoOutline/ToonColor_DoubleShadeWithFeather' - All subshaders removed
WARNING: Shader Did you use #pragma only_renderers and omit this platform?
WARNING: Shader If subshaders removal was intentional, you may have forgotten turning Fallback off?
WARNING: Shader Unsupported: 'UnityChanToonShader/Mobile/Toon_ShadingGradeMap_StencilOut' - All subshaders removed
WARNING: Shader Did you use #pragma only_renderers and omit this platform?
WARNING: Shader If subshaders removal was intentional, you may have forgotten turning Fallback off?
WARNING: Shader Unsupported: 'UnityChanToonShader/Mobile/Toon_ShadingGradeMap_StencilOut' - All subshaders removed
WARNING: Shader Did you use #pragma only_renderers and omit this platform?
WARNING: Shader If subshaders removal was intentional, you may have forgotten turning Fallback off?
WARNING: Shader Unsupported: 'UnityChanToonShader/NoOutline/ToonColor_DoubleShadeWithFeather_TransClipping_StencilMask' - All subshaders removed
WARNING: Shader Did you use #pragma only_renderers and omit this platform?
WARNING: Shader If subshaders removal was intentional, you may have forgotten turning Fallback off?
WARNING: Shader Unsupported: 'UnityChanToonShader/NoOutline/ToonColor_DoubleShadeWithFeather_TransClipping_StencilMask' - All subshaders removed
WARNING: Shader Did you use #pragma only_renderers and omit this platform?
WARNING: Shader If subshaders removal was intentional, you may have forgotten turning Fallback off?
WARNING: Shader Unsupported: 'UnityChanToonShader/Tessellation/NoOutline/ToonColor_DoubleShadeWithFeather_Clipping_StencilMask' - All subshaders removed
WARNING: Shader Did you use #pragma only_renderers and omit this platform?
WARNING: Shader If subshaders removal was intentional, you may have forgotten turning Fallback off?
WARNING: Shader Unsupported: 'UnityChanToonShader/Tessellation/NoOutline/ToonColor_DoubleShadeWithFeather_Clipping_StencilMask' - All subshaders removed
WARNING: Shader Did you use #pragma only_renderers and omit this platform?
WARNING: Shader If subshaders removal was intentional, you may have forgotten turning Fallback off?
WARNING: Shader Unsupported: 'UnityChanToonShader/Mobile/Toon_DoubleShadeWithFeather' - All subshaders removed
WARNING: Shader Did you use #pragma only_renderers and omit this platform?
WARNING: Shader If subshaders removal was intentional, you may have forgotten turning Fallback off?
WARNING: Shader Unsupported: 'UnityChanToonShader/Mobile/Toon_DoubleShadeWithFeather' - All subshaders removed
WARNING: Shader Did you use #pragma only_renderers and omit this platform?
WARNING: Shader If subshaders removal was intentional, you may have forgotten turning Fallback off?
WARNING: Shader Unsupported: 'UnityChanToonShader/Mobile/Toon_DoubleShadeWithFeather_TransClipping_StencilMask' - All subshaders removed
WARNING: Shader Did you use #pragma only_renderers and omit this platform?
WARNING: Shader If subshaders removal was intentional, you may have forgotten turning Fallback off?
WARNING: Shader Unsupported: 'UnityChanToonShader/Mobile/Toon_DoubleShadeWithFeather_TransClipping_StencilMask' - All subshaders removed
WARNING: Shader Did you use #pragma only_renderers and omit this platform?
WARNING: Shader If subshaders removal was intentional, you may have forgotten turning Fallback off?
WARNING: Shader Unsupported: 'UnityChanToonShader/NoOutline/ToonColor_DoubleShadeWithFeather_Clipping_StencilMask' - All subshaders removed
WARNING: Shader Did you use #pragma only_renderers and omit this platform?
WARNING: Shader If subshaders removal was intentional, you may have forgotten turning Fallback off?
WARNING: Shader Unsupported: 'UnityChanToonShader/NoOutline/ToonColor_DoubleShadeWithFeather_Clipping_StencilMask' - All subshaders removed
WARNING: Shader Did you use #pragma only_renderers and omit this platform?
WARNING: Shader If subshaders removal was intentional, you may have forgotten turning Fallback off?
WARNING: Shader Unsupported: 'UnityChanToonShader/Tessellation/Light/AngelRing/Toon_ShadingGradeMap' - All subshaders removed
WARNING: Shader Did you use #pragma only_renderers and omit this platform?
WARNING: Shader If subshaders removal was intentional, you may have forgotten turning Fallback off?
WARNING: Shader Unsupported: 'UnityChanToonShader/Tessellation/Light/AngelRing/Toon_ShadingGradeMap' - All subshaders removed
WARNING: Shader Did you use #pragma only_renderers and omit this platform?
WARNING: Shader If subshaders removal was intentional, you may have forgotten turning Fallback off?
WARNING: Shader Unsupported: 'UnityChanToonShader/Mobile/Toon_ShadingGradeMap' - All subshaders removed
WARNING: Shader Did you use #pragma only_renderers and omit this platform?
WARNING: Shader If subshaders removal was intentional, you may have forgotten turning Fallback off?
WARNING: Shader Unsupported: 'UnityChanToonShader/Mobile/Toon_ShadingGradeMap' - All subshaders removed
WARNING: Shader Did you use #pragma only_renderers and omit this platform?
WARNING: Shader If subshaders removal was intentional, you may have forgotten turning Fallback off?
WARNING: Shader Unsupported: 'UnityChanToonShader/Mobile/Toon_DoubleShadeWithFeather_TransClipping' - All subshaders removed
WARNING: Shader Did you use #pragma only_renderers and omit this platform?
WARNING: Shader If subshaders removal was intentional, you may have forgotten turning Fallback off?
WARNING: Shader Unsupported: 'UnityChanToonShader/Mobile/Toon_DoubleShadeWithFeather_TransClipping' - All subshaders removed
WARNING: Shader Did you use #pragma only_renderers and omit this platform?
WARNING: Shader If subshaders removal was intentional, you may have forgotten turning Fallback off?
WARNING: Shader Unsupported: 'UnityChanToonShader/Tessellation/Light/Toon_DoubleShadeWithFeather' - All subshaders removed
WARNING: Shader Did you use #pragma only_renderers and omit this platform?
WARNING: Shader If subshaders removal was intentional, you may have forgotten turning Fallback off?
WARNING: Shader Unsupported: 'UnityChanToonShader/Tessellation/Light/Toon_DoubleShadeWithFeather' - All subshaders removed
WARNING: Shader Did you use #pragma only_renderers and omit this platform?
WARNING: Shader If subshaders removal was intentional, you may have forgotten turning Fallback off?
WARNING: Shader Unsupported: 'UnityChanToonShader/NoOutline/ToonColor_DoubleShadeWithFeather_TransClipping' - All subshaders removed
WARNING: Shader Did you use #pragma only_renderers and omit this platform?
WARNING: Shader If subshaders removal was intentional, you may have forgotten turning Fallback off?
WARNING: Shader Unsupported: 'UnityChanToonShader/NoOutline/ToonColor_DoubleShadeWithFeather_TransClipping' - All subshaders removed
WARNING: Shader Did you use #pragma only_renderers and omit this platform?
WARNING: Shader If subshaders removal was intentional, you may have forgotten turning Fallback off?
WARNING: Shader Unsupported: 'UnityChanToonShader/Tessellation/NoOutline/ToonColor_ShadingGradeMap_StencilOut' - All subshaders removed
WARNING: Shader Did you use #pragma only_renderers and omit this platform?
WARNING: Shader If subshaders removal was intentional, you may have forgotten turning Fallback off?
WARNING: Shader Unsupported: 'UnityChanToonShader/Tessellation/NoOutline/ToonColor_ShadingGradeMap_StencilOut' - All subshaders removed
WARNING: Shader Did you use #pragma only_renderers and omit this platform?
WARNING: Shader If subshaders removal was intentional, you may have forgotten turning Fallback off?
WARNING: Shader Unsupported: 'UnityChanToonShader/NoOutline/ToonColor_DoubleShadeWithFeather' - All subshaders removed
WARNING: Shader Did you use #pragma only_renderers and omit this platform?
WARNING: Shader If subshaders removal was intentional, you may have forgotten turning Fallback off?
WARNING: Shader Unsupported: 'UnityChanToonShader/NoOutline/ToonColor_DoubleShadeWithFeather' - All subshaders removed
WARNING: Shader Did you use #pragma only_renderers and omit this platform?
WARNING: Shader If subshaders removal was intentional, you may have forgotten turning Fallback off?
WARNING: Shader Unsupported: 'UnityChanToonShader/Mobile/AngelRing/Toon_ShadingGradeMap_StencilOut' - All subshaders removed
WARNING: Shader Did you use #pragma only_renderers and omit this platform?
WARNING: Shader If subshaders removal was intentional, you may have forgotten turning Fallback off?
WARNING: Shader Unsupported: 'UnityChanToonShader/Mobile/AngelRing/Toon_ShadingGradeMap_StencilOut' - All subshaders removed
WARNING: Shader Did you use #pragma only_renderers and omit this platform?
WARNING: Shader If subshaders removal was intentional, you may have forgotten turning Fallback off?
WARNING: Shader Unsupported: 'UnityChanToonShader/Tessellation/NoOutline/AngelRing/ToonColor_ShadingGradeMap' - All subshaders removed
WARNING: Shader Did you use #pragma only_renderers and omit this platform?
WARNING: Shader If subshaders removal was intentional, you may have forgotten turning Fallback off?
WARNING: Shader Unsupported: 'UnityChanToonShader/Tessellation/NoOutline/AngelRing/ToonColor_ShadingGradeMap' - All subshaders removed
WARNING: Shader Did you use #pragma only_renderers and omit this platform?
WARNING: Shader If subshaders removal was intentional, you may have forgotten turning Fallback off?
WARNING: Shader Unsupported: 'UnityChanToonShader/Mobile/Toon_DoubleShadeWithFeather_Clipping_StencilMask' - All subshaders removed
WARNING: Shader Did you use #pragma only_renderers and omit this platform?
WARNING: Shader If subshaders removal was intentional, you may have forgotten turning Fallback off?
WARNING: Shader Unsupported: 'UnityChanToonShader/Mobile/Toon_DoubleShadeWithFeather_Clipping_StencilMask' - All subshaders removed
WARNING: Shader Did you use #pragma only_renderers and omit this platform?
WARNING: Shader If subshaders removal was intentional, you may have forgotten turning Fallback off?
WARNING: Shader Unsupported: 'UnityChanToonShader/Mobile/Toon_ShadingGradeMap_TransClipping' - All subshaders removed
WARNING: Shader Did you use #pragma only_renderers and omit this platform?
WARNING: Shader If subshaders removal was intentional, you may have forgotten turning Fallback off?
WARNING: Shader Unsupported: 'UnityChanToonShader/Mobile/Toon_ShadingGradeMap_TransClipping' - All subshaders removed
WARNING: Shader Did you use #pragma only_renderers and omit this platform?
WARNING: Shader If subshaders removal was intentional, you may have forgotten turning Fallback off?
WARNING: Shader Unsupported: 'UnityChanToonShader/Mobile/Toon_ShadingGradeMap_StencilMask' - All subshaders removed
WARNING: Shader Did you use #pragma only_renderers and omit this platform?
WARNING: Shader If subshaders removal was intentional, you may have forgotten turning Fallback off?
WARNING: Shader Unsupported: 'UnityChanToonShader/Mobile/Toon_ShadingGradeMap_StencilMask' - All subshaders removed
WARNING: Shader Did you use #pragma only_renderers and omit this platform?
WARNING: Shader If subshaders removal was intentional, you may have forgotten turning Fallback off?
WARNING: Shader Unsupported: 'UnityChanToonShader/NoOutline/ToonColor_ShadingGradeMap_TransClipping_StencilMask' - All subshaders removed
WARNING: Shader Did you use #pragma only_renderers and omit this platform?
WARNING: Shader If subshaders removal was intentional, you may have forgotten turning Fallback off?
WARNING: Shader Unsupported: 'UnityChanToonShader/NoOutline/ToonColor_ShadingGradeMap_TransClipping_StencilMask' - All subshaders removed
WARNING: Shader Did you use #pragma only_renderers and omit this platform?
WARNING: Shader If subshaders removal was intentional, you may have forgotten turning Fallback off?
WARNING: Shader Unsupported: 'UnityChanToonShader/Tessellation/NoOutline/AngelRing/ToonColor_ShadingGradeMap_TransClipping_StencilOut' - All subshaders removed
WARNING: Shader Did you use #pragma only_renderers and omit this platform?
WARNING: Shader If subshaders removal was intentional, you may have forgotten turning Fallback off?
WARNING: Shader Unsupported: 'UnityChanToonShader/Tessellation/NoOutline/AngelRing/ToonColor_ShadingGradeMap_TransClipping_StencilOut' - All subshaders removed
WARNING: Shader Did you use #pragma only_renderers and omit this platform?
WARNING: Shader If subshaders removal was intentional, you may have forgotten turning Fallback off?
WARNING: Shader Unsupported: 'UnityChanToonShader/Mobile/Toon_DoubleShadeWithFeather_StencilMask' - All subshaders removed
WARNING: Shader Did you use #pragma only_renderers and omit this platform?
WARNING: Shader If subshaders removal was intentional, you may have forgotten turning Fallback off?
WARNING: Shader Unsupported: 'UnityChanToonShader/Mobile/Toon_DoubleShadeWithFeather_StencilMask' - All subshaders removed
WARNING: Shader Did you use #pragma only_renderers and omit this platform?
WARNING: Shader If subshaders removal was intentional, you may have forgotten turning Fallback off?
WARNING: Shader Unsupported: 'UnityChanToonShader/Tessellation/NoOutline/ToonColor_DoubleShadeWithFeather_TransClipping_StencilMask' - All subshaders removed
WARNING: Shader Did you use #pragma only_renderers and omit this platform?
WARNING: Shader If subshaders removal was intentional, you may have forgotten turning Fallback off?
WARNING: Shader Unsupported: 'UnityChanToonShader/Tessellation/NoOutline/ToonColor_DoubleShadeWithFeather_TransClipping_StencilMask' - All subshaders removed
WARNING: Shader Did you use #pragma only_renderers and omit this platform?
WARNING: Shader If subshaders removal was intentional, you may have forgotten turning Fallback off?
WARNING: Shader Unsupported: 'UnityChanToonShader/Tessellation/NoOutline/ToonColor_DoubleShadeWithFeather_Clipping' - All subshaders removed
WARNING: Shader Did you use #pragma only_renderers and omit this platform?
WARNING: Shader If subshaders removal was intentional, you may have forgotten turning Fallback off?
WARNING: Shader Unsupported: 'UnityChanToonShader/Tessellation/NoOutline/ToonColor_DoubleShadeWithFeather_Clipping' - All subshaders removed
WARNING: Shader Did you use #pragma only_renderers and omit this platform?
WARNING: Shader If subshaders removal was intentional, you may have forgotten turning Fallback off?
WARNING: Shader Unsupported: 'UnityChanToonShader/Tessellation/Light/Toon_ShadingGradeMap_StencilMask' - All subshaders removed
WARNING: Shader Did you use #pragma only_renderers and omit this platform?
WARNING: Shader If subshaders removal was intentional, you may have forgotten turning Fallback off?
WARNING: Shader Unsupported: 'UnityChanToonShader/Tessellation/Light/Toon_ShadingGradeMap_StencilMask' - All subshaders removed
WARNING: Shader Did you use #pragma only_renderers and omit this platform?
WARNING: Shader If subshaders removal was intentional, you may have forgotten turning Fallback off?
WARNING: Shader Unsupported: 'UnityChanToonShader/Tessellation/NoOutline/ToonColor_ShadingGradeMap_StencilMask' - All subshaders removed
WARNING: Shader Did you use #pragma only_renderers and omit this platform?
WARNING: Shader If subshaders removal was intentional, you may have forgotten turning Fallback off?
WARNING: Shader Unsupported: 'UnityChanToonShader/Tessellation/NoOutline/ToonColor_ShadingGradeMap_StencilMask' - All subshaders removed
WARNING: Shader Did you use #pragma only_renderers and omit this platform?
WARNING: Shader If subshaders removal was intentional, you may have forgotten turning Fallback off?
WARNING: Shader Unsupported: 'UnityChanToonShader/Tessellation/NoOutline/AngelRing/ToonColor_ShadingGradeMap_StencilOut' - All subshaders removed
WARNING: Shader Did you use #pragma only_renderers and omit this platform?
WARNING: Shader If subshaders removal was intentional, you may have forgotten turning Fallback off?
WARNING: Shader Unsupported: 'UnityChanToonShader/Tessellation/NoOutline/AngelRing/ToonColor_ShadingGradeMap_StencilOut' - All subshaders removed
WARNING: Shader Did you use #pragma only_renderers and omit this platform?
WARNING: Shader If subshaders removal was intentional, you may have forgotten turning Fallback off?
WARNING: Shader Unsupported: 'UnityChanToonShader/NoOutline/ToonColor_ShadingGradeMap_StencilOut' - All subshaders removed
WARNING: Shader Did you use #pragma only_renderers and omit this platform?
WARNING: Shader If subshaders removal was intentional, you may have forgotten turning Fallback off?
WARNING: Shader Unsupported: 'UnityChanToonShader/NoOutline/ToonColor_ShadingGradeMap_StencilOut' - All subshaders removed
WARNING: Shader Did you use #pragma only_renderers and omit this platform?
WARNING: Shader If subshaders removal was intentional, you may have forgotten turning Fallback off?
WARNING: Shader Unsupported: 'UnityChanToonShader/NoOutline/ToonColor_ShadingGradeMap' - All subshaders removed
WARNING: Shader Did you use #pragma only_renderers and omit this platform?
WARNING: Shader If subshaders removal was intentional, you may have forgotten turning Fallback off?
WARNING: Shader Unsupported: 'UnityChanToonShader/NoOutline/ToonColor_ShadingGradeMap' - All subshaders removed
WARNING: Shader Did you use #pragma only_renderers and omit this platform?
WARNING: Shader If subshaders removal was intentional, you may have forgotten turning Fallback off?
WARNING: Shader Unsupported: 'UnityChanToonShader/NoOutline/ToonColor_DoubleShadeWithFeather_Clipping' - All subshaders removed
WARNING: Shader Did you use #pragma only_renderers and omit this platform?
WARNING: Shader If subshaders removal was intentional, you may have forgotten turning Fallback off?
WARNING: Shader Unsupported: 'UnityChanToonShader/NoOutline/ToonColor_DoubleShadeWithFeather_Clipping' - All subshaders removed
WARNING: Shader Did you use #pragma only_renderers and omit this platform?
WARNING: Shader If subshaders removal was intentional, you may have forgotten turning Fallback off?
WARNING: Shader Unsupported: 'UnityChanToonShader/NoOutline/ToonColor_ShadingGradeMap_TransClipping_StencilOut' - All subshaders removed
WARNING: Shader Did you use #pragma only_renderers and omit this platform?
WARNING: Shader If subshaders removal was intentional, you may have forgotten turning Fallback off?
WARNING: Shader Unsupported: 'UnityChanToonShader/NoOutline/ToonColor_ShadingGradeMap_TransClipping_StencilOut' - All subshaders removed
WARNING: Shader Did you use #pragma only_renderers and omit this platform?
WARNING: Shader If subshaders removal was intentional, you may have forgotten turning Fallback off?
WARNING: Shader Unsupported: 'UnityChanToonShader/Tessellation/NoOutline/ToonColor_DoubleShadeWithFeather_TransClipping_StencilOut' - All subshaders removed
WARNING: Shader Did you use #pragma only_renderers and omit this platform?
WARNING: Shader If subshaders removal was intentional, you may have forgotten turning Fallback off?
WARNING: Shader Unsupported: 'UnityChanToonShader/Tessellation/NoOutline/ToonColor_DoubleShadeWithFeather_TransClipping_StencilOut' - All subshaders removed
WARNING: Shader Did you use #pragma only_renderers and omit this platform?
WARNING: Shader If subshaders removal was intentional, you may have forgotten turning Fallback off?
WARNING: Shader Unsupported: 'UnityChanToonShader/Tessellation/NoOutline/ToonColor_DoubleShadeWithFeather_Clipping_StencilOut' - All subshaders removed
WARNING: Shader Did you use #pragma only_renderers and omit this platform?
WARNING: Shader If subshaders removal was intentional, you may have forgotten turning Fallback off?
WARNING: Shader Unsupported: 'UnityChanToonShader/Tessellation/NoOutline/ToonColor_DoubleShadeWithFeather_Clipping_StencilOut' - All subshaders removed
WARNING: Shader Did you use #pragma only_renderers and omit this platform?
WARNING: Shader If subshaders removal was intentional, you may have forgotten turning Fallback off?
WARNING: Shader Unsupported: 'UnityChanToonShader/Tessellation/NoOutline/ToonColor_ShadingGradeMap_TransClipping' - All subshaders removed
WARNING: Shader Did you use #pragma only_renderers and omit this platform?
WARNING: Shader If subshaders removal was intentional, you may have forgotten turning Fallback off?
WARNING: Shader Unsupported: 'UnityChanToonShader/Tessellation/NoOutline/ToonColor_ShadingGradeMap_TransClipping' - All subshaders removed
WARNING: Shader Did you use #pragma only_renderers and omit this platform?
WARNING: Shader If subshaders removal was intentional, you may have forgotten turning Fallback off?
WARNING: Shader Unsupported: 'UnityChanToonShader/Tessellation/Light/Toon_ShadingGradeMap_StencilOut' - All subshaders removed
WARNING: Shader Did you use #pragma only_renderers and omit this platform?
WARNING: Shader If subshaders removal was intentional, you may have forgotten turning Fallback off?
WARNING: Shader Unsupported: 'UnityChanToonShader/Tessellation/Light/Toon_ShadingGradeMap_StencilOut' - All subshaders removed
WARNING: Shader Did you use #pragma only_renderers and omit this platform?
WARNING: Shader If subshaders removal was intentional, you may have forgotten turning Fallback off?
WARNING: Shader Unsupported: 'UnityChanToonShader/Mobile/AngelRing/Toon_ShadingGradeMap' - All subshaders removed
WARNING: Shader Did you use #pragma only_renderers and omit this platform?
WARNING: Shader If subshaders removal was intentional, you may have forgotten turning Fallback off?
WARNING: Shader Unsupported: 'UnityChanToonShader/Mobile/AngelRing/Toon_ShadingGradeMap' - All subshaders removed
WARNING: Shader Did you use #pragma only_renderers and omit this platform?
WARNING: Shader If subshaders removal was intentional, you may have forgotten turning Fallback off?
WARNING: Shader Unsupported: 'UnityChanToonShader/Tessellation/Light/AngelRing/Toon_ShadingGradeMap_StencilOut' - All subshaders removed
WARNING: Shader Did you use #pragma only_renderers and omit this platform?
WARNING: Shader If subshaders removal was intentional, you may have forgotten turning Fallback off?
WARNING: Shader Unsupported: 'UnityChanToonShader/Tessellation/Light/AngelRing/Toon_ShadingGradeMap_StencilOut' - All subshaders removed
WARNING: Shader Did you use #pragma only_renderers and omit this platform?
WARNING: Shader If subshaders removal was intentional, you may have forgotten turning Fallback off?
WARNING: Shader Unsupported: 'UnityChanToonShader/Tessellation/NoOutline/AngelRing/ToonColor_ShadingGradeMap_TransClipping' - All subshaders removed
WARNING: Shader Did you use #pragma only_renderers and omit this platform?
WARNING: Shader If subshaders removal was intentional, you may have forgotten turning Fallback off?
WARNING: Shader Unsupported: 'UnityChanToonShader/Tessellation/NoOutline/AngelRing/ToonColor_ShadingGradeMap_TransClipping' - All subshaders removed
WARNING: Shader Did you use #pragma only_renderers and omit this platform?
WARNING: Shader If subshaders removal was intentional, you may have forgotten turning Fallback off?
WARNING: Shader Unsupported: 'UnityChanToonShader/NoOutline/AngelRing/ToonColor_ShadingGradeMap_TransClipping' - All subshaders removed
WARNING: Shader Did you use #pragma only_renderers and omit this platform?
WARNING: Shader If subshaders removal was intentional, you may have forgotten turning Fallback off?
WARNING: Shader Unsupported: 'UnityChanToonShader/NoOutline/AngelRing/ToonColor_ShadingGradeMap_TransClipping' - All subshaders removed
WARNING: Shader Did you use #pragma only_renderers and omit this platform?
WARNING: Shader If subshaders removal was intentional, you may have forgotten turning Fallback off?
WARNING: Shader Unsupported: 'UnityChanToonShader/Mobile/Toon_ShadingGradeMap_TransClipping_StencilMask' - All subshaders removed
WARNING: Shader Did you use #pragma only_renderers and omit this platform?
WARNING: Shader If subshaders removal was intentional, you may have forgotten turning Fallback off?
WARNING: Shader Unsupported: 'UnityChanToonShader/Mobile/Toon_ShadingGradeMap_TransClipping_StencilMask' - All subshaders removed
WARNING: Shader Did you use #pragma only_renderers and omit this platform?
WARNING: Shader If subshaders removal was intentional, you may have forgotten turning Fallback off?
WARNING: Shader Unsupported: 'UnityChanToonShader/NoOutline/ToonColor_ShadingGradeMap_TransClipping' - All subshaders removed
WARNING: Shader Did you use #pragma only_renderers and omit this platform?
WARNING: Shader If subshaders removal was intentional, you may have forgotten turning Fallback off?
WARNING: Shader Unsupported: 'UnityChanToonShader/NoOutline/ToonColor_ShadingGradeMap_TransClipping' - All subshaders removed
WARNING: Shader Did you use #pragma only_renderers and omit this platform?
WARNING: Shader If subshaders removal was intentional, you may have forgotten turning Fallback off?
WARNING: Shader Unsupported: 'UnityChanToonShader/NoOutline/AngelRing/ToonColor_ShadingGradeMap_StencilOut' - All subshaders removed
WARNING: Shader Did you use #pragma only_renderers and omit this platform?
WARNING: Shader If subshaders removal was intentional, you may have forgotten turning Fallback off?
WARNING: Shader Unsupported: 'UnityChanToonShader/NoOutline/AngelRing/ToonColor_ShadingGradeMap_StencilOut' - All subshaders removed
WARNING: Shader Did you use #pragma only_renderers and omit this platform?
WARNING: Shader If subshaders removal was intentional, you may have forgotten turning Fallback off?
WARNING: Shader Unsupported: 'UnityChanToonShader/Tessellation/NoOutline/ToonColor_ShadingGradeMap_TransClipping_StencilMask' - All subshaders removed
WARNING: Shader Did you use #pragma only_renderers and omit this platform?
WARNING: Shader If subshaders removal was intentional, you may have forgotten turning Fallback off?
WARNING: Shader Unsupported: 'UnityChanToonShader/Tessellation/NoOutline/ToonColor_ShadingGradeMap_TransClipping_StencilMask' - All subshaders removed
WARNING: Shader Did you use #pragma only_renderers and omit this platform?
WARNING: Shader If subshaders removal was intentional, you may have forgotten turning Fallback off?
WARNING: Shader Unsupported: 'UnityChanToonShader/Tessellation/Light/Toon_ShadingGradeMap' - All subshaders removed
WARNING: Shader Did you use #pragma only_renderers and omit this platform?
WARNING: Shader If subshaders removal was intentional, you may have forgotten turning Fallback off?
WARNING: Shader Unsupported: 'UnityChanToonShader/Tessellation/Light/Toon_ShadingGradeMap' - All subshaders removed
WARNING: Shader Did you use #pragma only_renderers and omit this platform?
WARNING: Shader If subshaders removal was intentional, you may have forgotten turning Fallback off?
WARNING: Shader Unsupported: 'UnityChanToonShader/Tessellation/NoOutline/ToonColor_ShadingGradeMap_TransClipping_StencilOut' - All subshaders removed
WARNING: Shader Did you use #pragma only_renderers and omit this platform?
WARNING: Shader If subshaders removal was intentional, you may have forgotten turning Fallback off?
WARNING: Shader Unsupported: 'UnityChanToonShader/Tessellation/NoOutline/ToonColor_ShadingGradeMap_TransClipping_StencilOut' - All subshaders removed
WARNING: Shader Did you use #pragma only_renderers and omit this platform?
WARNING: Shader If subshaders removal was intentional, you may have forgotten turning Fallback off?
WARNING: Shader Unsupported: 'UnityChanToonShader/Tessellation/NoOutline/ToonColor_DoubleShadeWithFeather_StencilMask' - All subshaders removed
WARNING: Shader Did you use #pragma only_renderers and omit this platform?
WARNING: Shader If subshaders removal was intentional, you may have forgotten turning Fallback off?
WARNING: Shader Unsupported: 'UnityChanToonShader/Tessellation/NoOutline/ToonColor_DoubleShadeWithFeather_StencilMask' - All subshaders removed
WARNING: Shader Did you use #pragma only_renderers and omit this platform?
WARNING: Shader If subshaders removal was intentional, you may have forgotten turning Fallback off?
WARNING: Shader Unsupported: 'UnityChanToonShader/NoOutline/AngelRing/ToonColor_ShadingGradeMap' - All subshaders removed
WARNING: Shader Did you use #pragma only_renderers and omit this platform?
WARNING: Shader If subshaders removal was intentional, you may have forgotten turning Fallback off?
WARNING: Shader Unsupported: 'UnityChanToonShader/NoOutline/AngelRing/ToonColor_ShadingGradeMap' - All subshaders removed
WARNING: Shader Did you use #pragma only_renderers and omit this platform?
WARNING: Shader If subshaders removal was intentional, you may have forgotten turning Fallback off?
WARNING: Shader Unsupported: 'UnityChanToonShader/Tessellation/NoOutline/ToonColor_DoubleShadeWithFeather_TransClipping' - All subshaders removed
WARNING: Shader Did you use #pragma only_renderers and omit this platform?
WARNING: Shader If subshaders removal was intentional, you may have forgotten turning Fallback off?
WARNING: Shader Unsupported: 'UnityChanToonShader/Tessellation/NoOutline/ToonColor_DoubleShadeWithFeather_TransClipping' - All subshaders removed
WARNING: Shader Did you use #pragma only_renderers and omit this platform?
WARNING: Shader If subshaders removal was intentional, you may have forgotten turning Fallback off?
WARNING: Shader Unsupported: 'UnityChanToonShader/NoOutline/AngelRing/ToonColor_ShadingGradeMap_TransClipping_StencilOut' - All subshaders removed
WARNING: Shader Did you use #pragma only_renderers and omit this platform?
WARNING: Shader If subshaders removal was intentional, you may have forgotten turning Fallback off?
WARNING: Shader Unsupported: 'UnityChanToonShader/NoOutline/AngelRing/ToonColor_ShadingGradeMap_TransClipping_StencilOut' - All subshaders removed
WARNING: Shader Did you use #pragma only_renderers and omit this platform?
WARNING: Shader If subshaders removal was intentional, you may have forgotten turning Fallback off?
WARNING: Shader Unsupported: 'UnityChanToonShader/NoOutline/ToonColor_DoubleShadeWithFeather_TransClipping_StencilOut' - All subshaders removed
WARNING: Shader Did you use #pragma only_renderers and omit this platform?
WARNING: Shader If subshaders removal was intentional, you may have forgotten turning Fallback off?
WARNING: Shader Unsupported: 'UnityChanToonShader/NoOutline/ToonColor_DoubleShadeWithFeather_TransClipping_StencilOut' - All subshaders removed
WARNING: Shader Did you use #pragma only_renderers and omit this platform?
WARNING: Shader If subshaders removal was intentional, you may have forgotten turning Fallback off?
WARNING: Shader Unsupported: 'UnityChanToonShader/Mobile/Toon_DoubleShadeWithFeather_StencilOut' - All subshaders removed
WARNING: Shader Did you use #pragma only_renderers and omit this platform?
WARNING: Shader If subshaders removal was intentional, you may have forgotten turning Fallback off?
WARNING: Shader Unsupported: 'UnityChanToonShader/Mobile/Toon_DoubleShadeWithFeather_StencilOut' - All subshaders removed
WARNING: Shader Did you use #pragma only_renderers and omit this platform?
WARNING: Shader If subshaders removal was intentional, you may have forgotten turning Fallback off?
WARNING: Shader Unsupported: 'UnityChanToonShader/Tessellation/Light/Toon_DoubleShadeWithFeather_StencilMask' - All subshaders removed
WARNING: Shader Did you use #pragma only_renderers and omit this platform?
WARNING: Shader If subshaders removal was intentional, you may have forgotten turning Fallback off?
WARNING: Shader Unsupported: 'UnityChanToonShader/Tessellation/Light/Toon_DoubleShadeWithFeather_StencilMask' - All subshaders removed
WARNING: Shader Did you use #pragma only_renderers and omit this platform?
WARNING: Shader If subshaders removal was intentional, you may have forgotten turning Fallback off?
Refreshing native plugins compatible for Editor in 8.85 ms, found 4 plugins.
Preloading 0 native plugins for Editor in 0.00 ms.
Unloading 3586 Unused Serialized files (Serialized files now loaded: 0)
Unloading 77 unused Assets / (10.6 MB). Loaded Objects now: 4083.
Memory consumption went from 165.1 MB to 154.5 MB.
Total: 9.337900 ms (FindLiveObjects: 0.506100 ms CreateObjectMapping: 0.393800 ms MarkObjects: 2.926400 ms  DeleteObjects: 5.510300 ms)

Prepare: number of updated asset objects reloaded= 0
AssetImportParameters requested are different than current active one (requested -> active):
  custom:container-demuxer-ogg: 62fdf1f143b41e24485cea50d1cbac27 -> 
  custom:video-codec-MediaFoundation-h265: 746d11721c4dcdbdad8f713fa42b33f4 -> 
  custom:video-decoder-ogg-theora: a1e56fd34408186e4bbccfd4996cb3dc -> 
  custom:framework-win-MediaFoundation: 216162199b28c13a410421893ffa2e32 -> 
  custom:CustomObjectIndexerAttribute: 9a22284fe3817be447336de3de66b15e -> 
  custom:container-demuxer-webm: 4f35f7cbe854078d1ac9338744f61a02 -> 
  custom:container-muxer-webm: aa71ff27fc2769a1b78a27578f13a17b -> 
  custom:video-decoder-webm-vp8: 9c59270c3fd7afecdb556c50c9e8de78 -> 
  custom:SearchIndexIgnoredProperties: e643bd26f0fe6173181afceb89e7c659 -> 
  custom:AudioImporter_EditorPlatform: d09bf68614088b80899f8185d706f6e7 -> 
  custom:video-encoder-webm-vp8: eb34c28f22e8b96e1ab97ce403110664 -> 
  custom:audio-decoder-ogg-vorbis: bf7c407c2cedff20999df2af8eb42d56 -> 
  custom:audio-encoder-webm-vorbis: bf7c407c2cedff20999df2af8eb42d56 -> 
========================================================================
Received Prepare
Caller must complete domain reload
Begin MonoManager ReloadAssembly
- Loaded All Assemblies, in  0.627 seconds
Native extension for WindowsStandalone target not found
Native extension for WebGL target not found
Mono: successfully reloaded assembly
- Finished resetting the current domain, in  1.494 seconds
Domain Reload Profiling: 2120ms
	BeginReloadAssembly (163ms)
		ExecutionOrderSort (0ms)
		DisableScriptedObjects (5ms)
		BackupInstance (0ms)
		ReleaseScriptingObjects (0ms)
		CreateAndSetChildDomain (29ms)
	RebuildCommonClasses (56ms)
	RebuildNativeTypeToScriptingClass (14ms)
	initialDomainReloadingComplete (37ms)
	LoadAllAssembliesAndSetupDomain (356ms)
		LoadAssemblies (402ms)
		RebuildTransferFunctionScriptingTraits (0ms)
		AnalyzeDomain (43ms)
			TypeCache.Refresh (14ms)
				TypeCache.ScanAssembly (1ms)
			ScanForSourceGeneratedMonoScriptInfo (10ms)
			ResolveRequiredComponents (14ms)
	FinalizeReload (1494ms)
		ReleaseScriptCaches (0ms)
		RebuildScriptCaches (0ms)
		SetupLoadedEditorAssemblies (444ms)
			LogAssemblyErrors (0ms)
			InitializePlatformSupportModulesInManaged (9ms)
			SetLoadedEditorAssemblies (4ms)
			RefreshPlugins (0ms)
			BeforeProcessingInitializeOnLoad (87ms)
			ProcessInitializeOnLoadAttributes (319ms)
			ProcessInitializeOnLoadMethodAttributes (17ms)
			AfterProcessingInitializeOnLoad (8ms)
			EditorAssembliesLoaded (0ms)
		ExecutionOrderSort2 (0ms)
		AwakeInstancesAfterBackupRestoration (7ms)
WARNING: Shader Unsupported: 'UnityChanToonShader/NoOutline/ToonColor_ShadingGradeMap_StencilMask' - All subshaders removed
WARNING: Shader Did you use #pragma only_renderers and omit this platform?
WARNING: Shader If subshaders removal was intentional, you may have forgotten turning Fallback off?
WARNING: Shader Unsupported: 'UnityChanToonShader/NoOutline/ToonColor_ShadingGradeMap_StencilMask' - All subshaders removed
WARNING: Shader Did you use #pragma only_renderers and omit this platform?
WARNING: Shader If subshaders removal was intentional, you may have forgotten turning Fallback off?
WARNING: Shader Unsupported: 'UnityChanToonShader/Tessellation/Light/Toon_DoubleShadeWithFeather_StencilOut' - All subshaders removed
WARNING: Shader Did you use #pragma only_renderers and omit this platform?
WARNING: Shader If subshaders removal was intentional, you may have forgotten turning Fallback off?
WARNING: Shader Unsupported: 'UnityChanToonShader/Tessellation/Light/Toon_DoubleShadeWithFeather_StencilOut' - All subshaders removed
WARNING: Shader Did you use #pragma only_renderers and omit this platform?
WARNING: Shader If subshaders removal was intentional, you may have forgotten turning Fallback off?
WARNING: Shader Unsupported: 'UnityChanToonShader/Tessellation/NoOutline/ToonColor_DoubleShadeWithFeather_StencilOut' - All subshaders removed
WARNING: Shader Did you use #pragma only_renderers and omit this platform?
WARNING: Shader If subshaders removal was intentional, you may have forgotten turning Fallback off?
WARNING: Shader Unsupported: 'UnityChanToonShader/Tessellation/NoOutline/ToonColor_DoubleShadeWithFeather_StencilOut' - All subshaders removed
WARNING: Shader Did you use #pragma only_renderers and omit this platform?
WARNING: Shader If subshaders removal was intentional, you may have forgotten turning Fallback off?
WARNING: Shader Unsupported: 'UnityChanToonShader/Mobile/Toon_DoubleShadeWithFeather_Clipping' - All subshaders removed
WARNING: Shader Did you use #pragma only_renderers and omit this platform?
WARNING: Shader If subshaders removal was intentional, you may have forgotten turning Fallback off?
WARNING: Shader Unsupported: 'UnityChanToonShader/Mobile/Toon_DoubleShadeWithFeather_Clipping' - All subshaders removed
WARNING: Shader Did you use #pragma only_renderers and omit this platform?
WARNING: Shader If subshaders removal was intentional, you may have forgotten turning Fallback off?
WARNING: Shader Unsupported: 'UnityChanToonShader/NoOutline/ToonColor_DoubleShadeWithFeather_Clipping_StencilOut' - All subshaders removed
WARNING: Shader Did you use #pragma only_renderers and omit this platform?
WARNING: Shader If subshaders removal was intentional, you may have forgotten turning Fallback off?
WARNING: Shader Unsupported: 'UnityChanToonShader/NoOutline/ToonColor_DoubleShadeWithFeather_Clipping_StencilOut' - All subshaders removed
WARNING: Shader Did you use #pragma only_renderers and omit this platform?
WARNING: Shader If subshaders removal was intentional, you may have forgotten turning Fallback off?
WARNING: Shader Unsupported: 'UnityChanToonShader/NoOutline/ToonColor_DoubleShadeWithFeather_StencilOut' - All subshaders removed
WARNING: Shader Did you use #pragma only_renderers and omit this platform?
WARNING: Shader If subshaders removal was intentional, you may have forgotten turning Fallback off?
WARNING: Shader Unsupported: 'UnityChanToonShader/NoOutline/ToonColor_DoubleShadeWithFeather_StencilOut' - All subshaders removed
WARNING: Shader Did you use #pragma only_renderers and omit this platform?
WARNING: Shader If subshaders removal was intentional, you may have forgotten turning Fallback off?
WARNING: Shader Unsupported: 'UnityChanToonShader/NoOutline/ToonColor_DoubleShadeWithFeather_StencilMask' - All subshaders removed
WARNING: Shader Did you use #pragma only_renderers and omit this platform?
WARNING: Shader If subshaders removal was intentional, you may have forgotten turning Fallback off?
WARNING: Shader Unsupported: 'UnityChanToonShader/NoOutline/ToonColor_DoubleShadeWithFeather_StencilMask' - All subshaders removed
WARNING: Shader Did you use #pragma only_renderers and omit this platform?
WARNING: Shader If subshaders removal was intentional, you may have forgotten turning Fallback off?
WARNING: Shader Unsupported: 'UnityChanToonShader/Tessellation/NoOutline/ToonColor_ShadingGradeMap' - All subshaders removed
WARNING: Shader Did you use #pragma only_renderers and omit this platform?
WARNING: Shader If subshaders removal was intentional, you may have forgotten turning Fallback off?
WARNING: Shader Unsupported: 'UnityChanToonShader/Tessellation/NoOutline/ToonColor_ShadingGradeMap' - All subshaders removed
WARNING: Shader Did you use #pragma only_renderers and omit this platform?
WARNING: Shader If subshaders removal was intentional, you may have forgotten turning Fallback off?
WARNING: Shader Unsupported: 'UnityChanToonShader/Tessellation/NoOutline/ToonColor_DoubleShadeWithFeather' - All subshaders removed
WARNING: Shader Did you use #pragma only_renderers and omit this platform?
WARNING: Shader If subshaders removal was intentional, you may have forgotten turning Fallback off?
WARNING: Shader Unsupported: 'UnityChanToonShader/Tessellation/NoOutline/ToonColor_DoubleShadeWithFeather' - All subshaders removed
WARNING: Shader Did you use #pragma only_renderers and omit this platform?
WARNING: Shader If subshaders removal was intentional, you may have forgotten turning Fallback off?
WARNING: Shader Unsupported: 'UnityChanToonShader/Mobile/Toon_ShadingGradeMap_StencilOut' - All subshaders removed
WARNING: Shader Did you use #pragma only_renderers and omit this platform?
WARNING: Shader If subshaders removal was intentional, you may have forgotten turning Fallback off?
WARNING: Shader Unsupported: 'UnityChanToonShader/Mobile/Toon_ShadingGradeMap_StencilOut' - All subshaders removed
WARNING: Shader Did you use #pragma only_renderers and omit this platform?
WARNING: Shader If subshaders removal was intentional, you may have forgotten turning Fallback off?
WARNING: Shader Unsupported: 'UnityChanToonShader/NoOutline/ToonColor_DoubleShadeWithFeather_TransClipping_StencilMask' - All subshaders removed
WARNING: Shader Did you use #pragma only_renderers and omit this platform?
WARNING: Shader If subshaders removal was intentional, you may have forgotten turning Fallback off?
WARNING: Shader Unsupported: 'UnityChanToonShader/NoOutline/ToonColor_DoubleShadeWithFeather_TransClipping_StencilMask' - All subshaders removed
WARNING: Shader Did you use #pragma only_renderers and omit this platform?
WARNING: Shader If subshaders removal was intentional, you may have forgotten turning Fallback off?
WARNING: Shader Unsupported: 'UnityChanToonShader/Tessellation/NoOutline/ToonColor_DoubleShadeWithFeather_Clipping_StencilMask' - All subshaders removed
WARNING: Shader Did you use #pragma only_renderers and omit this platform?
WARNING: Shader If subshaders removal was intentional, you may have forgotten turning Fallback off?
WARNING: Shader Unsupported: 'UnityChanToonShader/Tessellation/NoOutline/ToonColor_DoubleShadeWithFeather_Clipping_StencilMask' - All subshaders removed
WARNING: Shader Did you use #pragma only_renderers and omit this platform?
WARNING: Shader If subshaders removal was intentional, you may have forgotten turning Fallback off?
WARNING: Shader Unsupported: 'UnityChanToonShader/Mobile/Toon_DoubleShadeWithFeather' - All subshaders removed
WARNING: Shader Did you use #pragma only_renderers and omit this platform?
WARNING: Shader If subshaders removal was intentional, you may have forgotten turning Fallback off?
WARNING: Shader Unsupported: 'UnityChanToonShader/Mobile/Toon_DoubleShadeWithFeather' - All subshaders removed
WARNING: Shader Did you use #pragma only_renderers and omit this platform?
WARNING: Shader If subshaders removal was intentional, you may have forgotten turning Fallback off?
WARNING: Shader Unsupported: 'UnityChanToonShader/Mobile/Toon_DoubleShadeWithFeather_TransClipping_StencilMask' - All subshaders removed
WARNING: Shader Did you use #pragma only_renderers and omit this platform?
WARNING: Shader If subshaders removal was intentional, you may have forgotten turning Fallback off?
WARNING: Shader Unsupported: 'UnityChanToonShader/Mobile/Toon_DoubleShadeWithFeather_TransClipping_StencilMask' - All subshaders removed
WARNING: Shader Did you use #pragma only_renderers and omit this platform?
WARNING: Shader If subshaders removal was intentional, you may have forgotten turning Fallback off?
WARNING: Shader Unsupported: 'UnityChanToonShader/NoOutline/ToonColor_DoubleShadeWithFeather_Clipping_StencilMask' - All subshaders removed
WARNING: Shader Did you use #pragma only_renderers and omit this platform?
WARNING: Shader If subshaders removal was intentional, you may have forgotten turning Fallback off?
WARNING: Shader Unsupported: 'UnityChanToonShader/NoOutline/ToonColor_DoubleShadeWithFeather_Clipping_StencilMask' - All subshaders removed
WARNING: Shader Did you use #pragma only_renderers and omit this platform?
WARNING: Shader If subshaders removal was intentional, you may have forgotten turning Fallback off?
WARNING: Shader Unsupported: 'UnityChanToonShader/Tessellation/Light/AngelRing/Toon_ShadingGradeMap' - All subshaders removed
WARNING: Shader Did you use #pragma only_renderers and omit this platform?
WARNING: Shader If subshaders removal was intentional, you may have forgotten turning Fallback off?
WARNING: Shader Unsupported: 'UnityChanToonShader/Tessellation/Light/AngelRing/Toon_ShadingGradeMap' - All subshaders removed
WARNING: Shader Did you use #pragma only_renderers and omit this platform?
WARNING: Shader If subshaders removal was intentional, you may have forgotten turning Fallback off?
WARNING: Shader Unsupported: 'UnityChanToonShader/Mobile/Toon_ShadingGradeMap' - All subshaders removed
WARNING: Shader Did you use #pragma only_renderers and omit this platform?
WARNING: Shader If subshaders removal was intentional, you may have forgotten turning Fallback off?
WARNING: Shader Unsupported: 'UnityChanToonShader/Mobile/Toon_ShadingGradeMap' - All subshaders removed
WARNING: Shader Did you use #pragma only_renderers and omit this platform?
WARNING: Shader If subshaders removal was intentional, you may have forgotten turning Fallback off?
WARNING: Shader Unsupported: 'UnityChanToonShader/Mobile/Toon_DoubleShadeWithFeather_TransClipping' - All subshaders removed
WARNING: Shader Did you use #pragma only_renderers and omit this platform?
WARNING: Shader If subshaders removal was intentional, you may have forgotten turning Fallback off?
WARNING: Shader Unsupported: 'UnityChanToonShader/Mobile/Toon_DoubleShadeWithFeather_TransClipping' - All subshaders removed
WARNING: Shader Did you use #pragma only_renderers and omit this platform?
WARNING: Shader If subshaders removal was intentional, you may have forgotten turning Fallback off?
WARNING: Shader Unsupported: 'UnityChanToonShader/Tessellation/Light/Toon_DoubleShadeWithFeather' - All subshaders removed
WARNING: Shader Did you use #pragma only_renderers and omit this platform?
WARNING: Shader If subshaders removal was intentional, you may have forgotten turning Fallback off?
WARNING: Shader Unsupported: 'UnityChanToonShader/Tessellation/Light/Toon_DoubleShadeWithFeather' - All subshaders removed
WARNING: Shader Did you use #pragma only_renderers and omit this platform?
WARNING: Shader If subshaders removal was intentional, you may have forgotten turning Fallback off?
WARNING: Shader Unsupported: 'UnityChanToonShader/NoOutline/ToonColor_DoubleShadeWithFeather_TransClipping' - All subshaders removed
WARNING: Shader Did you use #pragma only_renderers and omit this platform?
WARNING: Shader If subshaders removal was intentional, you may have forgotten turning Fallback off?
WARNING: Shader Unsupported: 'UnityChanToonShader/NoOutline/ToonColor_DoubleShadeWithFeather_TransClipping' - All subshaders removed
WARNING: Shader Did you use #pragma only_renderers and omit this platform?
WARNING: Shader If subshaders removal was intentional, you may have forgotten turning Fallback off?
WARNING: Shader Unsupported: 'UnityChanToonShader/Tessellation/NoOutline/ToonColor_ShadingGradeMap_StencilOut' - All subshaders removed
WARNING: Shader Did you use #pragma only_renderers and omit this platform?
WARNING: Shader If subshaders removal was intentional, you may have forgotten turning Fallback off?
WARNING: Shader Unsupported: 'UnityChanToonShader/Tessellation/NoOutline/ToonColor_ShadingGradeMap_StencilOut' - All subshaders removed
WARNING: Shader Did you use #pragma only_renderers and omit this platform?
WARNING: Shader If subshaders removal was intentional, you may have forgotten turning Fallback off?
WARNING: Shader Unsupported: 'UnityChanToonShader/NoOutline/ToonColor_DoubleShadeWithFeather' - All subshaders removed
WARNING: Shader Did you use #pragma only_renderers and omit this platform?
WARNING: Shader If subshaders removal was intentional, you may have forgotten turning Fallback off?
WARNING: Shader Unsupported: 'UnityChanToonShader/NoOutline/ToonColor_DoubleShadeWithFeather' - All subshaders removed
WARNING: Shader Did you use #pragma only_renderers and omit this platform?
WARNING: Shader If subshaders removal was intentional, you may have forgotten turning Fallback off?
WARNING: Shader Unsupported: 'UnityChanToonShader/Mobile/AngelRing/Toon_ShadingGradeMap_StencilOut' - All subshaders removed
WARNING: Shader Did you use #pragma only_renderers and omit this platform?
WARNING: Shader If subshaders removal was intentional, you may have forgotten turning Fallback off?
WARNING: Shader Unsupported: 'UnityChanToonShader/Mobile/AngelRing/Toon_ShadingGradeMap_StencilOut' - All subshaders removed
WARNING: Shader Did you use #pragma only_renderers and omit this platform?
WARNING: Shader If subshaders removal was intentional, you may have forgotten turning Fallback off?
WARNING: Shader Unsupported: 'UnityChanToonShader/Tessellation/NoOutline/AngelRing/ToonColor_ShadingGradeMap' - All subshaders removed
WARNING: Shader Did you use #pragma only_renderers and omit this platform?
WARNING: Shader If subshaders removal was intentional, you may have forgotten turning Fallback off?
WARNING: Shader Unsupported: 'UnityChanToonShader/Tessellation/NoOutline/AngelRing/ToonColor_ShadingGradeMap' - All subshaders removed
WARNING: Shader Did you use #pragma only_renderers and omit this platform?
WARNING: Shader If subshaders removal was intentional, you may have forgotten turning Fallback off?
WARNING: Shader Unsupported: 'UnityChanToonShader/Mobile/Toon_DoubleShadeWithFeather_Clipping_StencilMask' - All subshaders removed
WARNING: Shader Did you use #pragma only_renderers and omit this platform?
WARNING: Shader If subshaders removal was intentional, you may have forgotten turning Fallback off?
WARNING: Shader Unsupported: 'UnityChanToonShader/Mobile/Toon_DoubleShadeWithFeather_Clipping_StencilMask' - All subshaders removed
WARNING: Shader Did you use #pragma only_renderers and omit this platform?
WARNING: Shader If subshaders removal was intentional, you may have forgotten turning Fallback off?
WARNING: Shader Unsupported: 'UnityChanToonShader/Mobile/Toon_ShadingGradeMap_TransClipping' - All subshaders removed
WARNING: Shader Did you use #pragma only_renderers and omit this platform?
WARNING: Shader If subshaders removal was intentional, you may have forgotten turning Fallback off?
WARNING: Shader Unsupported: 'UnityChanToonShader/Mobile/Toon_ShadingGradeMap_TransClipping' - All subshaders removed
WARNING: Shader Did you use #pragma only_renderers and omit this platform?
WARNING: Shader If subshaders removal was intentional, you may have forgotten turning Fallback off?
WARNING: Shader Unsupported: 'UnityChanToonShader/Mobile/Toon_ShadingGradeMap_StencilMask' - All subshaders removed
WARNING: Shader Did you use #pragma only_renderers and omit this platform?
WARNING: Shader If subshaders removal was intentional, you may have forgotten turning Fallback off?
WARNING: Shader Unsupported: 'UnityChanToonShader/Mobile/Toon_ShadingGradeMap_StencilMask' - All subshaders removed
WARNING: Shader Did you use #pragma only_renderers and omit this platform?
WARNING: Shader If subshaders removal was intentional, you may have forgotten turning Fallback off?
WARNING: Shader Unsupported: 'UnityChanToonShader/NoOutline/ToonColor_ShadingGradeMap_TransClipping_StencilMask' - All subshaders removed
WARNING: Shader Did you use #pragma only_renderers and omit this platform?
WARNING: Shader If subshaders removal was intentional, you may have forgotten turning Fallback off?
WARNING: Shader Unsupported: 'UnityChanToonShader/NoOutline/ToonColor_ShadingGradeMap_TransClipping_StencilMask' - All subshaders removed
WARNING: Shader Did you use #pragma only_renderers and omit this platform?
WARNING: Shader If subshaders removal was intentional, you may have forgotten turning Fallback off?
WARNING: Shader Unsupported: 'UnityChanToonShader/Tessellation/NoOutline/AngelRing/ToonColor_ShadingGradeMap_TransClipping_StencilOut' - All subshaders removed
WARNING: Shader Did you use #pragma only_renderers and omit this platform?
WARNING: Shader If subshaders removal was intentional, you may have forgotten turning Fallback off?
WARNING: Shader Unsupported: 'UnityChanToonShader/Tessellation/NoOutline/AngelRing/ToonColor_ShadingGradeMap_TransClipping_StencilOut' - All subshaders removed
WARNING: Shader Did you use #pragma only_renderers and omit this platform?
WARNING: Shader If subshaders removal was intentional, you may have forgotten turning Fallback off?
WARNING: Shader Unsupported: 'UnityChanToonShader/Mobile/Toon_DoubleShadeWithFeather_StencilMask' - All subshaders removed
WARNING: Shader Did you use #pragma only_renderers and omit this platform?
WARNING: Shader If subshaders removal was intentional, you may have forgotten turning Fallback off?
WARNING: Shader Unsupported: 'UnityChanToonShader/Mobile/Toon_DoubleShadeWithFeather_StencilMask' - All subshaders removed
WARNING: Shader Did you use #pragma only_renderers and omit this platform?
WARNING: Shader If subshaders removal was intentional, you may have forgotten turning Fallback off?
WARNING: Shader Unsupported: 'UnityChanToonShader/Tessellation/NoOutline/ToonColor_DoubleShadeWithFeather_TransClipping_StencilMask' - All subshaders removed
WARNING: Shader Did you use #pragma only_renderers and omit this platform?
WARNING: Shader If subshaders removal was intentional, you may have forgotten turning Fallback off?
WARNING: Shader Unsupported: 'UnityChanToonShader/Tessellation/NoOutline/ToonColor_DoubleShadeWithFeather_TransClipping_StencilMask' - All subshaders removed
WARNING: Shader Did you use #pragma only_renderers and omit this platform?
WARNING: Shader If subshaders removal was intentional, you may have forgotten turning Fallback off?
WARNING: Shader Unsupported: 'UnityChanToonShader/Tessellation/NoOutline/ToonColor_DoubleShadeWithFeather_Clipping' - All subshaders removed
WARNING: Shader Did you use #pragma only_renderers and omit this platform?
WARNING: Shader If subshaders removal was intentional, you may have forgotten turning Fallback off?
WARNING: Shader Unsupported: 'UnityChanToonShader/Tessellation/NoOutline/ToonColor_DoubleShadeWithFeather_Clipping' - All subshaders removed
WARNING: Shader Did you use #pragma only_renderers and omit this platform?
WARNING: Shader If subshaders removal was intentional, you may have forgotten turning Fallback off?
WARNING: Shader Unsupported: 'UnityChanToonShader/Tessellation/Light/Toon_ShadingGradeMap_StencilMask' - All subshaders removed
WARNING: Shader Did you use #pragma only_renderers and omit this platform?
WARNING: Shader If subshaders removal was intentional, you may have forgotten turning Fallback off?
WARNING: Shader Unsupported: 'UnityChanToonShader/Tessellation/Light/Toon_ShadingGradeMap_StencilMask' - All subshaders removed
WARNING: Shader Did you use #pragma only_renderers and omit this platform?
WARNING: Shader If subshaders removal was intentional, you may have forgotten turning Fallback off?
WARNING: Shader Unsupported: 'UnityChanToonShader/Tessellation/NoOutline/ToonColor_ShadingGradeMap_StencilMask' - All subshaders removed
WARNING: Shader Did you use #pragma only_renderers and omit this platform?
WARNING: Shader If subshaders removal was intentional, you may have forgotten turning Fallback off?
WARNING: Shader Unsupported: 'UnityChanToonShader/Tessellation/NoOutline/ToonColor_ShadingGradeMap_StencilMask' - All subshaders removed
WARNING: Shader Did you use #pragma only_renderers and omit this platform?
WARNING: Shader If subshaders removal was intentional, you may have forgotten turning Fallback off?
WARNING: Shader Unsupported: 'UnityChanToonShader/Tessellation/NoOutline/AngelRing/ToonColor_ShadingGradeMap_StencilOut' - All subshaders removed
WARNING: Shader Did you use #pragma only_renderers and omit this platform?
WARNING: Shader If subshaders removal was intentional, you may have forgotten turning Fallback off?
WARNING: Shader Unsupported: 'UnityChanToonShader/Tessellation/NoOutline/AngelRing/ToonColor_ShadingGradeMap_StencilOut' - All subshaders removed
WARNING: Shader Did you use #pragma only_renderers and omit this platform?
WARNING: Shader If subshaders removal was intentional, you may have forgotten turning Fallback off?
WARNING: Shader Unsupported: 'UnityChanToonShader/NoOutline/ToonColor_ShadingGradeMap_StencilOut' - All subshaders removed
WARNING: Shader Did you use #pragma only_renderers and omit this platform?
WARNING: Shader If subshaders removal was intentional, you may have forgotten turning Fallback off?
WARNING: Shader Unsupported: 'UnityChanToonShader/NoOutline/ToonColor_ShadingGradeMap_StencilOut' - All subshaders removed
WARNING: Shader Did you use #pragma only_renderers and omit this platform?
WARNING: Shader If subshaders removal was intentional, you may have forgotten turning Fallback off?
WARNING: Shader Unsupported: 'UnityChanToonShader/NoOutline/ToonColor_ShadingGradeMap' - All subshaders removed
WARNING: Shader Did you use #pragma only_renderers and omit this platform?
WARNING: Shader If subshaders removal was intentional, you may have forgotten turning Fallback off?
WARNING: Shader Unsupported: 'UnityChanToonShader/NoOutline/ToonColor_ShadingGradeMap' - All subshaders removed
WARNING: Shader Did you use #pragma only_renderers and omit this platform?
WARNING: Shader If subshaders removal was intentional, you may have forgotten turning Fallback off?
WARNING: Shader Unsupported: 'UnityChanToonShader/NoOutline/ToonColor_DoubleShadeWithFeather_Clipping' - All subshaders removed
WARNING: Shader Did you use #pragma only_renderers and omit this platform?
WARNING: Shader If subshaders removal was intentional, you may have forgotten turning Fallback off?
WARNING: Shader Unsupported: 'UnityChanToonShader/NoOutline/ToonColor_DoubleShadeWithFeather_Clipping' - All subshaders removed
WARNING: Shader Did you use #pragma only_renderers and omit this platform?
WARNING: Shader If subshaders removal was intentional, you may have forgotten turning Fallback off?
WARNING: Shader Unsupported: 'UnityChanToonShader/NoOutline/ToonColor_ShadingGradeMap_TransClipping_StencilOut' - All subshaders removed
WARNING: Shader Did you use #pragma only_renderers and omit this platform?
WARNING: Shader If subshaders removal was intentional, you may have forgotten turning Fallback off?
WARNING: Shader Unsupported: 'UnityChanToonShader/NoOutline/ToonColor_ShadingGradeMap_TransClipping_StencilOut' - All subshaders removed
WARNING: Shader Did you use #pragma only_renderers and omit this platform?
WARNING: Shader If subshaders removal was intentional, you may have forgotten turning Fallback off?
WARNING: Shader Unsupported: 'UnityChanToonShader/Tessellation/NoOutline/ToonColor_DoubleShadeWithFeather_TransClipping_StencilOut' - All subshaders removed
WARNING: Shader Did you use #pragma only_renderers and omit this platform?
WARNING: Shader If subshaders removal was intentional, you may have forgotten turning Fallback off?
WARNING: Shader Unsupported: 'UnityChanToonShader/Tessellation/NoOutline/ToonColor_DoubleShadeWithFeather_TransClipping_StencilOut' - All subshaders removed
WARNING: Shader Did you use #pragma only_renderers and omit this platform?
WARNING: Shader If subshaders removal was intentional, you may have forgotten turning Fallback off?
WARNING: Shader Unsupported: 'UnityChanToonShader/Tessellation/NoOutline/ToonColor_DoubleShadeWithFeather_Clipping_StencilOut' - All subshaders removed
WARNING: Shader Did you use #pragma only_renderers and omit this platform?
WARNING: Shader If subshaders removal was intentional, you may have forgotten turning Fallback off?
WARNING: Shader Unsupported: 'UnityChanToonShader/Tessellation/NoOutline/ToonColor_DoubleShadeWithFeather_Clipping_StencilOut' - All subshaders removed
WARNING: Shader Did you use #pragma only_renderers and omit this platform?
WARNING: Shader If subshaders removal was intentional, you may have forgotten turning Fallback off?
WARNING: Shader Unsupported: 'UnityChanToonShader/Tessellation/NoOutline/ToonColor_ShadingGradeMap_TransClipping' - All subshaders removed
WARNING: Shader Did you use #pragma only_renderers and omit this platform?
WARNING: Shader If subshaders removal was intentional, you may have forgotten turning Fallback off?
WARNING: Shader Unsupported: 'UnityChanToonShader/Tessellation/NoOutline/ToonColor_ShadingGradeMap_TransClipping' - All subshaders removed
WARNING: Shader Did you use #pragma only_renderers and omit this platform?
WARNING: Shader If subshaders removal was intentional, you may have forgotten turning Fallback off?
WARNING: Shader Unsupported: 'UnityChanToonShader/Tessellation/Light/Toon_ShadingGradeMap_StencilOut' - All subshaders removed
WARNING: Shader Did you use #pragma only_renderers and omit this platform?
WARNING: Shader If subshaders removal was intentional, you may have forgotten turning Fallback off?
WARNING: Shader Unsupported: 'UnityChanToonShader/Tessellation/Light/Toon_ShadingGradeMap_StencilOut' - All subshaders removed
WARNING: Shader Did you use #pragma only_renderers and omit this platform?
WARNING: Shader If subshaders removal was intentional, you may have forgotten turning Fallback off?
WARNING: Shader Unsupported: 'UnityChanToonShader/Mobile/AngelRing/Toon_ShadingGradeMap' - All subshaders removed
WARNING: Shader Did you use #pragma only_renderers and omit this platform?
WARNING: Shader If subshaders removal was intentional, you may have forgotten turning Fallback off?
WARNING: Shader Unsupported: 'UnityChanToonShader/Mobile/AngelRing/Toon_ShadingGradeMap' - All subshaders removed
WARNING: Shader Did you use #pragma only_renderers and omit this platform?
WARNING: Shader If subshaders removal was intentional, you may have forgotten turning Fallback off?
WARNING: Shader Unsupported: 'UnityChanToonShader/Tessellation/Light/AngelRing/Toon_ShadingGradeMap_StencilOut' - All subshaders removed
WARNING: Shader Did you use #pragma only_renderers and omit this platform?
WARNING: Shader If subshaders removal was intentional, you may have forgotten turning Fallback off?
WARNING: Shader Unsupported: 'UnityChanToonShader/Tessellation/Light/AngelRing/Toon_ShadingGradeMap_StencilOut' - All subshaders removed
WARNING: Shader Did you use #pragma only_renderers and omit this platform?
WARNING: Shader If subshaders removal was intentional, you may have forgotten turning Fallback off?
WARNING: Shader Unsupported: 'UnityChanToonShader/Tessellation/NoOutline/AngelRing/ToonColor_ShadingGradeMap_TransClipping' - All subshaders removed
WARNING: Shader Did you use #pragma only_renderers and omit this platform?
WARNING: Shader If subshaders removal was intentional, you may have forgotten turning Fallback off?
WARNING: Shader Unsupported: 'UnityChanToonShader/Tessellation/NoOutline/AngelRing/ToonColor_ShadingGradeMap_TransClipping' - All subshaders removed
WARNING: Shader Did you use #pragma only_renderers and omit this platform?
WARNING: Shader If subshaders removal was intentional, you may have forgotten turning Fallback off?
WARNING: Shader Unsupported: 'UnityChanToonShader/NoOutline/AngelRing/ToonColor_ShadingGradeMap_TransClipping' - All subshaders removed
WARNING: Shader Did you use #pragma only_renderers and omit this platform?
WARNING: Shader If subshaders removal was intentional, you may have forgotten turning Fallback off?
WARNING: Shader Unsupported: 'UnityChanToonShader/NoOutline/AngelRing/ToonColor_ShadingGradeMap_TransClipping' - All subshaders removed
WARNING: Shader Did you use #pragma only_renderers and omit this platform?
WARNING: Shader If subshaders removal was intentional, you may have forgotten turning Fallback off?
WARNING: Shader Unsupported: 'UnityChanToonShader/Mobile/Toon_ShadingGradeMap_TransClipping_StencilMask' - All subshaders removed
WARNING: Shader Did you use #pragma only_renderers and omit this platform?
WARNING: Shader If subshaders removal was intentional, you may have forgotten turning Fallback off?
WARNING: Shader Unsupported: 'UnityChanToonShader/Mobile/Toon_ShadingGradeMap_TransClipping_StencilMask' - All subshaders removed
WARNING: Shader Did you use #pragma only_renderers and omit this platform?
WARNING: Shader If subshaders removal was intentional, you may have forgotten turning Fallback off?
WARNING: Shader Unsupported: 'UnityChanToonShader/NoOutline/ToonColor_ShadingGradeMap_TransClipping' - All subshaders removed
WARNING: Shader Did you use #pragma only_renderers and omit this platform?
WARNING: Shader If subshaders removal was intentional, you may have forgotten turning Fallback off?
WARNING: Shader Unsupported: 'UnityChanToonShader/NoOutline/ToonColor_ShadingGradeMap_TransClipping' - All subshaders removed
WARNING: Shader Did you use #pragma only_renderers and omit this platform?
WARNING: Shader If subshaders removal was intentional, you may have forgotten turning Fallback off?
WARNING: Shader Unsupported: 'UnityChanToonShader/NoOutline/AngelRing/ToonColor_ShadingGradeMap_StencilOut' - All subshaders removed
WARNING: Shader Did you use #pragma only_renderers and omit this platform?
WARNING: Shader If subshaders removal was intentional, you may have forgotten turning Fallback off?
WARNING: Shader Unsupported: 'UnityChanToonShader/NoOutline/AngelRing/ToonColor_ShadingGradeMap_StencilOut' - All subshaders removed
WARNING: Shader Did you use #pragma only_renderers and omit this platform?
WARNING: Shader If subshaders removal was intentional, you may have forgotten turning Fallback off?
WARNING: Shader Unsupported: 'UnityChanToonShader/Tessellation/NoOutline/ToonColor_ShadingGradeMap_TransClipping_StencilMask' - All subshaders removed
WARNING: Shader Did you use #pragma only_renderers and omit this platform?
WARNING: Shader If subshaders removal was intentional, you may have forgotten turning Fallback off?
WARNING: Shader Unsupported: 'UnityChanToonShader/Tessellation/NoOutline/ToonColor_ShadingGradeMap_TransClipping_StencilMask' - All subshaders removed
WARNING: Shader Did you use #pragma only_renderers and omit this platform?
WARNING: Shader If subshaders removal was intentional, you may have forgotten turning Fallback off?
WARNING: Shader Unsupported: 'UnityChanToonShader/Tessellation/Light/Toon_ShadingGradeMap' - All subshaders removed
WARNING: Shader Did you use #pragma only_renderers and omit this platform?
WARNING: Shader If subshaders removal was intentional, you may have forgotten turning Fallback off?
WARNING: Shader Unsupported: 'UnityChanToonShader/Tessellation/Light/Toon_ShadingGradeMap' - All subshaders removed
WARNING: Shader Did you use #pragma only_renderers and omit this platform?
WARNING: Shader If subshaders removal was intentional, you may have forgotten turning Fallback off?
WARNING: Shader Unsupported: 'UnityChanToonShader/Tessellation/NoOutline/ToonColor_ShadingGradeMap_TransClipping_StencilOut' - All subshaders removed
WARNING: Shader Did you use #pragma only_renderers and omit this platform?
WARNING: Shader If subshaders removal was intentional, you may have forgotten turning Fallback off?
WARNING: Shader Unsupported: 'UnityChanToonShader/Tessellation/NoOutline/ToonColor_ShadingGradeMap_TransClipping_StencilOut' - All subshaders removed
WARNING: Shader Did you use #pragma only_renderers and omit this platform?
WARNING: Shader If subshaders removal was intentional, you may have forgotten turning Fallback off?
WARNING: Shader Unsupported: 'UnityChanToonShader/Tessellation/NoOutline/ToonColor_DoubleShadeWithFeather_StencilMask' - All subshaders removed
WARNING: Shader Did you use #pragma only_renderers and omit this platform?
WARNING: Shader If subshaders removal was intentional, you may have forgotten turning Fallback off?
WARNING: Shader Unsupported: 'UnityChanToonShader/Tessellation/NoOutline/ToonColor_DoubleShadeWithFeather_StencilMask' - All subshaders removed
WARNING: Shader Did you use #pragma only_renderers and omit this platform?
WARNING: Shader If subshaders removal was intentional, you may have forgotten turning Fallback off?
WARNING: Shader Unsupported: 'UnityChanToonShader/NoOutline/AngelRing/ToonColor_ShadingGradeMap' - All subshaders removed
WARNING: Shader Did you use #pragma only_renderers and omit this platform?
WARNING: Shader If subshaders removal was intentional, you may have forgotten turning Fallback off?
WARNING: Shader Unsupported: 'UnityChanToonShader/NoOutline/AngelRing/ToonColor_ShadingGradeMap' - All subshaders removed
WARNING: Shader Did you use #pragma only_renderers and omit this platform?
WARNING: Shader If subshaders removal was intentional, you may have forgotten turning Fallback off?
WARNING: Shader Unsupported: 'UnityChanToonShader/Tessellation/NoOutline/ToonColor_DoubleShadeWithFeather_TransClipping' - All subshaders removed
WARNING: Shader Did you use #pragma only_renderers and omit this platform?
WARNING: Shader If subshaders removal was intentional, you may have forgotten turning Fallback off?
WARNING: Shader Unsupported: 'UnityChanToonShader/Tessellation/NoOutline/ToonColor_DoubleShadeWithFeather_TransClipping' - All subshaders removed
WARNING: Shader Did you use #pragma only_renderers and omit this platform?
WARNING: Shader If subshaders removal was intentional, you may have forgotten turning Fallback off?
WARNING: Shader Unsupported: 'UnityChanToonShader/NoOutline/AngelRing/ToonColor_ShadingGradeMap_TransClipping_StencilOut' - All subshaders removed
WARNING: Shader Did you use #pragma only_renderers and omit this platform?
WARNING: Shader If subshaders removal was intentional, you may have forgotten turning Fallback off?
WARNING: Shader Unsupported: 'UnityChanToonShader/NoOutline/AngelRing/ToonColor_ShadingGradeMap_TransClipping_StencilOut' - All subshaders removed
WARNING: Shader Did you use #pragma only_renderers and omit this platform?
WARNING: Shader If subshaders removal was intentional, you may have forgotten turning Fallback off?
WARNING: Shader Unsupported: 'UnityChanToonShader/NoOutline/ToonColor_DoubleShadeWithFeather_TransClipping_StencilOut' - All subshaders removed
WARNING: Shader Did you use #pragma only_renderers and omit this platform?
WARNING: Shader If subshaders removal was intentional, you may have forgotten turning Fallback off?
WARNING: Shader Unsupported: 'UnityChanToonShader/NoOutline/ToonColor_DoubleShadeWithFeather_TransClipping_StencilOut' - All subshaders removed
WARNING: Shader Did you use #pragma only_renderers and omit this platform?
WARNING: Shader If subshaders removal was intentional, you may have forgotten turning Fallback off?
WARNING: Shader Unsupported: 'UnityChanToonShader/Mobile/Toon_DoubleShadeWithFeather_StencilOut' - All subshaders removed
WARNING: Shader Did you use #pragma only_renderers and omit this platform?
WARNING: Shader If subshaders removal was intentional, you may have forgotten turning Fallback off?
WARNING: Shader Unsupported: 'UnityChanToonShader/Mobile/Toon_DoubleShadeWithFeather_StencilOut' - All subshaders removed
WARNING: Shader Did you use #pragma only_renderers and omit this platform?
WARNING: Shader If subshaders removal was intentional, you may have forgotten turning Fallback off?
WARNING: Shader Unsupported: 'UnityChanToonShader/Tessellation/Light/Toon_DoubleShadeWithFeather_StencilMask' - All subshaders removed
WARNING: Shader Did you use #pragma only_renderers and omit this platform?
WARNING: Shader If subshaders removal was intentional, you may have forgotten turning Fallback off?
WARNING: Shader Unsupported: 'UnityChanToonShader/Tessellation/Light/Toon_DoubleShadeWithFeather_StencilMask' - All subshaders removed
WARNING: Shader Did you use #pragma only_renderers and omit this platform?
WARNING: Shader If subshaders removal was intentional, you may have forgotten turning Fallback off?
Refreshing native plugins compatible for Editor in 8.77 ms, found 4 plugins.
Preloading 0 native plugins for Editor in 0.00 ms.
Unloading 3586 Unused Serialized files (Serialized files now loaded: 0)
Unloading 77 unused Assets / (10.5 MB). Loaded Objects now: 4087.
Memory consumption went from 165.0 MB to 154.5 MB.
Total: 12.682300 ms (FindLiveObjects: 0.363400 ms CreateObjectMapping: 0.275700 ms MarkObjects: 3.573500 ms  DeleteObjects: 8.468600 ms)

Prepare: number of updated asset objects reloaded= 0
AssetImportParameters requested are different than current active one (requested -> active):
  custom:container-demuxer-ogg: 62fdf1f143b41e24485cea50d1cbac27 -> 
  custom:video-codec-MediaFoundation-h265: 746d11721c4dcdbdad8f713fa42b33f4 -> 
  custom:video-decoder-ogg-theora: a1e56fd34408186e4bbccfd4996cb3dc -> 
  custom:framework-win-MediaFoundation: 216162199b28c13a410421893ffa2e32 -> 
  custom:CustomObjectIndexerAttribute: 9a22284fe3817be447336de3de66b15e -> 
  custom:container-demuxer-webm: 4f35f7cbe854078d1ac9338744f61a02 -> 
  custom:container-muxer-webm: aa71ff27fc2769a1b78a27578f13a17b -> 
  custom:video-decoder-webm-vp8: 9c59270c3fd7afecdb556c50c9e8de78 -> 
  custom:SearchIndexIgnoredProperties: e643bd26f0fe6173181afceb89e7c659 -> 
  custom:AudioImporter_EditorPlatform: d09bf68614088b80899f8185d706f6e7 -> 
  custom:video-encoder-webm-vp8: eb34c28f22e8b96e1ab97ce403110664 -> 
  custom:audio-decoder-ogg-vorbis: bf7c407c2cedff20999df2af8eb42d56 -> 
  custom:audio-encoder-webm-vorbis: bf7c407c2cedff20999df2af8eb42d56 -> 
========================================================================
Received Prepare
Caller must complete domain reload
Begin MonoManager ReloadAssembly
- Loaded All Assemblies, in  0.943 seconds
Native extension for WindowsStandalone target not found
Native extension for WebGL target not found
Mono: successfully reloaded assembly
- Finished resetting the current domain, in  1.430 seconds
Domain Reload Profiling: 2365ms
	BeginReloadAssembly (212ms)
		ExecutionOrderSort (0ms)
		DisableScriptedObjects (6ms)
		BackupInstance (0ms)
		ReleaseScriptingObjects (0ms)
		CreateAndSetChildDomain (39ms)
	RebuildCommonClasses (56ms)
	RebuildNativeTypeToScriptingClass (19ms)
	initialDomainReloadingComplete (96ms)
	LoadAllAssembliesAndSetupDomain (551ms)
		LoadAssemblies (635ms)
		RebuildTransferFunctionScriptingTraits (0ms)
		AnalyzeDomain (40ms)
			TypeCache.Refresh (24ms)
				TypeCache.ScanAssembly (0ms)
			ScanForSourceGeneratedMonoScriptInfo (0ms)
			ResolveRequiredComponents (11ms)
	FinalizeReload (1430ms)
		ReleaseScriptCaches (0ms)
		RebuildScriptCaches (0ms)
		SetupLoadedEditorAssemblies (496ms)
			LogAssemblyErrors (0ms)
			InitializePlatformSupportModulesInManaged (11ms)
			SetLoadedEditorAssemblies (3ms)
			RefreshPlugins (0ms)
			BeforeProcessingInitializeOnLoad (91ms)
			ProcessInitializeOnLoadAttributes (365ms)
			ProcessInitializeOnLoadMethodAttributes (17ms)
			AfterProcessingInitializeOnLoad (8ms)
			EditorAssembliesLoaded (2ms)
		ExecutionOrderSort2 (0ms)
		AwakeInstancesAfterBackupRestoration (6ms)
WARNING: Shader Unsupported: 'UnityChanToonShader/NoOutline/ToonColor_ShadingGradeMap_StencilMask' - All subshaders removed
WARNING: Shader Did you use #pragma only_renderers and omit this platform?
WARNING: Shader If subshaders removal was intentional, you may have forgotten turning Fallback off?
WARNING: Shader Unsupported: 'UnityChanToonShader/NoOutline/ToonColor_ShadingGradeMap_StencilMask' - All subshaders removed
WARNING: Shader Did you use #pragma only_renderers and omit this platform?
WARNING: Shader If subshaders removal was intentional, you may have forgotten turning Fallback off?
WARNING: Shader Unsupported: 'UnityChanToonShader/Tessellation/Light/Toon_DoubleShadeWithFeather_StencilOut' - All subshaders removed
WARNING: Shader Did you use #pragma only_renderers and omit this platform?
WARNING: Shader If subshaders removal was intentional, you may have forgotten turning Fallback off?
WARNING: Shader Unsupported: 'UnityChanToonShader/Tessellation/Light/Toon_DoubleShadeWithFeather_StencilOut' - All subshaders removed
WARNING: Shader Did you use #pragma only_renderers and omit this platform?
WARNING: Shader If subshaders removal was intentional, you may have forgotten turning Fallback off?
WARNING: Shader Unsupported: 'UnityChanToonShader/Tessellation/NoOutline/ToonColor_DoubleShadeWithFeather_StencilOut' - All subshaders removed
WARNING: Shader Did you use #pragma only_renderers and omit this platform?
WARNING: Shader If subshaders removal was intentional, you may have forgotten turning Fallback off?
WARNING: Shader Unsupported: 'UnityChanToonShader/Tessellation/NoOutline/ToonColor_DoubleShadeWithFeather_StencilOut' - All subshaders removed
WARNING: Shader Did you use #pragma only_renderers and omit this platform?
WARNING: Shader If subshaders removal was intentional, you may have forgotten turning Fallback off?
WARNING: Shader Unsupported: 'UnityChanToonShader/Mobile/Toon_DoubleShadeWithFeather_Clipping' - All subshaders removed
WARNING: Shader Did you use #pragma only_renderers and omit this platform?
WARNING: Shader If subshaders removal was intentional, you may have forgotten turning Fallback off?
WARNING: Shader Unsupported: 'UnityChanToonShader/Mobile/Toon_DoubleShadeWithFeather_Clipping' - All subshaders removed
WARNING: Shader Did you use #pragma only_renderers and omit this platform?
WARNING: Shader If subshaders removal was intentional, you may have forgotten turning Fallback off?
WARNING: Shader Unsupported: 'UnityChanToonShader/NoOutline/ToonColor_DoubleShadeWithFeather_Clipping_StencilOut' - All subshaders removed
WARNING: Shader Did you use #pragma only_renderers and omit this platform?
WARNING: Shader If subshaders removal was intentional, you may have forgotten turning Fallback off?
WARNING: Shader Unsupported: 'UnityChanToonShader/NoOutline/ToonColor_DoubleShadeWithFeather_Clipping_StencilOut' - All subshaders removed
WARNING: Shader Did you use #pragma only_renderers and omit this platform?
WARNING: Shader If subshaders removal was intentional, you may have forgotten turning Fallback off?
WARNING: Shader Unsupported: 'UnityChanToonShader/NoOutline/ToonColor_DoubleShadeWithFeather_StencilOut' - All subshaders removed
WARNING: Shader Did you use #pragma only_renderers and omit this platform?
WARNING: Shader If subshaders removal was intentional, you may have forgotten turning Fallback off?
WARNING: Shader Unsupported: 'UnityChanToonShader/NoOutline/ToonColor_DoubleShadeWithFeather_StencilOut' - All subshaders removed
WARNING: Shader Did you use #pragma only_renderers and omit this platform?
WARNING: Shader If subshaders removal was intentional, you may have forgotten turning Fallback off?
WARNING: Shader Unsupported: 'UnityChanToonShader/NoOutline/ToonColor_DoubleShadeWithFeather_StencilMask' - All subshaders removed
WARNING: Shader Did you use #pragma only_renderers and omit this platform?
WARNING: Shader If subshaders removal was intentional, you may have forgotten turning Fallback off?
WARNING: Shader Unsupported: 'UnityChanToonShader/NoOutline/ToonColor_DoubleShadeWithFeather_StencilMask' - All subshaders removed
WARNING: Shader Did you use #pragma only_renderers and omit this platform?
WARNING: Shader If subshaders removal was intentional, you may have forgotten turning Fallback off?
WARNING: Shader Unsupported: 'UnityChanToonShader/Tessellation/NoOutline/ToonColor_ShadingGradeMap' - All subshaders removed
WARNING: Shader Did you use #pragma only_renderers and omit this platform?
WARNING: Shader If subshaders removal was intentional, you may have forgotten turning Fallback off?
WARNING: Shader Unsupported: 'UnityChanToonShader/Tessellation/NoOutline/ToonColor_ShadingGradeMap' - All subshaders removed
WARNING: Shader Did you use #pragma only_renderers and omit this platform?
WARNING: Shader If subshaders removal was intentional, you may have forgotten turning Fallback off?
WARNING: Shader Unsupported: 'UnityChanToonShader/Tessellation/NoOutline/ToonColor_DoubleShadeWithFeather' - All subshaders removed
WARNING: Shader Did you use #pragma only_renderers and omit this platform?
WARNING: Shader If subshaders removal was intentional, you may have forgotten turning Fallback off?
WARNING: Shader Unsupported: 'UnityChanToonShader/Tessellation/NoOutline/ToonColor_DoubleShadeWithFeather' - All subshaders removed
WARNING: Shader Did you use #pragma only_renderers and omit this platform?
WARNING: Shader If subshaders removal was intentional, you may have forgotten turning Fallback off?
WARNING: Shader Unsupported: 'UnityChanToonShader/Mobile/Toon_ShadingGradeMap_StencilOut' - All subshaders removed
WARNING: Shader Did you use #pragma only_renderers and omit this platform?
WARNING: Shader If subshaders removal was intentional, you may have forgotten turning Fallback off?
WARNING: Shader Unsupported: 'UnityChanToonShader/Mobile/Toon_ShadingGradeMap_StencilOut' - All subshaders removed
WARNING: Shader Did you use #pragma only_renderers and omit this platform?
WARNING: Shader If subshaders removal was intentional, you may have forgotten turning Fallback off?
WARNING: Shader Unsupported: 'UnityChanToonShader/NoOutline/ToonColor_DoubleShadeWithFeather_TransClipping_StencilMask' - All subshaders removed
WARNING: Shader Did you use #pragma only_renderers and omit this platform?
WARNING: Shader If subshaders removal was intentional, you may have forgotten turning Fallback off?
WARNING: Shader Unsupported: 'UnityChanToonShader/NoOutline/ToonColor_DoubleShadeWithFeather_TransClipping_StencilMask' - All subshaders removed
WARNING: Shader Did you use #pragma only_renderers and omit this platform?
WARNING: Shader If subshaders removal was intentional, you may have forgotten turning Fallback off?
WARNING: Shader Unsupported: 'UnityChanToonShader/Tessellation/NoOutline/ToonColor_DoubleShadeWithFeather_Clipping_StencilMask' - All subshaders removed
WARNING: Shader Did you use #pragma only_renderers and omit this platform?
WARNING: Shader If subshaders removal was intentional, you may have forgotten turning Fallback off?
WARNING: Shader Unsupported: 'UnityChanToonShader/Tessellation/NoOutline/ToonColor_DoubleShadeWithFeather_Clipping_StencilMask' - All subshaders removed
WARNING: Shader Did you use #pragma only_renderers and omit this platform?
WARNING: Shader If subshaders removal was intentional, you may have forgotten turning Fallback off?
WARNING: Shader Unsupported: 'UnityChanToonShader/Mobile/Toon_DoubleShadeWithFeather' - All subshaders removed
WARNING: Shader Did you use #pragma only_renderers and omit this platform?
WARNING: Shader If subshaders removal was intentional, you may have forgotten turning Fallback off?
WARNING: Shader Unsupported: 'UnityChanToonShader/Mobile/Toon_DoubleShadeWithFeather' - All subshaders removed
WARNING: Shader Did you use #pragma only_renderers and omit this platform?
WARNING: Shader If subshaders removal was intentional, you may have forgotten turning Fallback off?
WARNING: Shader Unsupported: 'UnityChanToonShader/Mobile/Toon_DoubleShadeWithFeather_TransClipping_StencilMask' - All subshaders removed
WARNING: Shader Did you use #pragma only_renderers and omit this platform?
WARNING: Shader If subshaders removal was intentional, you may have forgotten turning Fallback off?
WARNING: Shader Unsupported: 'UnityChanToonShader/Mobile/Toon_DoubleShadeWithFeather_TransClipping_StencilMask' - All subshaders removed
WARNING: Shader Did you use #pragma only_renderers and omit this platform?
WARNING: Shader If subshaders removal was intentional, you may have forgotten turning Fallback off?
WARNING: Shader Unsupported: 'UnityChanToonShader/NoOutline/ToonColor_DoubleShadeWithFeather_Clipping_StencilMask' - All subshaders removed
WARNING: Shader Did you use #pragma only_renderers and omit this platform?
WARNING: Shader If subshaders removal was intentional, you may have forgotten turning Fallback off?
WARNING: Shader Unsupported: 'UnityChanToonShader/NoOutline/ToonColor_DoubleShadeWithFeather_Clipping_StencilMask' - All subshaders removed
WARNING: Shader Did you use #pragma only_renderers and omit this platform?
WARNING: Shader If subshaders removal was intentional, you may have forgotten turning Fallback off?
WARNING: Shader Unsupported: 'UnityChanToonShader/Tessellation/Light/AngelRing/Toon_ShadingGradeMap' - All subshaders removed
WARNING: Shader Did you use #pragma only_renderers and omit this platform?
WARNING: Shader If subshaders removal was intentional, you may have forgotten turning Fallback off?
WARNING: Shader Unsupported: 'UnityChanToonShader/Tessellation/Light/AngelRing/Toon_ShadingGradeMap' - All subshaders removed
WARNING: Shader Did you use #pragma only_renderers and omit this platform?
WARNING: Shader If subshaders removal was intentional, you may have forgotten turning Fallback off?
WARNING: Shader Unsupported: 'UnityChanToonShader/Mobile/Toon_ShadingGradeMap' - All subshaders removed
WARNING: Shader Did you use #pragma only_renderers and omit this platform?
WARNING: Shader If subshaders removal was intentional, you may have forgotten turning Fallback off?
WARNING: Shader Unsupported: 'UnityChanToonShader/Mobile/Toon_ShadingGradeMap' - All subshaders removed
WARNING: Shader Did you use #pragma only_renderers and omit this platform?
WARNING: Shader If subshaders removal was intentional, you may have forgotten turning Fallback off?
WARNING: Shader Unsupported: 'UnityChanToonShader/Mobile/Toon_DoubleShadeWithFeather_TransClipping' - All subshaders removed
WARNING: Shader Did you use #pragma only_renderers and omit this platform?
WARNING: Shader If subshaders removal was intentional, you may have forgotten turning Fallback off?
WARNING: Shader Unsupported: 'UnityChanToonShader/Mobile/Toon_DoubleShadeWithFeather_TransClipping' - All subshaders removed
WARNING: Shader Did you use #pragma only_renderers and omit this platform?
WARNING: Shader If subshaders removal was intentional, you may have forgotten turning Fallback off?
WARNING: Shader Unsupported: 'UnityChanToonShader/Tessellation/Light/Toon_DoubleShadeWithFeather' - All subshaders removed
WARNING: Shader Did you use #pragma only_renderers and omit this platform?
WARNING: Shader If subshaders removal was intentional, you may have forgotten turning Fallback off?
WARNING: Shader Unsupported: 'UnityChanToonShader/Tessellation/Light/Toon_DoubleShadeWithFeather' - All subshaders removed
WARNING: Shader Did you use #pragma only_renderers and omit this platform?
WARNING: Shader If subshaders removal was intentional, you may have forgotten turning Fallback off?
WARNING: Shader Unsupported: 'UnityChanToonShader/NoOutline/ToonColor_DoubleShadeWithFeather_TransClipping' - All subshaders removed
WARNING: Shader Did you use #pragma only_renderers and omit this platform?
WARNING: Shader If subshaders removal was intentional, you may have forgotten turning Fallback off?
WARNING: Shader Unsupported: 'UnityChanToonShader/NoOutline/ToonColor_DoubleShadeWithFeather_TransClipping' - All subshaders removed
WARNING: Shader Did you use #pragma only_renderers and omit this platform?
WARNING: Shader If subshaders removal was intentional, you may have forgotten turning Fallback off?
WARNING: Shader Unsupported: 'UnityChanToonShader/Tessellation/NoOutline/ToonColor_ShadingGradeMap_StencilOut' - All subshaders removed
WARNING: Shader Did you use #pragma only_renderers and omit this platform?
WARNING: Shader If subshaders removal was intentional, you may have forgotten turning Fallback off?
WARNING: Shader Unsupported: 'UnityChanToonShader/Tessellation/NoOutline/ToonColor_ShadingGradeMap_StencilOut' - All subshaders removed
WARNING: Shader Did you use #pragma only_renderers and omit this platform?
WARNING: Shader If subshaders removal was intentional, you may have forgotten turning Fallback off?
WARNING: Shader Unsupported: 'UnityChanToonShader/NoOutline/ToonColor_DoubleShadeWithFeather' - All subshaders removed
WARNING: Shader Did you use #pragma only_renderers and omit this platform?
WARNING: Shader If subshaders removal was intentional, you may have forgotten turning Fallback off?
WARNING: Shader Unsupported: 'UnityChanToonShader/NoOutline/ToonColor_DoubleShadeWithFeather' - All subshaders removed
WARNING: Shader Did you use #pragma only_renderers and omit this platform?
WARNING: Shader If subshaders removal was intentional, you may have forgotten turning Fallback off?
WARNING: Shader Unsupported: 'UnityChanToonShader/Mobile/AngelRing/Toon_ShadingGradeMap_StencilOut' - All subshaders removed
WARNING: Shader Did you use #pragma only_renderers and omit this platform?
WARNING: Shader If subshaders removal was intentional, you may have forgotten turning Fallback off?
WARNING: Shader Unsupported: 'UnityChanToonShader/Mobile/AngelRing/Toon_ShadingGradeMap_StencilOut' - All subshaders removed
WARNING: Shader Did you use #pragma only_renderers and omit this platform?
WARNING: Shader If subshaders removal was intentional, you may have forgotten turning Fallback off?
WARNING: Shader Unsupported: 'UnityChanToonShader/Tessellation/NoOutline/AngelRing/ToonColor_ShadingGradeMap' - All subshaders removed
WARNING: Shader Did you use #pragma only_renderers and omit this platform?
WARNING: Shader If subshaders removal was intentional, you may have forgotten turning Fallback off?
WARNING: Shader Unsupported: 'UnityChanToonShader/Tessellation/NoOutline/AngelRing/ToonColor_ShadingGradeMap' - All subshaders removed
WARNING: Shader Did you use #pragma only_renderers and omit this platform?
WARNING: Shader If subshaders removal was intentional, you may have forgotten turning Fallback off?
WARNING: Shader Unsupported: 'UnityChanToonShader/Mobile/Toon_DoubleShadeWithFeather_Clipping_StencilMask' - All subshaders removed
WARNING: Shader Did you use #pragma only_renderers and omit this platform?
WARNING: Shader If subshaders removal was intentional, you may have forgotten turning Fallback off?
WARNING: Shader Unsupported: 'UnityChanToonShader/Mobile/Toon_DoubleShadeWithFeather_Clipping_StencilMask' - All subshaders removed
WARNING: Shader Did you use #pragma only_renderers and omit this platform?
WARNING: Shader If subshaders removal was intentional, you may have forgotten turning Fallback off?
WARNING: Shader Unsupported: 'UnityChanToonShader/Mobile/Toon_ShadingGradeMap_TransClipping' - All subshaders removed
WARNING: Shader Did you use #pragma only_renderers and omit this platform?
WARNING: Shader If subshaders removal was intentional, you may have forgotten turning Fallback off?
WARNING: Shader Unsupported: 'UnityChanToonShader/Mobile/Toon_ShadingGradeMap_TransClipping' - All subshaders removed
WARNING: Shader Did you use #pragma only_renderers and omit this platform?
WARNING: Shader If subshaders removal was intentional, you may have forgotten turning Fallback off?
WARNING: Shader Unsupported: 'UnityChanToonShader/Mobile/Toon_ShadingGradeMap_StencilMask' - All subshaders removed
WARNING: Shader Did you use #pragma only_renderers and omit this platform?
WARNING: Shader If subshaders removal was intentional, you may have forgotten turning Fallback off?
WARNING: Shader Unsupported: 'UnityChanToonShader/Mobile/Toon_ShadingGradeMap_StencilMask' - All subshaders removed
WARNING: Shader Did you use #pragma only_renderers and omit this platform?
WARNING: Shader If subshaders removal was intentional, you may have forgotten turning Fallback off?
WARNING: Shader Unsupported: 'UnityChanToonShader/NoOutline/ToonColor_ShadingGradeMap_TransClipping_StencilMask' - All subshaders removed
WARNING: Shader Did you use #pragma only_renderers and omit this platform?
WARNING: Shader If subshaders removal was intentional, you may have forgotten turning Fallback off?
WARNING: Shader Unsupported: 'UnityChanToonShader/NoOutline/ToonColor_ShadingGradeMap_TransClipping_StencilMask' - All subshaders removed
WARNING: Shader Did you use #pragma only_renderers and omit this platform?
WARNING: Shader If subshaders removal was intentional, you may have forgotten turning Fallback off?
WARNING: Shader Unsupported: 'UnityChanToonShader/Tessellation/NoOutline/AngelRing/ToonColor_ShadingGradeMap_TransClipping_StencilOut' - All subshaders removed
WARNING: Shader Did you use #pragma only_renderers and omit this platform?
WARNING: Shader If subshaders removal was intentional, you may have forgotten turning Fallback off?
WARNING: Shader Unsupported: 'UnityChanToonShader/Tessellation/NoOutline/AngelRing/ToonColor_ShadingGradeMap_TransClipping_StencilOut' - All subshaders removed
WARNING: Shader Did you use #pragma only_renderers and omit this platform?
WARNING: Shader If subshaders removal was intentional, you may have forgotten turning Fallback off?
WARNING: Shader Unsupported: 'UnityChanToonShader/Mobile/Toon_DoubleShadeWithFeather_StencilMask' - All subshaders removed
WARNING: Shader Did you use #pragma only_renderers and omit this platform?
WARNING: Shader If subshaders removal was intentional, you may have forgotten turning Fallback off?
WARNING: Shader Unsupported: 'UnityChanToonShader/Mobile/Toon_DoubleShadeWithFeather_StencilMask' - All subshaders removed
WARNING: Shader Did you use #pragma only_renderers and omit this platform?
WARNING: Shader If subshaders removal was intentional, you may have forgotten turning Fallback off?
WARNING: Shader Unsupported: 'UnityChanToonShader/Tessellation/NoOutline/ToonColor_DoubleShadeWithFeather_TransClipping_StencilMask' - All subshaders removed
WARNING: Shader Did you use #pragma only_renderers and omit this platform?
WARNING: Shader If subshaders removal was intentional, you may have forgotten turning Fallback off?
WARNING: Shader Unsupported: 'UnityChanToonShader/Tessellation/NoOutline/ToonColor_DoubleShadeWithFeather_TransClipping_StencilMask' - All subshaders removed
WARNING: Shader Did you use #pragma only_renderers and omit this platform?
WARNING: Shader If subshaders removal was intentional, you may have forgotten turning Fallback off?
WARNING: Shader Unsupported: 'UnityChanToonShader/Tessellation/NoOutline/ToonColor_DoubleShadeWithFeather_Clipping' - All subshaders removed
WARNING: Shader Did you use #pragma only_renderers and omit this platform?
WARNING: Shader If subshaders removal was intentional, you may have forgotten turning Fallback off?
WARNING: Shader Unsupported: 'UnityChanToonShader/Tessellation/NoOutline/ToonColor_DoubleShadeWithFeather_Clipping' - All subshaders removed
WARNING: Shader Did you use #pragma only_renderers and omit this platform?
WARNING: Shader If subshaders removal was intentional, you may have forgotten turning Fallback off?
WARNING: Shader Unsupported: 'UnityChanToonShader/Tessellation/Light/Toon_ShadingGradeMap_StencilMask' - All subshaders removed
WARNING: Shader Did you use #pragma only_renderers and omit this platform?
WARNING: Shader If subshaders removal was intentional, you may have forgotten turning Fallback off?
WARNING: Shader Unsupported: 'UnityChanToonShader/Tessellation/Light/Toon_ShadingGradeMap_StencilMask' - All subshaders removed
WARNING: Shader Did you use #pragma only_renderers and omit this platform?
WARNING: Shader If subshaders removal was intentional, you may have forgotten turning Fallback off?
WARNING: Shader Unsupported: 'UnityChanToonShader/Tessellation/NoOutline/ToonColor_ShadingGradeMap_StencilMask' - All subshaders removed
WARNING: Shader Did you use #pragma only_renderers and omit this platform?
WARNING: Shader If subshaders removal was intentional, you may have forgotten turning Fallback off?
WARNING: Shader Unsupported: 'UnityChanToonShader/Tessellation/NoOutline/ToonColor_ShadingGradeMap_StencilMask' - All subshaders removed
WARNING: Shader Did you use #pragma only_renderers and omit this platform?
WARNING: Shader If subshaders removal was intentional, you may have forgotten turning Fallback off?
WARNING: Shader Unsupported: 'UnityChanToonShader/Tessellation/NoOutline/AngelRing/ToonColor_ShadingGradeMap_StencilOut' - All subshaders removed
WARNING: Shader Did you use #pragma only_renderers and omit this platform?
WARNING: Shader If subshaders removal was intentional, you may have forgotten turning Fallback off?
WARNING: Shader Unsupported: 'UnityChanToonShader/Tessellation/NoOutline/AngelRing/ToonColor_ShadingGradeMap_StencilOut' - All subshaders removed
WARNING: Shader Did you use #pragma only_renderers and omit this platform?
WARNING: Shader If subshaders removal was intentional, you may have forgotten turning Fallback off?
WARNING: Shader Unsupported: 'UnityChanToonShader/NoOutline/ToonColor_ShadingGradeMap_StencilOut' - All subshaders removed
WARNING: Shader Did you use #pragma only_renderers and omit this platform?
WARNING: Shader If subshaders removal was intentional, you may have forgotten turning Fallback off?
WARNING: Shader Unsupported: 'UnityChanToonShader/NoOutline/ToonColor_ShadingGradeMap_StencilOut' - All subshaders removed
WARNING: Shader Did you use #pragma only_renderers and omit this platform?
WARNING: Shader If subshaders removal was intentional, you may have forgotten turning Fallback off?
WARNING: Shader Unsupported: 'UnityChanToonShader/NoOutline/ToonColor_ShadingGradeMap' - All subshaders removed
WARNING: Shader Did you use #pragma only_renderers and omit this platform?
WARNING: Shader If subshaders removal was intentional, you may have forgotten turning Fallback off?
WARNING: Shader Unsupported: 'UnityChanToonShader/NoOutline/ToonColor_ShadingGradeMap' - All subshaders removed
WARNING: Shader Did you use #pragma only_renderers and omit this platform?
WARNING: Shader If subshaders removal was intentional, you may have forgotten turning Fallback off?
WARNING: Shader Unsupported: 'UnityChanToonShader/NoOutline/ToonColor_DoubleShadeWithFeather_Clipping' - All subshaders removed
WARNING: Shader Did you use #pragma only_renderers and omit this platform?
WARNING: Shader If subshaders removal was intentional, you may have forgotten turning Fallback off?
WARNING: Shader Unsupported: 'UnityChanToonShader/NoOutline/ToonColor_DoubleShadeWithFeather_Clipping' - All subshaders removed
WARNING: Shader Did you use #pragma only_renderers and omit this platform?
WARNING: Shader If subshaders removal was intentional, you may have forgotten turning Fallback off?
WARNING: Shader Unsupported: 'UnityChanToonShader/NoOutline/ToonColor_ShadingGradeMap_TransClipping_StencilOut' - All subshaders removed
WARNING: Shader Did you use #pragma only_renderers and omit this platform?
WARNING: Shader If subshaders removal was intentional, you may have forgotten turning Fallback off?
WARNING: Shader Unsupported: 'UnityChanToonShader/NoOutline/ToonColor_ShadingGradeMap_TransClipping_StencilOut' - All subshaders removed
WARNING: Shader Did you use #pragma only_renderers and omit this platform?
WARNING: Shader If subshaders removal was intentional, you may have forgotten turning Fallback off?
WARNING: Shader Unsupported: 'UnityChanToonShader/Tessellation/NoOutline/ToonColor_DoubleShadeWithFeather_TransClipping_StencilOut' - All subshaders removed
WARNING: Shader Did you use #pragma only_renderers and omit this platform?
WARNING: Shader If subshaders removal was intentional, you may have forgotten turning Fallback off?
WARNING: Shader Unsupported: 'UnityChanToonShader/Tessellation/NoOutline/ToonColor_DoubleShadeWithFeather_TransClipping_StencilOut' - All subshaders removed
WARNING: Shader Did you use #pragma only_renderers and omit this platform?
WARNING: Shader If subshaders removal was intentional, you may have forgotten turning Fallback off?
WARNING: Shader Unsupported: 'UnityChanToonShader/Tessellation/NoOutline/ToonColor_DoubleShadeWithFeather_Clipping_StencilOut' - All subshaders removed
WARNING: Shader Did you use #pragma only_renderers and omit this platform?
WARNING: Shader If subshaders removal was intentional, you may have forgotten turning Fallback off?
WARNING: Shader Unsupported: 'UnityChanToonShader/Tessellation/NoOutline/ToonColor_DoubleShadeWithFeather_Clipping_StencilOut' - All subshaders removed
WARNING: Shader Did you use #pragma only_renderers and omit this platform?
WARNING: Shader If subshaders removal was intentional, you may have forgotten turning Fallback off?
WARNING: Shader Unsupported: 'UnityChanToonShader/Tessellation/NoOutline/ToonColor_ShadingGradeMap_TransClipping' - All subshaders removed
WARNING: Shader Did you use #pragma only_renderers and omit this platform?
WARNING: Shader If subshaders removal was intentional, you may have forgotten turning Fallback off?
WARNING: Shader Unsupported: 'UnityChanToonShader/Tessellation/NoOutline/ToonColor_ShadingGradeMap_TransClipping' - All subshaders removed
WARNING: Shader Did you use #pragma only_renderers and omit this platform?
WARNING: Shader If subshaders removal was intentional, you may have forgotten turning Fallback off?
WARNING: Shader Unsupported: 'UnityChanToonShader/Tessellation/Light/Toon_ShadingGradeMap_StencilOut' - All subshaders removed
WARNING: Shader Did you use #pragma only_renderers and omit this platform?
WARNING: Shader If subshaders removal was intentional, you may have forgotten turning Fallback off?
WARNING: Shader Unsupported: 'UnityChanToonShader/Tessellation/Light/Toon_ShadingGradeMap_StencilOut' - All subshaders removed
WARNING: Shader Did you use #pragma only_renderers and omit this platform?
WARNING: Shader If subshaders removal was intentional, you may have forgotten turning Fallback off?
WARNING: Shader Unsupported: 'UnityChanToonShader/Mobile/AngelRing/Toon_ShadingGradeMap' - All subshaders removed
WARNING: Shader Did you use #pragma only_renderers and omit this platform?
WARNING: Shader If subshaders removal was intentional, you may have forgotten turning Fallback off?
WARNING: Shader Unsupported: 'UnityChanToonShader/Mobile/AngelRing/Toon_ShadingGradeMap' - All subshaders removed
WARNING: Shader Did you use #pragma only_renderers and omit this platform?
WARNING: Shader If subshaders removal was intentional, you may have forgotten turning Fallback off?
WARNING: Shader Unsupported: 'UnityChanToonShader/Tessellation/Light/AngelRing/Toon_ShadingGradeMap_StencilOut' - All subshaders removed
WARNING: Shader Did you use #pragma only_renderers and omit this platform?
WARNING: Shader If subshaders removal was intentional, you may have forgotten turning Fallback off?
WARNING: Shader Unsupported: 'UnityChanToonShader/Tessellation/Light/AngelRing/Toon_ShadingGradeMap_StencilOut' - All subshaders removed
WARNING: Shader Did you use #pragma only_renderers and omit this platform?
WARNING: Shader If subshaders removal was intentional, you may have forgotten turning Fallback off?
WARNING: Shader Unsupported: 'UnityChanToonShader/Tessellation/NoOutline/AngelRing/ToonColor_ShadingGradeMap_TransClipping' - All subshaders removed
WARNING: Shader Did you use #pragma only_renderers and omit this platform?
WARNING: Shader If subshaders removal was intentional, you may have forgotten turning Fallback off?
WARNING: Shader Unsupported: 'UnityChanToonShader/Tessellation/NoOutline/AngelRing/ToonColor_ShadingGradeMap_TransClipping' - All subshaders removed
WARNING: Shader Did you use #pragma only_renderers and omit this platform?
WARNING: Shader If subshaders removal was intentional, you may have forgotten turning Fallback off?
WARNING: Shader Unsupported: 'UnityChanToonShader/NoOutline/AngelRing/ToonColor_ShadingGradeMap_TransClipping' - All subshaders removed
WARNING: Shader Did you use #pragma only_renderers and omit this platform?
WARNING: Shader If subshaders removal was intentional, you may have forgotten turning Fallback off?
WARNING: Shader Unsupported: 'UnityChanToonShader/NoOutline/AngelRing/ToonColor_ShadingGradeMap_TransClipping' - All subshaders removed
WARNING: Shader Did you use #pragma only_renderers and omit this platform?
WARNING: Shader If subshaders removal was intentional, you may have forgotten turning Fallback off?
WARNING: Shader Unsupported: 'UnityChanToonShader/Mobile/Toon_ShadingGradeMap_TransClipping_StencilMask' - All subshaders removed
WARNING: Shader Did you use #pragma only_renderers and omit this platform?
WARNING: Shader If subshaders removal was intentional, you may have forgotten turning Fallback off?
WARNING: Shader Unsupported: 'UnityChanToonShader/Mobile/Toon_ShadingGradeMap_TransClipping_StencilMask' - All subshaders removed
WARNING: Shader Did you use #pragma only_renderers and omit this platform?
WARNING: Shader If subshaders removal was intentional, you may have forgotten turning Fallback off?
WARNING: Shader Unsupported: 'UnityChanToonShader/NoOutline/ToonColor_ShadingGradeMap_TransClipping' - All subshaders removed
WARNING: Shader Did you use #pragma only_renderers and omit this platform?
WARNING: Shader If subshaders removal was intentional, you may have forgotten turning Fallback off?
WARNING: Shader Unsupported: 'UnityChanToonShader/NoOutline/ToonColor_ShadingGradeMap_TransClipping' - All subshaders removed
WARNING: Shader Did you use #pragma only_renderers and omit this platform?
WARNING: Shader If subshaders removal was intentional, you may have forgotten turning Fallback off?
WARNING: Shader Unsupported: 'UnityChanToonShader/NoOutline/AngelRing/ToonColor_ShadingGradeMap_StencilOut' - All subshaders removed
WARNING: Shader Did you use #pragma only_renderers and omit this platform?
WARNING: Shader If subshaders removal was intentional, you may have forgotten turning Fallback off?
WARNING: Shader Unsupported: 'UnityChanToonShader/NoOutline/AngelRing/ToonColor_ShadingGradeMap_StencilOut' - All subshaders removed
WARNING: Shader Did you use #pragma only_renderers and omit this platform?
WARNING: Shader If subshaders removal was intentional, you may have forgotten turning Fallback off?
WARNING: Shader Unsupported: 'UnityChanToonShader/Tessellation/NoOutline/ToonColor_ShadingGradeMap_TransClipping_StencilMask' - All subshaders removed
WARNING: Shader Did you use #pragma only_renderers and omit this platform?
WARNING: Shader If subshaders removal was intentional, you may have forgotten turning Fallback off?
WARNING: Shader Unsupported: 'UnityChanToonShader/Tessellation/NoOutline/ToonColor_ShadingGradeMap_TransClipping_StencilMask' - All subshaders removed
WARNING: Shader Did you use #pragma only_renderers and omit this platform?
WARNING: Shader If subshaders removal was intentional, you may have forgotten turning Fallback off?
WARNING: Shader Unsupported: 'UnityChanToonShader/Tessellation/Light/Toon_ShadingGradeMap' - All subshaders removed
WARNING: Shader Did you use #pragma only_renderers and omit this platform?
WARNING: Shader If subshaders removal was intentional, you may have forgotten turning Fallback off?
WARNING: Shader Unsupported: 'UnityChanToonShader/Tessellation/Light/Toon_ShadingGradeMap' - All subshaders removed
WARNING: Shader Did you use #pragma only_renderers and omit this platform?
WARNING: Shader If subshaders removal was intentional, you may have forgotten turning Fallback off?
WARNING: Shader Unsupported: 'UnityChanToonShader/Tessellation/NoOutline/ToonColor_ShadingGradeMap_TransClipping_StencilOut' - All subshaders removed
WARNING: Shader Did you use #pragma only_renderers and omit this platform?
WARNING: Shader If subshaders removal was intentional, you may have forgotten turning Fallback off?
WARNING: Shader Unsupported: 'UnityChanToonShader/Tessellation/NoOutline/ToonColor_ShadingGradeMap_TransClipping_StencilOut' - All subshaders removed
WARNING: Shader Did you use #pragma only_renderers and omit this platform?
WARNING: Shader If subshaders removal was intentional, you may have forgotten turning Fallback off?
WARNING: Shader Unsupported: 'UnityChanToonShader/Tessellation/NoOutline/ToonColor_DoubleShadeWithFeather_StencilMask' - All subshaders removed
WARNING: Shader Did you use #pragma only_renderers and omit this platform?
WARNING: Shader If subshaders removal was intentional, you may have forgotten turning Fallback off?
WARNING: Shader Unsupported: 'UnityChanToonShader/Tessellation/NoOutline/ToonColor_DoubleShadeWithFeather_StencilMask' - All subshaders removed
WARNING: Shader Did you use #pragma only_renderers and omit this platform?
WARNING: Shader If subshaders removal was intentional, you may have forgotten turning Fallback off?
WARNING: Shader Unsupported: 'UnityChanToonShader/NoOutline/AngelRing/ToonColor_ShadingGradeMap' - All subshaders removed
WARNING: Shader Did you use #pragma only_renderers and omit this platform?
WARNING: Shader If subshaders removal was intentional, you may have forgotten turning Fallback off?
WARNING: Shader Unsupported: 'UnityChanToonShader/NoOutline/AngelRing/ToonColor_ShadingGradeMap' - All subshaders removed
WARNING: Shader Did you use #pragma only_renderers and omit this platform?
WARNING: Shader If subshaders removal was intentional, you may have forgotten turning Fallback off?
WARNING: Shader Unsupported: 'UnityChanToonShader/Tessellation/NoOutline/ToonColor_DoubleShadeWithFeather_TransClipping' - All subshaders removed
WARNING: Shader Did you use #pragma only_renderers and omit this platform?
WARNING: Shader If subshaders removal was intentional, you may have forgotten turning Fallback off?
WARNING: Shader Unsupported: 'UnityChanToonShader/Tessellation/NoOutline/ToonColor_DoubleShadeWithFeather_TransClipping' - All subshaders removed
WARNING: Shader Did you use #pragma only_renderers and omit this platform?
WARNING: Shader If subshaders removal was intentional, you may have forgotten turning Fallback off?
WARNING: Shader Unsupported: 'UnityChanToonShader/NoOutline/AngelRing/ToonColor_ShadingGradeMap_TransClipping_StencilOut' - All subshaders removed
WARNING: Shader Did you use #pragma only_renderers and omit this platform?
WARNING: Shader If subshaders removal was intentional, you may have forgotten turning Fallback off?
WARNING: Shader Unsupported: 'UnityChanToonShader/NoOutline/AngelRing/ToonColor_ShadingGradeMap_TransClipping_StencilOut' - All subshaders removed
WARNING: Shader Did you use #pragma only_renderers and omit this platform?
WARNING: Shader If subshaders removal was intentional, you may have forgotten turning Fallback off?
WARNING: Shader Unsupported: 'UnityChanToonShader/NoOutline/ToonColor_DoubleShadeWithFeather_TransClipping_StencilOut' - All subshaders removed
WARNING: Shader Did you use #pragma only_renderers and omit this platform?
WARNING: Shader If subshaders removal was intentional, you may have forgotten turning Fallback off?
WARNING: Shader Unsupported: 'UnityChanToonShader/NoOutline/ToonColor_DoubleShadeWithFeather_TransClipping_StencilOut' - All subshaders removed
WARNING: Shader Did you use #pragma only_renderers and omit this platform?
WARNING: Shader If subshaders removal was intentional, you may have forgotten turning Fallback off?
WARNING: Shader Unsupported: 'UnityChanToonShader/Mobile/Toon_DoubleShadeWithFeather_StencilOut' - All subshaders removed
WARNING: Shader Did you use #pragma only_renderers and omit this platform?
WARNING: Shader If subshaders removal was intentional, you may have forgotten turning Fallback off?
WARNING: Shader Unsupported: 'UnityChanToonShader/Mobile/Toon_DoubleShadeWithFeather_StencilOut' - All subshaders removed
WARNING: Shader Did you use #pragma only_renderers and omit this platform?
WARNING: Shader If subshaders removal was intentional, you may have forgotten turning Fallback off?
WARNING: Shader Unsupported: 'UnityChanToonShader/Tessellation/Light/Toon_DoubleShadeWithFeather_StencilMask' - All subshaders removed
WARNING: Shader Did you use #pragma only_renderers and omit this platform?
WARNING: Shader If subshaders removal was intentional, you may have forgotten turning Fallback off?
WARNING: Shader Unsupported: 'UnityChanToonShader/Tessellation/Light/Toon_DoubleShadeWithFeather_StencilMask' - All subshaders removed
WARNING: Shader Did you use #pragma only_renderers and omit this platform?
WARNING: Shader If subshaders removal was intentional, you may have forgotten turning Fallback off?
Refreshing native plugins compatible for Editor in 7.29 ms, found 4 plugins.
Preloading 0 native plugins for Editor in 0.00 ms.
Unloading 3586 Unused Serialized files (Serialized files now loaded: 0)
Unloading 77 unused Assets / (10.6 MB). Loaded Objects now: 4091.
Memory consumption went from 165.1 MB to 154.5 MB.
Total: 7.739800 ms (FindLiveObjects: 0.321100 ms CreateObjectMapping: 0.089900 ms MarkObjects: 2.168300 ms  DeleteObjects: 5.159400 ms)

Prepare: number of updated asset objects reloaded= 0
AssetImportParameters requested are different than current active one (requested -> active):
  custom:container-demuxer-ogg: 62fdf1f143b41e24485cea50d1cbac27 -> 
  custom:video-codec-MediaFoundation-h265: 746d11721c4dcdbdad8f713fa42b33f4 -> 
  custom:video-decoder-ogg-theora: a1e56fd34408186e4bbccfd4996cb3dc -> 
  custom:framework-win-MediaFoundation: 216162199b28c13a410421893ffa2e32 -> 
  custom:CustomObjectIndexerAttribute: 9a22284fe3817be447336de3de66b15e -> 
  custom:container-demuxer-webm: 4f35f7cbe854078d1ac9338744f61a02 -> 
  custom:container-muxer-webm: aa71ff27fc2769a1b78a27578f13a17b -> 
  custom:video-decoder-webm-vp8: 9c59270c3fd7afecdb556c50c9e8de78 -> 
  custom:SearchIndexIgnoredProperties: e643bd26f0fe6173181afceb89e7c659 -> 
  custom:AudioImporter_EditorPlatform: d09bf68614088b80899f8185d706f6e7 -> 
  custom:video-encoder-webm-vp8: eb34c28f22e8b96e1ab97ce403110664 -> 
  custom:audio-decoder-ogg-vorbis: bf7c407c2cedff20999df2af8eb42d56 -> 
  custom:audio-encoder-webm-vorbis: bf7c407c2cedff20999df2af8eb42d56 -> 
========================================================================
Received Prepare
Caller must complete domain reload
Begin MonoManager ReloadAssembly
- Loaded All Assemblies, in  0.554 seconds
Native extension for WindowsStandalone target not found
Native extension for WebGL target not found
Mono: successfully reloaded assembly
- Finished resetting the current domain, in  1.428 seconds
Domain Reload Profiling: 1979ms
	BeginReloadAssembly (175ms)
		ExecutionOrderSort (0ms)
		DisableScriptedObjects (5ms)
		BackupInstance (0ms)
		ReleaseScriptingObjects (0ms)
		CreateAndSetChildDomain (33ms)
	RebuildCommonClasses (35ms)
	RebuildNativeTypeToScriptingClass (12ms)
	initialDomainReloadingComplete (35ms)
	LoadAllAssembliesAndSetupDomain (293ms)
		LoadAssemblies (365ms)
		RebuildTransferFunctionScriptingTraits (0ms)
		AnalyzeDomain (31ms)
			TypeCache.Refresh (16ms)
				TypeCache.ScanAssembly (0ms)
			ScanForSourceGeneratedMonoScriptInfo (7ms)
			ResolveRequiredComponents (6ms)
	FinalizeReload (1429ms)
		ReleaseScriptCaches (0ms)
		RebuildScriptCaches (0ms)
		SetupLoadedEditorAssemblies (400ms)
			LogAssemblyErrors (0ms)
			InitializePlatformSupportModulesInManaged (9ms)
			SetLoadedEditorAssemblies (3ms)
			RefreshPlugins (0ms)
			BeforeProcessingInitializeOnLoad (63ms)
			ProcessInitializeOnLoadAttributes (288ms)
			ProcessInitializeOnLoadMethodAttributes (26ms)
			AfterProcessingInitializeOnLoad (9ms)
			EditorAssembliesLoaded (0ms)
		ExecutionOrderSort2 (0ms)
		AwakeInstancesAfterBackupRestoration (8ms)
WARNING: Shader Unsupported: 'UnityChanToonShader/NoOutline/ToonColor_ShadingGradeMap_StencilMask' - All subshaders removed
WARNING: Shader Did you use #pragma only_renderers and omit this platform?
WARNING: Shader If subshaders removal was intentional, you may have forgotten turning Fallback off?
WARNING: Shader Unsupported: 'UnityChanToonShader/NoOutline/ToonColor_ShadingGradeMap_StencilMask' - All subshaders removed
WARNING: Shader Did you use #pragma only_renderers and omit this platform?
WARNING: Shader If subshaders removal was intentional, you may have forgotten turning Fallback off?
WARNING: Shader Unsupported: 'UnityChanToonShader/Tessellation/Light/Toon_DoubleShadeWithFeather_StencilOut' - All subshaders removed
WARNING: Shader Did you use #pragma only_renderers and omit this platform?
WARNING: Shader If subshaders removal was intentional, you may have forgotten turning Fallback off?
WARNING: Shader Unsupported: 'UnityChanToonShader/Tessellation/Light/Toon_DoubleShadeWithFeather_StencilOut' - All subshaders removed
WARNING: Shader Did you use #pragma only_renderers and omit this platform?
WARNING: Shader If subshaders removal was intentional, you may have forgotten turning Fallback off?
WARNING: Shader Unsupported: 'UnityChanToonShader/Tessellation/NoOutline/ToonColor_DoubleShadeWithFeather_StencilOut' - All subshaders removed
WARNING: Shader Did you use #pragma only_renderers and omit this platform?
WARNING: Shader If subshaders removal was intentional, you may have forgotten turning Fallback off?
WARNING: Shader Unsupported: 'UnityChanToonShader/Tessellation/NoOutline/ToonColor_DoubleShadeWithFeather_StencilOut' - All subshaders removed
WARNING: Shader Did you use #pragma only_renderers and omit this platform?
WARNING: Shader If subshaders removal was intentional, you may have forgotten turning Fallback off?
WARNING: Shader Unsupported: 'UnityChanToonShader/Mobile/Toon_DoubleShadeWithFeather_Clipping' - All subshaders removed
WARNING: Shader Did you use #pragma only_renderers and omit this platform?
WARNING: Shader If subshaders removal was intentional, you may have forgotten turning Fallback off?
WARNING: Shader Unsupported: 'UnityChanToonShader/Mobile/Toon_DoubleShadeWithFeather_Clipping' - All subshaders removed
WARNING: Shader Did you use #pragma only_renderers and omit this platform?
WARNING: Shader If subshaders removal was intentional, you may have forgotten turning Fallback off?
WARNING: Shader Unsupported: 'UnityChanToonShader/NoOutline/ToonColor_DoubleShadeWithFeather_Clipping_StencilOut' - All subshaders removed
WARNING: Shader Did you use #pragma only_renderers and omit this platform?
WARNING: Shader If subshaders removal was intentional, you may have forgotten turning Fallback off?
WARNING: Shader Unsupported: 'UnityChanToonShader/NoOutline/ToonColor_DoubleShadeWithFeather_Clipping_StencilOut' - All subshaders removed
WARNING: Shader Did you use #pragma only_renderers and omit this platform?
WARNING: Shader If subshaders removal was intentional, you may have forgotten turning Fallback off?
WARNING: Shader Unsupported: 'UnityChanToonShader/NoOutline/ToonColor_DoubleShadeWithFeather_StencilOut' - All subshaders removed
WARNING: Shader Did you use #pragma only_renderers and omit this platform?
WARNING: Shader If subshaders removal was intentional, you may have forgotten turning Fallback off?
WARNING: Shader Unsupported: 'UnityChanToonShader/NoOutline/ToonColor_DoubleShadeWithFeather_StencilOut' - All subshaders removed
WARNING: Shader Did you use #pragma only_renderers and omit this platform?
WARNING: Shader If subshaders removal was intentional, you may have forgotten turning Fallback off?
WARNING: Shader Unsupported: 'UnityChanToonShader/NoOutline/ToonColor_DoubleShadeWithFeather_StencilMask' - All subshaders removed
WARNING: Shader Did you use #pragma only_renderers and omit this platform?
WARNING: Shader If subshaders removal was intentional, you may have forgotten turning Fallback off?
WARNING: Shader Unsupported: 'UnityChanToonShader/NoOutline/ToonColor_DoubleShadeWithFeather_StencilMask' - All subshaders removed
WARNING: Shader Did you use #pragma only_renderers and omit this platform?
WARNING: Shader If subshaders removal was intentional, you may have forgotten turning Fallback off?
WARNING: Shader Unsupported: 'UnityChanToonShader/Tessellation/NoOutline/ToonColor_ShadingGradeMap' - All subshaders removed
WARNING: Shader Did you use #pragma only_renderers and omit this platform?
WARNING: Shader If subshaders removal was intentional, you may have forgotten turning Fallback off?
WARNING: Shader Unsupported: 'UnityChanToonShader/Tessellation/NoOutline/ToonColor_ShadingGradeMap' - All subshaders removed
WARNING: Shader Did you use #pragma only_renderers and omit this platform?
WARNING: Shader If subshaders removal was intentional, you may have forgotten turning Fallback off?
WARNING: Shader Unsupported: 'UnityChanToonShader/Tessellation/NoOutline/ToonColor_DoubleShadeWithFeather' - All subshaders removed
WARNING: Shader Did you use #pragma only_renderers and omit this platform?
WARNING: Shader If subshaders removal was intentional, you may have forgotten turning Fallback off?
WARNING: Shader Unsupported: 'UnityChanToonShader/Tessellation/NoOutline/ToonColor_DoubleShadeWithFeather' - All subshaders removed
WARNING: Shader Did you use #pragma only_renderers and omit this platform?
WARNING: Shader If subshaders removal was intentional, you may have forgotten turning Fallback off?
WARNING: Shader Unsupported: 'UnityChanToonShader/Mobile/Toon_ShadingGradeMap_StencilOut' - All subshaders removed
WARNING: Shader Did you use #pragma only_renderers and omit this platform?
WARNING: Shader If subshaders removal was intentional, you may have forgotten turning Fallback off?
WARNING: Shader Unsupported: 'UnityChanToonShader/Mobile/Toon_ShadingGradeMap_StencilOut' - All subshaders removed
WARNING: Shader Did you use #pragma only_renderers and omit this platform?
WARNING: Shader If subshaders removal was intentional, you may have forgotten turning Fallback off?
WARNING: Shader Unsupported: 'UnityChanToonShader/NoOutline/ToonColor_DoubleShadeWithFeather_TransClipping_StencilMask' - All subshaders removed
WARNING: Shader Did you use #pragma only_renderers and omit this platform?
WARNING: Shader If subshaders removal was intentional, you may have forgotten turning Fallback off?
WARNING: Shader Unsupported: 'UnityChanToonShader/NoOutline/ToonColor_DoubleShadeWithFeather_TransClipping_StencilMask' - All subshaders removed
WARNING: Shader Did you use #pragma only_renderers and omit this platform?
WARNING: Shader If subshaders removal was intentional, you may have forgotten turning Fallback off?
WARNING: Shader Unsupported: 'UnityChanToonShader/Tessellation/NoOutline/ToonColor_DoubleShadeWithFeather_Clipping_StencilMask' - All subshaders removed
WARNING: Shader Did you use #pragma only_renderers and omit this platform?
WARNING: Shader If subshaders removal was intentional, you may have forgotten turning Fallback off?
WARNING: Shader Unsupported: 'UnityChanToonShader/Tessellation/NoOutline/ToonColor_DoubleShadeWithFeather_Clipping_StencilMask' - All subshaders removed
WARNING: Shader Did you use #pragma only_renderers and omit this platform?
WARNING: Shader If subshaders removal was intentional, you may have forgotten turning Fallback off?
WARNING: Shader Unsupported: 'UnityChanToonShader/Mobile/Toon_DoubleShadeWithFeather' - All subshaders removed
WARNING: Shader Did you use #pragma only_renderers and omit this platform?
WARNING: Shader If subshaders removal was intentional, you may have forgotten turning Fallback off?
WARNING: Shader Unsupported: 'UnityChanToonShader/Mobile/Toon_DoubleShadeWithFeather' - All subshaders removed
WARNING: Shader Did you use #pragma only_renderers and omit this platform?
WARNING: Shader If subshaders removal was intentional, you may have forgotten turning Fallback off?
WARNING: Shader Unsupported: 'UnityChanToonShader/Mobile/Toon_DoubleShadeWithFeather_TransClipping_StencilMask' - All subshaders removed
WARNING: Shader Did you use #pragma only_renderers and omit this platform?
WARNING: Shader If subshaders removal was intentional, you may have forgotten turning Fallback off?
WARNING: Shader Unsupported: 'UnityChanToonShader/Mobile/Toon_DoubleShadeWithFeather_TransClipping_StencilMask' - All subshaders removed
WARNING: Shader Did you use #pragma only_renderers and omit this platform?
WARNING: Shader If subshaders removal was intentional, you may have forgotten turning Fallback off?
WARNING: Shader Unsupported: 'UnityChanToonShader/NoOutline/ToonColor_DoubleShadeWithFeather_Clipping_StencilMask' - All subshaders removed
WARNING: Shader Did you use #pragma only_renderers and omit this platform?
WARNING: Shader If subshaders removal was intentional, you may have forgotten turning Fallback off?
WARNING: Shader Unsupported: 'UnityChanToonShader/NoOutline/ToonColor_DoubleShadeWithFeather_Clipping_StencilMask' - All subshaders removed
WARNING: Shader Did you use #pragma only_renderers and omit this platform?
WARNING: Shader If subshaders removal was intentional, you may have forgotten turning Fallback off?
WARNING: Shader Unsupported: 'UnityChanToonShader/Tessellation/Light/AngelRing/Toon_ShadingGradeMap' - All subshaders removed
WARNING: Shader Did you use #pragma only_renderers and omit this platform?
WARNING: Shader If subshaders removal was intentional, you may have forgotten turning Fallback off?
WARNING: Shader Unsupported: 'UnityChanToonShader/Tessellation/Light/AngelRing/Toon_ShadingGradeMap' - All subshaders removed
WARNING: Shader Did you use #pragma only_renderers and omit this platform?
WARNING: Shader If subshaders removal was intentional, you may have forgotten turning Fallback off?
WARNING: Shader Unsupported: 'UnityChanToonShader/Mobile/Toon_ShadingGradeMap' - All subshaders removed
WARNING: Shader Did you use #pragma only_renderers and omit this platform?
WARNING: Shader If subshaders removal was intentional, you may have forgotten turning Fallback off?
WARNING: Shader Unsupported: 'UnityChanToonShader/Mobile/Toon_ShadingGradeMap' - All subshaders removed
WARNING: Shader Did you use #pragma only_renderers and omit this platform?
WARNING: Shader If subshaders removal was intentional, you may have forgotten turning Fallback off?
WARNING: Shader Unsupported: 'UnityChanToonShader/Mobile/Toon_DoubleShadeWithFeather_TransClipping' - All subshaders removed
WARNING: Shader Did you use #pragma only_renderers and omit this platform?
WARNING: Shader If subshaders removal was intentional, you may have forgotten turning Fallback off?
WARNING: Shader Unsupported: 'UnityChanToonShader/Mobile/Toon_DoubleShadeWithFeather_TransClipping' - All subshaders removed
WARNING: Shader Did you use #pragma only_renderers and omit this platform?
WARNING: Shader If subshaders removal was intentional, you may have forgotten turning Fallback off?
WARNING: Shader Unsupported: 'UnityChanToonShader/Tessellation/Light/Toon_DoubleShadeWithFeather' - All subshaders removed
WARNING: Shader Did you use #pragma only_renderers and omit this platform?
WARNING: Shader If subshaders removal was intentional, you may have forgotten turning Fallback off?
WARNING: Shader Unsupported: 'UnityChanToonShader/Tessellation/Light/Toon_DoubleShadeWithFeather' - All subshaders removed
WARNING: Shader Did you use #pragma only_renderers and omit this platform?
WARNING: Shader If subshaders removal was intentional, you may have forgotten turning Fallback off?
WARNING: Shader Unsupported: 'UnityChanToonShader/NoOutline/ToonColor_DoubleShadeWithFeather_TransClipping' - All subshaders removed
WARNING: Shader Did you use #pragma only_renderers and omit this platform?
WARNING: Shader If subshaders removal was intentional, you may have forgotten turning Fallback off?
WARNING: Shader Unsupported: 'UnityChanToonShader/NoOutline/ToonColor_DoubleShadeWithFeather_TransClipping' - All subshaders removed
WARNING: Shader Did you use #pragma only_renderers and omit this platform?
WARNING: Shader If subshaders removal was intentional, you may have forgotten turning Fallback off?
WARNING: Shader Unsupported: 'UnityChanToonShader/Tessellation/NoOutline/ToonColor_ShadingGradeMap_StencilOut' - All subshaders removed
WARNING: Shader Did you use #pragma only_renderers and omit this platform?
WARNING: Shader If subshaders removal was intentional, you may have forgotten turning Fallback off?
WARNING: Shader Unsupported: 'UnityChanToonShader/Tessellation/NoOutline/ToonColor_ShadingGradeMap_StencilOut' - All subshaders removed
WARNING: Shader Did you use #pragma only_renderers and omit this platform?
WARNING: Shader If subshaders removal was intentional, you may have forgotten turning Fallback off?
WARNING: Shader Unsupported: 'UnityChanToonShader/NoOutline/ToonColor_DoubleShadeWithFeather' - All subshaders removed
WARNING: Shader Did you use #pragma only_renderers and omit this platform?
WARNING: Shader If subshaders removal was intentional, you may have forgotten turning Fallback off?
WARNING: Shader Unsupported: 'UnityChanToonShader/NoOutline/ToonColor_DoubleShadeWithFeather' - All subshaders removed
WARNING: Shader Did you use #pragma only_renderers and omit this platform?
WARNING: Shader If subshaders removal was intentional, you may have forgotten turning Fallback off?
WARNING: Shader Unsupported: 'UnityChanToonShader/Mobile/AngelRing/Toon_ShadingGradeMap_StencilOut' - All subshaders removed
WARNING: Shader Did you use #pragma only_renderers and omit this platform?
WARNING: Shader If subshaders removal was intentional, you may have forgotten turning Fallback off?
WARNING: Shader Unsupported: 'UnityChanToonShader/Mobile/AngelRing/Toon_ShadingGradeMap_StencilOut' - All subshaders removed
WARNING: Shader Did you use #pragma only_renderers and omit this platform?
WARNING: Shader If subshaders removal was intentional, you may have forgotten turning Fallback off?
WARNING: Shader Unsupported: 'UnityChanToonShader/Tessellation/NoOutline/AngelRing/ToonColor_ShadingGradeMap' - All subshaders removed
WARNING: Shader Did you use #pragma only_renderers and omit this platform?
WARNING: Shader If subshaders removal was intentional, you may have forgotten turning Fallback off?
WARNING: Shader Unsupported: 'UnityChanToonShader/Tessellation/NoOutline/AngelRing/ToonColor_ShadingGradeMap' - All subshaders removed
WARNING: Shader Did you use #pragma only_renderers and omit this platform?
WARNING: Shader If subshaders removal was intentional, you may have forgotten turning Fallback off?
WARNING: Shader Unsupported: 'UnityChanToonShader/Mobile/Toon_DoubleShadeWithFeather_Clipping_StencilMask' - All subshaders removed
WARNING: Shader Did you use #pragma only_renderers and omit this platform?
WARNING: Shader If subshaders removal was intentional, you may have forgotten turning Fallback off?
WARNING: Shader Unsupported: 'UnityChanToonShader/Mobile/Toon_DoubleShadeWithFeather_Clipping_StencilMask' - All subshaders removed
WARNING: Shader Did you use #pragma only_renderers and omit this platform?
WARNING: Shader If subshaders removal was intentional, you may have forgotten turning Fallback off?
WARNING: Shader Unsupported: 'UnityChanToonShader/Mobile/Toon_ShadingGradeMap_TransClipping' - All subshaders removed
WARNING: Shader Did you use #pragma only_renderers and omit this platform?
WARNING: Shader If subshaders removal was intentional, you may have forgotten turning Fallback off?
WARNING: Shader Unsupported: 'UnityChanToonShader/Mobile/Toon_ShadingGradeMap_TransClipping' - All subshaders removed
WARNING: Shader Did you use #pragma only_renderers and omit this platform?
WARNING: Shader If subshaders removal was intentional, you may have forgotten turning Fallback off?
WARNING: Shader Unsupported: 'UnityChanToonShader/Mobile/Toon_ShadingGradeMap_StencilMask' - All subshaders removed
WARNING: Shader Did you use #pragma only_renderers and omit this platform?
WARNING: Shader If subshaders removal was intentional, you may have forgotten turning Fallback off?
WARNING: Shader Unsupported: 'UnityChanToonShader/Mobile/Toon_ShadingGradeMap_StencilMask' - All subshaders removed
WARNING: Shader Did you use #pragma only_renderers and omit this platform?
WARNING: Shader If subshaders removal was intentional, you may have forgotten turning Fallback off?
WARNING: Shader Unsupported: 'UnityChanToonShader/NoOutline/ToonColor_ShadingGradeMap_TransClipping_StencilMask' - All subshaders removed
WARNING: Shader Did you use #pragma only_renderers and omit this platform?
WARNING: Shader If subshaders removal was intentional, you may have forgotten turning Fallback off?
WARNING: Shader Unsupported: 'UnityChanToonShader/NoOutline/ToonColor_ShadingGradeMap_TransClipping_StencilMask' - All subshaders removed
WARNING: Shader Did you use #pragma only_renderers and omit this platform?
WARNING: Shader If subshaders removal was intentional, you may have forgotten turning Fallback off?
WARNING: Shader Unsupported: 'UnityChanToonShader/Tessellation/NoOutline/AngelRing/ToonColor_ShadingGradeMap_TransClipping_StencilOut' - All subshaders removed
WARNING: Shader Did you use #pragma only_renderers and omit this platform?
WARNING: Shader If subshaders removal was intentional, you may have forgotten turning Fallback off?
WARNING: Shader Unsupported: 'UnityChanToonShader/Tessellation/NoOutline/AngelRing/ToonColor_ShadingGradeMap_TransClipping_StencilOut' - All subshaders removed
WARNING: Shader Did you use #pragma only_renderers and omit this platform?
WARNING: Shader If subshaders removal was intentional, you may have forgotten turning Fallback off?
WARNING: Shader Unsupported: 'UnityChanToonShader/Mobile/Toon_DoubleShadeWithFeather_StencilMask' - All subshaders removed
WARNING: Shader Did you use #pragma only_renderers and omit this platform?
WARNING: Shader If subshaders removal was intentional, you may have forgotten turning Fallback off?
WARNING: Shader Unsupported: 'UnityChanToonShader/Mobile/Toon_DoubleShadeWithFeather_StencilMask' - All subshaders removed
WARNING: Shader Did you use #pragma only_renderers and omit this platform?
WARNING: Shader If subshaders removal was intentional, you may have forgotten turning Fallback off?
WARNING: Shader Unsupported: 'UnityChanToonShader/Tessellation/NoOutline/ToonColor_DoubleShadeWithFeather_TransClipping_StencilMask' - All subshaders removed
WARNING: Shader Did you use #pragma only_renderers and omit this platform?
WARNING: Shader If subshaders removal was intentional, you may have forgotten turning Fallback off?
WARNING: Shader Unsupported: 'UnityChanToonShader/Tessellation/NoOutline/ToonColor_DoubleShadeWithFeather_TransClipping_StencilMask' - All subshaders removed
WARNING: Shader Did you use #pragma only_renderers and omit this platform?
WARNING: Shader If subshaders removal was intentional, you may have forgotten turning Fallback off?
WARNING: Shader Unsupported: 'UnityChanToonShader/Tessellation/NoOutline/ToonColor_DoubleShadeWithFeather_Clipping' - All subshaders removed
WARNING: Shader Did you use #pragma only_renderers and omit this platform?
WARNING: Shader If subshaders removal was intentional, you may have forgotten turning Fallback off?
WARNING: Shader Unsupported: 'UnityChanToonShader/Tessellation/NoOutline/ToonColor_DoubleShadeWithFeather_Clipping' - All subshaders removed
WARNING: Shader Did you use #pragma only_renderers and omit this platform?
WARNING: Shader If subshaders removal was intentional, you may have forgotten turning Fallback off?
WARNING: Shader Unsupported: 'UnityChanToonShader/Tessellation/Light/Toon_ShadingGradeMap_StencilMask' - All subshaders removed
WARNING: Shader Did you use #pragma only_renderers and omit this platform?
WARNING: Shader If subshaders removal was intentional, you may have forgotten turning Fallback off?
WARNING: Shader Unsupported: 'UnityChanToonShader/Tessellation/Light/Toon_ShadingGradeMap_StencilMask' - All subshaders removed
WARNING: Shader Did you use #pragma only_renderers and omit this platform?
WARNING: Shader If subshaders removal was intentional, you may have forgotten turning Fallback off?
WARNING: Shader Unsupported: 'UnityChanToonShader/Tessellation/NoOutline/ToonColor_ShadingGradeMap_StencilMask' - All subshaders removed
WARNING: Shader Did you use #pragma only_renderers and omit this platform?
WARNING: Shader If subshaders removal was intentional, you may have forgotten turning Fallback off?
WARNING: Shader Unsupported: 'UnityChanToonShader/Tessellation/NoOutline/ToonColor_ShadingGradeMap_StencilMask' - All subshaders removed
WARNING: Shader Did you use #pragma only_renderers and omit this platform?
WARNING: Shader If subshaders removal was intentional, you may have forgotten turning Fallback off?
WARNING: Shader Unsupported: 'UnityChanToonShader/Tessellation/NoOutline/AngelRing/ToonColor_ShadingGradeMap_StencilOut' - All subshaders removed
WARNING: Shader Did you use #pragma only_renderers and omit this platform?
WARNING: Shader If subshaders removal was intentional, you may have forgotten turning Fallback off?
WARNING: Shader Unsupported: 'UnityChanToonShader/Tessellation/NoOutline/AngelRing/ToonColor_ShadingGradeMap_StencilOut' - All subshaders removed
WARNING: Shader Did you use #pragma only_renderers and omit this platform?
WARNING: Shader If subshaders removal was intentional, you may have forgotten turning Fallback off?
WARNING: Shader Unsupported: 'UnityChanToonShader/NoOutline/ToonColor_ShadingGradeMap_StencilOut' - All subshaders removed
WARNING: Shader Did you use #pragma only_renderers and omit this platform?
WARNING: Shader If subshaders removal was intentional, you may have forgotten turning Fallback off?
WARNING: Shader Unsupported: 'UnityChanToonShader/NoOutline/ToonColor_ShadingGradeMap_StencilOut' - All subshaders removed
WARNING: Shader Did you use #pragma only_renderers and omit this platform?
WARNING: Shader If subshaders removal was intentional, you may have forgotten turning Fallback off?
WARNING: Shader Unsupported: 'UnityChanToonShader/NoOutline/ToonColor_ShadingGradeMap' - All subshaders removed
WARNING: Shader Did you use #pragma only_renderers and omit this platform?
WARNING: Shader If subshaders removal was intentional, you may have forgotten turning Fallback off?
WARNING: Shader Unsupported: 'UnityChanToonShader/NoOutline/ToonColor_ShadingGradeMap' - All subshaders removed
WARNING: Shader Did you use #pragma only_renderers and omit this platform?
WARNING: Shader If subshaders removal was intentional, you may have forgotten turning Fallback off?
WARNING: Shader Unsupported: 'UnityChanToonShader/NoOutline/ToonColor_DoubleShadeWithFeather_Clipping' - All subshaders removed
WARNING: Shader Did you use #pragma only_renderers and omit this platform?
WARNING: Shader If subshaders removal was intentional, you may have forgotten turning Fallback off?
WARNING: Shader Unsupported: 'UnityChanToonShader/NoOutline/ToonColor_DoubleShadeWithFeather_Clipping' - All subshaders removed
WARNING: Shader Did you use #pragma only_renderers and omit this platform?
WARNING: Shader If subshaders removal was intentional, you may have forgotten turning Fallback off?
WARNING: Shader Unsupported: 'UnityChanToonShader/NoOutline/ToonColor_ShadingGradeMap_TransClipping_StencilOut' - All subshaders removed
WARNING: Shader Did you use #pragma only_renderers and omit this platform?
WARNING: Shader If subshaders removal was intentional, you may have forgotten turning Fallback off?
WARNING: Shader Unsupported: 'UnityChanToonShader/NoOutline/ToonColor_ShadingGradeMap_TransClipping_StencilOut' - All subshaders removed
WARNING: Shader Did you use #pragma only_renderers and omit this platform?
WARNING: Shader If subshaders removal was intentional, you may have forgotten turning Fallback off?
WARNING: Shader Unsupported: 'UnityChanToonShader/Tessellation/NoOutline/ToonColor_DoubleShadeWithFeather_TransClipping_StencilOut' - All subshaders removed
WARNING: Shader Did you use #pragma only_renderers and omit this platform?
WARNING: Shader If subshaders removal was intentional, you may have forgotten turning Fallback off?
WARNING: Shader Unsupported: 'UnityChanToonShader/Tessellation/NoOutline/ToonColor_DoubleShadeWithFeather_TransClipping_StencilOut' - All subshaders removed
WARNING: Shader Did you use #pragma only_renderers and omit this platform?
WARNING: Shader If subshaders removal was intentional, you may have forgotten turning Fallback off?
WARNING: Shader Unsupported: 'UnityChanToonShader/Tessellation/NoOutline/ToonColor_DoubleShadeWithFeather_Clipping_StencilOut' - All subshaders removed
WARNING: Shader Did you use #pragma only_renderers and omit this platform?
WARNING: Shader If subshaders removal was intentional, you may have forgotten turning Fallback off?
WARNING: Shader Unsupported: 'UnityChanToonShader/Tessellation/NoOutline/ToonColor_DoubleShadeWithFeather_Clipping_StencilOut' - All subshaders removed
WARNING: Shader Did you use #pragma only_renderers and omit this platform?
WARNING: Shader If subshaders removal was intentional, you may have forgotten turning Fallback off?
WARNING: Shader Unsupported: 'UnityChanToonShader/Tessellation/NoOutline/ToonColor_ShadingGradeMap_TransClipping' - All subshaders removed
WARNING: Shader Did you use #pragma only_renderers and omit this platform?
WARNING: Shader If subshaders removal was intentional, you may have forgotten turning Fallback off?
WARNING: Shader Unsupported: 'UnityChanToonShader/Tessellation/NoOutline/ToonColor_ShadingGradeMap_TransClipping' - All subshaders removed
WARNING: Shader Did you use #pragma only_renderers and omit this platform?
WARNING: Shader If subshaders removal was intentional, you may have forgotten turning Fallback off?
WARNING: Shader Unsupported: 'UnityChanToonShader/Tessellation/Light/Toon_ShadingGradeMap_StencilOut' - All subshaders removed
WARNING: Shader Did you use #pragma only_renderers and omit this platform?
WARNING: Shader If subshaders removal was intentional, you may have forgotten turning Fallback off?
WARNING: Shader Unsupported: 'UnityChanToonShader/Tessellation/Light/Toon_ShadingGradeMap_StencilOut' - All subshaders removed
WARNING: Shader Did you use #pragma only_renderers and omit this platform?
WARNING: Shader If subshaders removal was intentional, you may have forgotten turning Fallback off?
WARNING: Shader Unsupported: 'UnityChanToonShader/Mobile/AngelRing/Toon_ShadingGradeMap' - All subshaders removed
WARNING: Shader Did you use #pragma only_renderers and omit this platform?
WARNING: Shader If subshaders removal was intentional, you may have forgotten turning Fallback off?
WARNING: Shader Unsupported: 'UnityChanToonShader/Mobile/AngelRing/Toon_ShadingGradeMap' - All subshaders removed
WARNING: Shader Did you use #pragma only_renderers and omit this platform?
WARNING: Shader If subshaders removal was intentional, you may have forgotten turning Fallback off?
WARNING: Shader Unsupported: 'UnityChanToonShader/Tessellation/Light/AngelRing/Toon_ShadingGradeMap_StencilOut' - All subshaders removed
WARNING: Shader Did you use #pragma only_renderers and omit this platform?
WARNING: Shader If subshaders removal was intentional, you may have forgotten turning Fallback off?
WARNING: Shader Unsupported: 'UnityChanToonShader/Tessellation/Light/AngelRing/Toon_ShadingGradeMap_StencilOut' - All subshaders removed
WARNING: Shader Did you use #pragma only_renderers and omit this platform?
WARNING: Shader If subshaders removal was intentional, you may have forgotten turning Fallback off?
WARNING: Shader Unsupported: 'UnityChanToonShader/Tessellation/NoOutline/AngelRing/ToonColor_ShadingGradeMap_TransClipping' - All subshaders removed
WARNING: Shader Did you use #pragma only_renderers and omit this platform?
WARNING: Shader If subshaders removal was intentional, you may have forgotten turning Fallback off?
WARNING: Shader Unsupported: 'UnityChanToonShader/Tessellation/NoOutline/AngelRing/ToonColor_ShadingGradeMap_TransClipping' - All subshaders removed
WARNING: Shader Did you use #pragma only_renderers and omit this platform?
WARNING: Shader If subshaders removal was intentional, you may have forgotten turning Fallback off?
WARNING: Shader Unsupported: 'UnityChanToonShader/NoOutline/AngelRing/ToonColor_ShadingGradeMap_TransClipping' - All subshaders removed
WARNING: Shader Did you use #pragma only_renderers and omit this platform?
WARNING: Shader If subshaders removal was intentional, you may have forgotten turning Fallback off?
WARNING: Shader Unsupported: 'UnityChanToonShader/NoOutline/AngelRing/ToonColor_ShadingGradeMap_TransClipping' - All subshaders removed
WARNING: Shader Did you use #pragma only_renderers and omit this platform?
WARNING: Shader If subshaders removal was intentional, you may have forgotten turning Fallback off?
WARNING: Shader Unsupported: 'UnityChanToonShader/Mobile/Toon_ShadingGradeMap_TransClipping_StencilMask' - All subshaders removed
WARNING: Shader Did you use #pragma only_renderers and omit this platform?
WARNING: Shader If subshaders removal was intentional, you may have forgotten turning Fallback off?
WARNING: Shader Unsupported: 'UnityChanToonShader/Mobile/Toon_ShadingGradeMap_TransClipping_StencilMask' - All subshaders removed
WARNING: Shader Did you use #pragma only_renderers and omit this platform?
WARNING: Shader If subshaders removal was intentional, you may have forgotten turning Fallback off?
WARNING: Shader Unsupported: 'UnityChanToonShader/NoOutline/ToonColor_ShadingGradeMap_TransClipping' - All subshaders removed
WARNING: Shader Did you use #pragma only_renderers and omit this platform?
WARNING: Shader If subshaders removal was intentional, you may have forgotten turning Fallback off?
WARNING: Shader Unsupported: 'UnityChanToonShader/NoOutline/ToonColor_ShadingGradeMap_TransClipping' - All subshaders removed
WARNING: Shader Did you use #pragma only_renderers and omit this platform?
WARNING: Shader If subshaders removal was intentional, you may have forgotten turning Fallback off?
WARNING: Shader Unsupported: 'UnityChanToonShader/NoOutline/AngelRing/ToonColor_ShadingGradeMap_StencilOut' - All subshaders removed
WARNING: Shader Did you use #pragma only_renderers and omit this platform?
WARNING: Shader If subshaders removal was intentional, you may have forgotten turning Fallback off?
WARNING: Shader Unsupported: 'UnityChanToonShader/NoOutline/AngelRing/ToonColor_ShadingGradeMap_StencilOut' - All subshaders removed
WARNING: Shader Did you use #pragma only_renderers and omit this platform?
WARNING: Shader If subshaders removal was intentional, you may have forgotten turning Fallback off?
WARNING: Shader Unsupported: 'UnityChanToonShader/Tessellation/NoOutline/ToonColor_ShadingGradeMap_TransClipping_StencilMask' - All subshaders removed
WARNING: Shader Did you use #pragma only_renderers and omit this platform?
WARNING: Shader If subshaders removal was intentional, you may have forgotten turning Fallback off?
WARNING: Shader Unsupported: 'UnityChanToonShader/Tessellation/NoOutline/ToonColor_ShadingGradeMap_TransClipping_StencilMask' - All subshaders removed
WARNING: Shader Did you use #pragma only_renderers and omit this platform?
WARNING: Shader If subshaders removal was intentional, you may have forgotten turning Fallback off?
WARNING: Shader Unsupported: 'UnityChanToonShader/Tessellation/Light/Toon_ShadingGradeMap' - All subshaders removed
WARNING: Shader Did you use #pragma only_renderers and omit this platform?
WARNING: Shader If subshaders removal was intentional, you may have forgotten turning Fallback off?
WARNING: Shader Unsupported: 'UnityChanToonShader/Tessellation/Light/Toon_ShadingGradeMap' - All subshaders removed
WARNING: Shader Did you use #pragma only_renderers and omit this platform?
WARNING: Shader If subshaders removal was intentional, you may have forgotten turning Fallback off?
WARNING: Shader Unsupported: 'UnityChanToonShader/Tessellation/NoOutline/ToonColor_ShadingGradeMap_TransClipping_StencilOut' - All subshaders removed
WARNING: Shader Did you use #pragma only_renderers and omit this platform?
WARNING: Shader If subshaders removal was intentional, you may have forgotten turning Fallback off?
WARNING: Shader Unsupported: 'UnityChanToonShader/Tessellation/NoOutline/ToonColor_ShadingGradeMap_TransClipping_StencilOut' - All subshaders removed
WARNING: Shader Did you use #pragma only_renderers and omit this platform?
WARNING: Shader If subshaders removal was intentional, you may have forgotten turning Fallback off?
WARNING: Shader Unsupported: 'UnityChanToonShader/Tessellation/NoOutline/ToonColor_DoubleShadeWithFeather_StencilMask' - All subshaders removed
WARNING: Shader Did you use #pragma only_renderers and omit this platform?
WARNING: Shader If subshaders removal was intentional, you may have forgotten turning Fallback off?
WARNING: Shader Unsupported: 'UnityChanToonShader/Tessellation/NoOutline/ToonColor_DoubleShadeWithFeather_StencilMask' - All subshaders removed
WARNING: Shader Did you use #pragma only_renderers and omit this platform?
WARNING: Shader If subshaders removal was intentional, you may have forgotten turning Fallback off?
WARNING: Shader Unsupported: 'UnityChanToonShader/NoOutline/AngelRing/ToonColor_ShadingGradeMap' - All subshaders removed
WARNING: Shader Did you use #pragma only_renderers and omit this platform?
WARNING: Shader If subshaders removal was intentional, you may have forgotten turning Fallback off?
WARNING: Shader Unsupported: 'UnityChanToonShader/NoOutline/AngelRing/ToonColor_ShadingGradeMap' - All subshaders removed
WARNING: Shader Did you use #pragma only_renderers and omit this platform?
WARNING: Shader If subshaders removal was intentional, you may have forgotten turning Fallback off?
WARNING: Shader Unsupported: 'UnityChanToonShader/Tessellation/NoOutline/ToonColor_DoubleShadeWithFeather_TransClipping' - All subshaders removed
WARNING: Shader Did you use #pragma only_renderers and omit this platform?
WARNING: Shader If subshaders removal was intentional, you may have forgotten turning Fallback off?
WARNING: Shader Unsupported: 'UnityChanToonShader/Tessellation/NoOutline/ToonColor_DoubleShadeWithFeather_TransClipping' - All subshaders removed
WARNING: Shader Did you use #pragma only_renderers and omit this platform?
WARNING: Shader If subshaders removal was intentional, you may have forgotten turning Fallback off?
WARNING: Shader Unsupported: 'UnityChanToonShader/NoOutline/AngelRing/ToonColor_ShadingGradeMap_TransClipping_StencilOut' - All subshaders removed
WARNING: Shader Did you use #pragma only_renderers and omit this platform?
WARNING: Shader If subshaders removal was intentional, you may have forgotten turning Fallback off?
WARNING: Shader Unsupported: 'UnityChanToonShader/NoOutline/AngelRing/ToonColor_ShadingGradeMap_TransClipping_StencilOut' - All subshaders removed
WARNING: Shader Did you use #pragma only_renderers and omit this platform?
WARNING: Shader If subshaders removal was intentional, you may have forgotten turning Fallback off?
WARNING: Shader Unsupported: 'UnityChanToonShader/NoOutline/ToonColor_DoubleShadeWithFeather_TransClipping_StencilOut' - All subshaders removed
WARNING: Shader Did you use #pragma only_renderers and omit this platform?
WARNING: Shader If subshaders removal was intentional, you may have forgotten turning Fallback off?
WARNING: Shader Unsupported: 'UnityChanToonShader/NoOutline/ToonColor_DoubleShadeWithFeather_TransClipping_StencilOut' - All subshaders removed
WARNING: Shader Did you use #pragma only_renderers and omit this platform?
WARNING: Shader If subshaders removal was intentional, you may have forgotten turning Fallback off?
WARNING: Shader Unsupported: 'UnityChanToonShader/Mobile/Toon_DoubleShadeWithFeather_StencilOut' - All subshaders removed
WARNING: Shader Did you use #pragma only_renderers and omit this platform?
WARNING: Shader If subshaders removal was intentional, you may have forgotten turning Fallback off?
WARNING: Shader Unsupported: 'UnityChanToonShader/Mobile/Toon_DoubleShadeWithFeather_StencilOut' - All subshaders removed
WARNING: Shader Did you use #pragma only_renderers and omit this platform?
WARNING: Shader If subshaders removal was intentional, you may have forgotten turning Fallback off?
WARNING: Shader Unsupported: 'UnityChanToonShader/Tessellation/Light/Toon_DoubleShadeWithFeather_StencilMask' - All subshaders removed
WARNING: Shader Did you use #pragma only_renderers and omit this platform?
WARNING: Shader If subshaders removal was intentional, you may have forgotten turning Fallback off?
WARNING: Shader Unsupported: 'UnityChanToonShader/Tessellation/Light/Toon_DoubleShadeWithFeather_StencilMask' - All subshaders removed
WARNING: Shader Did you use #pragma only_renderers and omit this platform?
WARNING: Shader If subshaders removal was intentional, you may have forgotten turning Fallback off?
Refreshing native plugins compatible for Editor in 9.46 ms, found 4 plugins.
Preloading 0 native plugins for Editor in 0.00 ms.
Unloading 3586 Unused Serialized files (Serialized files now loaded: 0)
Unloading 77 unused Assets / (10.6 MB). Loaded Objects now: 4095.
Memory consumption went from 165.1 MB to 154.5 MB.
Total: 15.828100 ms (FindLiveObjects: 0.720300 ms CreateObjectMapping: 0.157200 ms MarkObjects: 3.935400 ms  DeleteObjects: 11.013700 ms)

Prepare: number of updated asset objects reloaded= 0
AssetImportParameters requested are different than current active one (requested -> active):
  custom:container-demuxer-ogg: 62fdf1f143b41e24485cea50d1cbac27 -> 
  custom:video-codec-MediaFoundation-h265: 746d11721c4dcdbdad8f713fa42b33f4 -> 
  custom:video-decoder-ogg-theora: a1e56fd34408186e4bbccfd4996cb3dc -> 
  custom:framework-win-MediaFoundation: 216162199b28c13a410421893ffa2e32 -> 
  custom:CustomObjectIndexerAttribute: 9a22284fe3817be447336de3de66b15e -> 
  custom:container-demuxer-webm: 4f35f7cbe854078d1ac9338744f61a02 -> 
  custom:container-muxer-webm: aa71ff27fc2769a1b78a27578f13a17b -> 
  custom:video-decoder-webm-vp8: 9c59270c3fd7afecdb556c50c9e8de78 -> 
  custom:SearchIndexIgnoredProperties: e643bd26f0fe6173181afceb89e7c659 -> 
  custom:AudioImporter_EditorPlatform: d09bf68614088b80899f8185d706f6e7 -> 
  custom:video-encoder-webm-vp8: eb34c28f22e8b96e1ab97ce403110664 -> 
  custom:audio-decoder-ogg-vorbis: bf7c407c2cedff20999df2af8eb42d56 -> 
  custom:audio-encoder-webm-vorbis: bf7c407c2cedff20999df2af8eb42d56 -> 
========================================================================
Received Prepare
WARNING: Shader Unsupported: 'UnityChanToonShader/NoOutline/ToonColor_ShadingGradeMap_StencilMask' - All subshaders removed
WARNING: Shader Did you use #pragma only_renderers and omit this platform?
WARNING: Shader If subshaders removal was intentional, you may have forgotten turning Fallback off?
WARNING: Shader Unsupported: 'UnityChanToonShader/NoOutline/ToonColor_ShadingGradeMap_StencilMask' - All subshaders removed
WARNING: Shader Did you use #pragma only_renderers and omit this platform?
WARNING: Shader If subshaders removal was intentional, you may have forgotten turning Fallback off?
WARNING: Shader Unsupported: 'UnityChanToonShader/Tessellation/Light/Toon_DoubleShadeWithFeather_StencilOut' - All subshaders removed
WARNING: Shader Did you use #pragma only_renderers and omit this platform?
WARNING: Shader If subshaders removal was intentional, you may have forgotten turning Fallback off?
WARNING: Shader Unsupported: 'UnityChanToonShader/Tessellation/Light/Toon_DoubleShadeWithFeather_StencilOut' - All subshaders removed
WARNING: Shader Did you use #pragma only_renderers and omit this platform?
WARNING: Shader If subshaders removal was intentional, you may have forgotten turning Fallback off?
WARNING: Shader Unsupported: 'UnityChanToonShader/Tessellation/NoOutline/ToonColor_DoubleShadeWithFeather_StencilOut' - All subshaders removed
WARNING: Shader Did you use #pragma only_renderers and omit this platform?
WARNING: Shader If subshaders removal was intentional, you may have forgotten turning Fallback off?
WARNING: Shader Unsupported: 'UnityChanToonShader/Tessellation/NoOutline/ToonColor_DoubleShadeWithFeather_StencilOut' - All subshaders removed
WARNING: Shader Did you use #pragma only_renderers and omit this platform?
WARNING: Shader If subshaders removal was intentional, you may have forgotten turning Fallback off?
WARNING: Shader Unsupported: 'UnityChanToonShader/Mobile/Toon_DoubleShadeWithFeather_Clipping' - All subshaders removed
WARNING: Shader Did you use #pragma only_renderers and omit this platform?
WARNING: Shader If subshaders removal was intentional, you may have forgotten turning Fallback off?
WARNING: Shader Unsupported: 'UnityChanToonShader/Mobile/Toon_DoubleShadeWithFeather_Clipping' - All subshaders removed
WARNING: Shader Did you use #pragma only_renderers and omit this platform?
WARNING: Shader If subshaders removal was intentional, you may have forgotten turning Fallback off?
WARNING: Shader Unsupported: 'UnityChanToonShader/NoOutline/ToonColor_DoubleShadeWithFeather_Clipping_StencilOut' - All subshaders removed
WARNING: Shader Did you use #pragma only_renderers and omit this platform?
WARNING: Shader If subshaders removal was intentional, you may have forgotten turning Fallback off?
WARNING: Shader Unsupported: 'UnityChanToonShader/NoOutline/ToonColor_DoubleShadeWithFeather_Clipping_StencilOut' - All subshaders removed
WARNING: Shader Did you use #pragma only_renderers and omit this platform?
WARNING: Shader If subshaders removal was intentional, you may have forgotten turning Fallback off?
WARNING: Shader Unsupported: 'UnityChanToonShader/NoOutline/ToonColor_DoubleShadeWithFeather_StencilOut' - All subshaders removed
WARNING: Shader Did you use #pragma only_renderers and omit this platform?
WARNING: Shader If subshaders removal was intentional, you may have forgotten turning Fallback off?
WARNING: Shader Unsupported: 'UnityChanToonShader/NoOutline/ToonColor_DoubleShadeWithFeather_StencilOut' - All subshaders removed
WARNING: Shader Did you use #pragma only_renderers and omit this platform?
WARNING: Shader If subshaders removal was intentional, you may have forgotten turning Fallback off?
WARNING: Shader Unsupported: 'UnityChanToonShader/NoOutline/ToonColor_DoubleShadeWithFeather_StencilMask' - All subshaders removed
WARNING: Shader Did you use #pragma only_renderers and omit this platform?
WARNING: Shader If subshaders removal was intentional, you may have forgotten turning Fallback off?
WARNING: Shader Unsupported: 'UnityChanToonShader/NoOutline/ToonColor_DoubleShadeWithFeather_StencilMask' - All subshaders removed
WARNING: Shader Did you use #pragma only_renderers and omit this platform?
WARNING: Shader If subshaders removal was intentional, you may have forgotten turning Fallback off?
WARNING: Shader Unsupported: 'UnityChanToonShader/Tessellation/NoOutline/ToonColor_ShadingGradeMap' - All subshaders removed
WARNING: Shader Did you use #pragma only_renderers and omit this platform?
WARNING: Shader If subshaders removal was intentional, you may have forgotten turning Fallback off?
WARNING: Shader Unsupported: 'UnityChanToonShader/Tessellation/NoOutline/ToonColor_ShadingGradeMap' - All subshaders removed
WARNING: Shader Did you use #pragma only_renderers and omit this platform?
WARNING: Shader If subshaders removal was intentional, you may have forgotten turning Fallback off?
WARNING: Shader Unsupported: 'UnityChanToonShader/Tessellation/NoOutline/ToonColor_DoubleShadeWithFeather' - All subshaders removed
WARNING: Shader Did you use #pragma only_renderers and omit this platform?
WARNING: Shader If subshaders removal was intentional, you may have forgotten turning Fallback off?
WARNING: Shader Unsupported: 'UnityChanToonShader/Tessellation/NoOutline/ToonColor_DoubleShadeWithFeather' - All subshaders removed
WARNING: Shader Did you use #pragma only_renderers and omit this platform?
WARNING: Shader If subshaders removal was intentional, you may have forgotten turning Fallback off?
WARNING: Shader Unsupported: 'UnityChanToonShader/Mobile/Toon_ShadingGradeMap_StencilOut' - All subshaders removed
WARNING: Shader Did you use #pragma only_renderers and omit this platform?
WARNING: Shader If subshaders removal was intentional, you may have forgotten turning Fallback off?
WARNING: Shader Unsupported: 'UnityChanToonShader/Mobile/Toon_ShadingGradeMap_StencilOut' - All subshaders removed
WARNING: Shader Did you use #pragma only_renderers and omit this platform?
WARNING: Shader If subshaders removal was intentional, you may have forgotten turning Fallback off?
WARNING: Shader Unsupported: 'UnityChanToonShader/NoOutline/ToonColor_DoubleShadeWithFeather_TransClipping_StencilMask' - All subshaders removed
WARNING: Shader Did you use #pragma only_renderers and omit this platform?
WARNING: Shader If subshaders removal was intentional, you may have forgotten turning Fallback off?
WARNING: Shader Unsupported: 'UnityChanToonShader/NoOutline/ToonColor_DoubleShadeWithFeather_TransClipping_StencilMask' - All subshaders removed
WARNING: Shader Did you use #pragma only_renderers and omit this platform?
WARNING: Shader If subshaders removal was intentional, you may have forgotten turning Fallback off?
WARNING: Shader Unsupported: 'UnityChanToonShader/Tessellation/NoOutline/ToonColor_DoubleShadeWithFeather_Clipping_StencilMask' - All subshaders removed
WARNING: Shader Did you use #pragma only_renderers and omit this platform?
WARNING: Shader If subshaders removal was intentional, you may have forgotten turning Fallback off?
WARNING: Shader Unsupported: 'UnityChanToonShader/Tessellation/NoOutline/ToonColor_DoubleShadeWithFeather_Clipping_StencilMask' - All subshaders removed
WARNING: Shader Did you use #pragma only_renderers and omit this platform?
WARNING: Shader If subshaders removal was intentional, you may have forgotten turning Fallback off?
WARNING: Shader Unsupported: 'UnityChanToonShader/Mobile/Toon_DoubleShadeWithFeather' - All subshaders removed
WARNING: Shader Did you use #pragma only_renderers and omit this platform?
WARNING: Shader If subshaders removal was intentional, you may have forgotten turning Fallback off?
WARNING: Shader Unsupported: 'UnityChanToonShader/Mobile/Toon_DoubleShadeWithFeather' - All subshaders removed
WARNING: Shader Did you use #pragma only_renderers and omit this platform?
WARNING: Shader If subshaders removal was intentional, you may have forgotten turning Fallback off?
WARNING: Shader Unsupported: 'UnityChanToonShader/Mobile/Toon_DoubleShadeWithFeather_TransClipping_StencilMask' - All subshaders removed
WARNING: Shader Did you use #pragma only_renderers and omit this platform?
WARNING: Shader If subshaders removal was intentional, you may have forgotten turning Fallback off?
WARNING: Shader Unsupported: 'UnityChanToonShader/Mobile/Toon_DoubleShadeWithFeather_TransClipping_StencilMask' - All subshaders removed
WARNING: Shader Did you use #pragma only_renderers and omit this platform?
WARNING: Shader If subshaders removal was intentional, you may have forgotten turning Fallback off?
WARNING: Shader Unsupported: 'UnityChanToonShader/NoOutline/ToonColor_DoubleShadeWithFeather_Clipping_StencilMask' - All subshaders removed
WARNING: Shader Did you use #pragma only_renderers and omit this platform?
WARNING: Shader If subshaders removal was intentional, you may have forgotten turning Fallback off?
WARNING: Shader Unsupported: 'UnityChanToonShader/NoOutline/ToonColor_DoubleShadeWithFeather_Clipping_StencilMask' - All subshaders removed
WARNING: Shader Did you use #pragma only_renderers and omit this platform?
WARNING: Shader If subshaders removal was intentional, you may have forgotten turning Fallback off?
WARNING: Shader Unsupported: 'UnityChanToonShader/Tessellation/Light/AngelRing/Toon_ShadingGradeMap' - All subshaders removed
WARNING: Shader Did you use #pragma only_renderers and omit this platform?
WARNING: Shader If subshaders removal was intentional, you may have forgotten turning Fallback off?
WARNING: Shader Unsupported: 'UnityChanToonShader/Tessellation/Light/AngelRing/Toon_ShadingGradeMap' - All subshaders removed
WARNING: Shader Did you use #pragma only_renderers and omit this platform?
WARNING: Shader If subshaders removal was intentional, you may have forgotten turning Fallback off?
WARNING: Shader Unsupported: 'UnityChanToonShader/Mobile/Toon_ShadingGradeMap' - All subshaders removed
WARNING: Shader Did you use #pragma only_renderers and omit this platform?
WARNING: Shader If subshaders removal was intentional, you may have forgotten turning Fallback off?
WARNING: Shader Unsupported: 'UnityChanToonShader/Mobile/Toon_ShadingGradeMap' - All subshaders removed
WARNING: Shader Did you use #pragma only_renderers and omit this platform?
WARNING: Shader If subshaders removal was intentional, you may have forgotten turning Fallback off?
WARNING: Shader Unsupported: 'UnityChanToonShader/Mobile/Toon_DoubleShadeWithFeather_TransClipping' - All subshaders removed
WARNING: Shader Did you use #pragma only_renderers and omit this platform?
WARNING: Shader If subshaders removal was intentional, you may have forgotten turning Fallback off?
WARNING: Shader Unsupported: 'UnityChanToonShader/Mobile/Toon_DoubleShadeWithFeather_TransClipping' - All subshaders removed
WARNING: Shader Did you use #pragma only_renderers and omit this platform?
WARNING: Shader If subshaders removal was intentional, you may have forgotten turning Fallback off?
WARNING: Shader Unsupported: 'UnityChanToonShader/Tessellation/Light/Toon_DoubleShadeWithFeather' - All subshaders removed
WARNING: Shader Did you use #pragma only_renderers and omit this platform?
WARNING: Shader If subshaders removal was intentional, you may have forgotten turning Fallback off?
WARNING: Shader Unsupported: 'UnityChanToonShader/Tessellation/Light/Toon_DoubleShadeWithFeather' - All subshaders removed
WARNING: Shader Did you use #pragma only_renderers and omit this platform?
WARNING: Shader If subshaders removal was intentional, you may have forgotten turning Fallback off?
WARNING: Shader Unsupported: 'UnityChanToonShader/NoOutline/ToonColor_DoubleShadeWithFeather_TransClipping' - All subshaders removed
WARNING: Shader Did you use #pragma only_renderers and omit this platform?
WARNING: Shader If subshaders removal was intentional, you may have forgotten turning Fallback off?
WARNING: Shader Unsupported: 'UnityChanToonShader/NoOutline/ToonColor_DoubleShadeWithFeather_TransClipping' - All subshaders removed
WARNING: Shader Did you use #pragma only_renderers and omit this platform?
WARNING: Shader If subshaders removal was intentional, you may have forgotten turning Fallback off?
WARNING: Shader Unsupported: 'UnityChanToonShader/Tessellation/NoOutline/ToonColor_ShadingGradeMap_StencilOut' - All subshaders removed
WARNING: Shader Did you use #pragma only_renderers and omit this platform?
WARNING: Shader If subshaders removal was intentional, you may have forgotten turning Fallback off?
WARNING: Shader Unsupported: 'UnityChanToonShader/Tessellation/NoOutline/ToonColor_ShadingGradeMap_StencilOut' - All subshaders removed
WARNING: Shader Did you use #pragma only_renderers and omit this platform?
WARNING: Shader If subshaders removal was intentional, you may have forgotten turning Fallback off?
WARNING: Shader Unsupported: 'UnityChanToonShader/NoOutline/ToonColor_DoubleShadeWithFeather' - All subshaders removed
WARNING: Shader Did you use #pragma only_renderers and omit this platform?
WARNING: Shader If subshaders removal was intentional, you may have forgotten turning Fallback off?
WARNING: Shader Unsupported: 'UnityChanToonShader/NoOutline/ToonColor_DoubleShadeWithFeather' - All subshaders removed
WARNING: Shader Did you use #pragma only_renderers and omit this platform?
WARNING: Shader If subshaders removal was intentional, you may have forgotten turning Fallback off?
WARNING: Shader Unsupported: 'UnityChanToonShader/Mobile/AngelRing/Toon_ShadingGradeMap_StencilOut' - All subshaders removed
WARNING: Shader Did you use #pragma only_renderers and omit this platform?
WARNING: Shader If subshaders removal was intentional, you may have forgotten turning Fallback off?
WARNING: Shader Unsupported: 'UnityChanToonShader/Mobile/AngelRing/Toon_ShadingGradeMap_StencilOut' - All subshaders removed
WARNING: Shader Did you use #pragma only_renderers and omit this platform?
WARNING: Shader If subshaders removal was intentional, you may have forgotten turning Fallback off?
WARNING: Shader Unsupported: 'UnityChanToonShader/Tessellation/NoOutline/AngelRing/ToonColor_ShadingGradeMap' - All subshaders removed
WARNING: Shader Did you use #pragma only_renderers and omit this platform?
WARNING: Shader If subshaders removal was intentional, you may have forgotten turning Fallback off?
WARNING: Shader Unsupported: 'UnityChanToonShader/Tessellation/NoOutline/AngelRing/ToonColor_ShadingGradeMap' - All subshaders removed
WARNING: Shader Did you use #pragma only_renderers and omit this platform?
WARNING: Shader If subshaders removal was intentional, you may have forgotten turning Fallback off?
WARNING: Shader Unsupported: 'UnityChanToonShader/Mobile/Toon_DoubleShadeWithFeather_Clipping_StencilMask' - All subshaders removed
WARNING: Shader Did you use #pragma only_renderers and omit this platform?
WARNING: Shader If subshaders removal was intentional, you may have forgotten turning Fallback off?
WARNING: Shader Unsupported: 'UnityChanToonShader/Mobile/Toon_DoubleShadeWithFeather_Clipping_StencilMask' - All subshaders removed
WARNING: Shader Did you use #pragma only_renderers and omit this platform?
WARNING: Shader If subshaders removal was intentional, you may have forgotten turning Fallback off?
WARNING: Shader Unsupported: 'UnityChanToonShader/Mobile/Toon_ShadingGradeMap_TransClipping' - All subshaders removed
WARNING: Shader Did you use #pragma only_renderers and omit this platform?
WARNING: Shader If subshaders removal was intentional, you may have forgotten turning Fallback off?
WARNING: Shader Unsupported: 'UnityChanToonShader/Mobile/Toon_ShadingGradeMap_TransClipping' - All subshaders removed
WARNING: Shader Did you use #pragma only_renderers and omit this platform?
WARNING: Shader If subshaders removal was intentional, you may have forgotten turning Fallback off?
WARNING: Shader Unsupported: 'UnityChanToonShader/Mobile/Toon_ShadingGradeMap_StencilMask' - All subshaders removed
WARNING: Shader Did you use #pragma only_renderers and omit this platform?
WARNING: Shader If subshaders removal was intentional, you may have forgotten turning Fallback off?
WARNING: Shader Unsupported: 'UnityChanToonShader/Mobile/Toon_ShadingGradeMap_StencilMask' - All subshaders removed
WARNING: Shader Did you use #pragma only_renderers and omit this platform?
WARNING: Shader If subshaders removal was intentional, you may have forgotten turning Fallback off?
WARNING: Shader Unsupported: 'UnityChanToonShader/NoOutline/ToonColor_ShadingGradeMap_TransClipping_StencilMask' - All subshaders removed
WARNING: Shader Did you use #pragma only_renderers and omit this platform?
WARNING: Shader If subshaders removal was intentional, you may have forgotten turning Fallback off?
WARNING: Shader Unsupported: 'UnityChanToonShader/NoOutline/ToonColor_ShadingGradeMap_TransClipping_StencilMask' - All subshaders removed
WARNING: Shader Did you use #pragma only_renderers and omit this platform?
WARNING: Shader If subshaders removal was intentional, you may have forgotten turning Fallback off?
WARNING: Shader Unsupported: 'UnityChanToonShader/Tessellation/NoOutline/AngelRing/ToonColor_ShadingGradeMap_TransClipping_StencilOut' - All subshaders removed
WARNING: Shader Did you use #pragma only_renderers and omit this platform?
WARNING: Shader If subshaders removal was intentional, you may have forgotten turning Fallback off?
WARNING: Shader Unsupported: 'UnityChanToonShader/Tessellation/NoOutline/AngelRing/ToonColor_ShadingGradeMap_TransClipping_StencilOut' - All subshaders removed
WARNING: Shader Did you use #pragma only_renderers and omit this platform?
WARNING: Shader If subshaders removal was intentional, you may have forgotten turning Fallback off?
WARNING: Shader Unsupported: 'UnityChanToonShader/Mobile/Toon_DoubleShadeWithFeather_StencilMask' - All subshaders removed
WARNING: Shader Did you use #pragma only_renderers and omit this platform?
WARNING: Shader If subshaders removal was intentional, you may have forgotten turning Fallback off?
WARNING: Shader Unsupported: 'UnityChanToonShader/Mobile/Toon_DoubleShadeWithFeather_StencilMask' - All subshaders removed
WARNING: Shader Did you use #pragma only_renderers and omit this platform?
WARNING: Shader If subshaders removal was intentional, you may have forgotten turning Fallback off?
WARNING: Shader Unsupported: 'UnityChanToonShader/Tessellation/NoOutline/ToonColor_DoubleShadeWithFeather_TransClipping_StencilMask' - All subshaders removed
WARNING: Shader Did you use #pragma only_renderers and omit this platform?
WARNING: Shader If subshaders removal was intentional, you may have forgotten turning Fallback off?
WARNING: Shader Unsupported: 'UnityChanToonShader/Tessellation/NoOutline/ToonColor_DoubleShadeWithFeather_TransClipping_StencilMask' - All subshaders removed
WARNING: Shader Did you use #pragma only_renderers and omit this platform?
WARNING: Shader If subshaders removal was intentional, you may have forgotten turning Fallback off?
WARNING: Shader Unsupported: 'UnityChanToonShader/Tessellation/NoOutline/ToonColor_DoubleShadeWithFeather_Clipping' - All subshaders removed
WARNING: Shader Did you use #pragma only_renderers and omit this platform?
WARNING: Shader If subshaders removal was intentional, you may have forgotten turning Fallback off?
WARNING: Shader Unsupported: 'UnityChanToonShader/Tessellation/NoOutline/ToonColor_DoubleShadeWithFeather_Clipping' - All subshaders removed
WARNING: Shader Did you use #pragma only_renderers and omit this platform?
WARNING: Shader If subshaders removal was intentional, you may have forgotten turning Fallback off?
WARNING: Shader Unsupported: 'UnityChanToonShader/Tessellation/Light/Toon_ShadingGradeMap_StencilMask' - All subshaders removed
WARNING: Shader Did you use #pragma only_renderers and omit this platform?
WARNING: Shader If subshaders removal was intentional, you may have forgotten turning Fallback off?
WARNING: Shader Unsupported: 'UnityChanToonShader/Tessellation/Light/Toon_ShadingGradeMap_StencilMask' - All subshaders removed
WARNING: Shader Did you use #pragma only_renderers and omit this platform?
WARNING: Shader If subshaders removal was intentional, you may have forgotten turning Fallback off?
WARNING: Shader Unsupported: 'UnityChanToonShader/Tessellation/NoOutline/ToonColor_ShadingGradeMap_StencilMask' - All subshaders removed
WARNING: Shader Did you use #pragma only_renderers and omit this platform?
WARNING: Shader If subshaders removal was intentional, you may have forgotten turning Fallback off?
WARNING: Shader Unsupported: 'UnityChanToonShader/Tessellation/NoOutline/ToonColor_ShadingGradeMap_StencilMask' - All subshaders removed
WARNING: Shader Did you use #pragma only_renderers and omit this platform?
WARNING: Shader If subshaders removal was intentional, you may have forgotten turning Fallback off?
WARNING: Shader Unsupported: 'UnityChanToonShader/Tessellation/NoOutline/AngelRing/ToonColor_ShadingGradeMap_StencilOut' - All subshaders removed
WARNING: Shader Did you use #pragma only_renderers and omit this platform?
WARNING: Shader If subshaders removal was intentional, you may have forgotten turning Fallback off?
WARNING: Shader Unsupported: 'UnityChanToonShader/Tessellation/NoOutline/AngelRing/ToonColor_ShadingGradeMap_StencilOut' - All subshaders removed
WARNING: Shader Did you use #pragma only_renderers and omit this platform?
WARNING: Shader If subshaders removal was intentional, you may have forgotten turning Fallback off?
WARNING: Shader Unsupported: 'UnityChanToonShader/NoOutline/ToonColor_ShadingGradeMap_StencilOut' - All subshaders removed
WARNING: Shader Did you use #pragma only_renderers and omit this platform?
WARNING: Shader If subshaders removal was intentional, you may have forgotten turning Fallback off?
WARNING: Shader Unsupported: 'UnityChanToonShader/NoOutline/ToonColor_ShadingGradeMap_StencilOut' - All subshaders removed
WARNING: Shader Did you use #pragma only_renderers and omit this platform?
WARNING: Shader If subshaders removal was intentional, you may have forgotten turning Fallback off?
WARNING: Shader Unsupported: 'UnityChanToonShader/NoOutline/ToonColor_ShadingGradeMap' - All subshaders removed
WARNING: Shader Did you use #pragma only_renderers and omit this platform?
WARNING: Shader If subshaders removal was intentional, you may have forgotten turning Fallback off?
WARNING: Shader Unsupported: 'UnityChanToonShader/NoOutline/ToonColor_ShadingGradeMap' - All subshaders removed
WARNING: Shader Did you use #pragma only_renderers and omit this platform?
WARNING: Shader If subshaders removal was intentional, you may have forgotten turning Fallback off?
WARNING: Shader Unsupported: 'UnityChanToonShader/NoOutline/ToonColor_DoubleShadeWithFeather_Clipping' - All subshaders removed
WARNING: Shader Did you use #pragma only_renderers and omit this platform?
WARNING: Shader If subshaders removal was intentional, you may have forgotten turning Fallback off?
WARNING: Shader Unsupported: 'UnityChanToonShader/NoOutline/ToonColor_DoubleShadeWithFeather_Clipping' - All subshaders removed
WARNING: Shader Did you use #pragma only_renderers and omit this platform?
WARNING: Shader If subshaders removal was intentional, you may have forgotten turning Fallback off?
WARNING: Shader Unsupported: 'UnityChanToonShader/NoOutline/ToonColor_ShadingGradeMap_TransClipping_StencilOut' - All subshaders removed
WARNING: Shader Did you use #pragma only_renderers and omit this platform?
WARNING: Shader If subshaders removal was intentional, you may have forgotten turning Fallback off?
WARNING: Shader Unsupported: 'UnityChanToonShader/NoOutline/ToonColor_ShadingGradeMap_TransClipping_StencilOut' - All subshaders removed
WARNING: Shader Did you use #pragma only_renderers and omit this platform?
WARNING: Shader If subshaders removal was intentional, you may have forgotten turning Fallback off?
WARNING: Shader Unsupported: 'UnityChanToonShader/Tessellation/NoOutline/ToonColor_DoubleShadeWithFeather_TransClipping_StencilOut' - All subshaders removed
WARNING: Shader Did you use #pragma only_renderers and omit this platform?
WARNING: Shader If subshaders removal was intentional, you may have forgotten turning Fallback off?
WARNING: Shader Unsupported: 'UnityChanToonShader/Tessellation/NoOutline/ToonColor_DoubleShadeWithFeather_TransClipping_StencilOut' - All subshaders removed
WARNING: Shader Did you use #pragma only_renderers and omit this platform?
WARNING: Shader If subshaders removal was intentional, you may have forgotten turning Fallback off?
WARNING: Shader Unsupported: 'UnityChanToonShader/Tessellation/NoOutline/ToonColor_DoubleShadeWithFeather_Clipping_StencilOut' - All subshaders removed
WARNING: Shader Did you use #pragma only_renderers and omit this platform?
WARNING: Shader If subshaders removal was intentional, you may have forgotten turning Fallback off?
WARNING: Shader Unsupported: 'UnityChanToonShader/Tessellation/NoOutline/ToonColor_DoubleShadeWithFeather_Clipping_StencilOut' - All subshaders removed
WARNING: Shader Did you use #pragma only_renderers and omit this platform?
WARNING: Shader If subshaders removal was intentional, you may have forgotten turning Fallback off?
WARNING: Shader Unsupported: 'UnityChanToonShader/Tessellation/NoOutline/ToonColor_ShadingGradeMap_TransClipping' - All subshaders removed
WARNING: Shader Did you use #pragma only_renderers and omit this platform?
WARNING: Shader If subshaders removal was intentional, you may have forgotten turning Fallback off?
WARNING: Shader Unsupported: 'UnityChanToonShader/Tessellation/NoOutline/ToonColor_ShadingGradeMap_TransClipping' - All subshaders removed
WARNING: Shader Did you use #pragma only_renderers and omit this platform?
WARNING: Shader If subshaders removal was intentional, you may have forgotten turning Fallback off?
WARNING: Shader Unsupported: 'UnityChanToonShader/Tessellation/Light/Toon_ShadingGradeMap_StencilOut' - All subshaders removed
WARNING: Shader Did you use #pragma only_renderers and omit this platform?
WARNING: Shader If subshaders removal was intentional, you may have forgotten turning Fallback off?
WARNING: Shader Unsupported: 'UnityChanToonShader/Tessellation/Light/Toon_ShadingGradeMap_StencilOut' - All subshaders removed
WARNING: Shader Did you use #pragma only_renderers and omit this platform?
WARNING: Shader If subshaders removal was intentional, you may have forgotten turning Fallback off?
WARNING: Shader Unsupported: 'UnityChanToonShader/Mobile/AngelRing/Toon_ShadingGradeMap' - All subshaders removed
WARNING: Shader Did you use #pragma only_renderers and omit this platform?
WARNING: Shader If subshaders removal was intentional, you may have forgotten turning Fallback off?
WARNING: Shader Unsupported: 'UnityChanToonShader/Mobile/AngelRing/Toon_ShadingGradeMap' - All subshaders removed
WARNING: Shader Did you use #pragma only_renderers and omit this platform?
WARNING: Shader If subshaders removal was intentional, you may have forgotten turning Fallback off?
WARNING: Shader Unsupported: 'UnityChanToonShader/Tessellation/Light/AngelRing/Toon_ShadingGradeMap_StencilOut' - All subshaders removed
WARNING: Shader Did you use #pragma only_renderers and omit this platform?
WARNING: Shader If subshaders removal was intentional, you may have forgotten turning Fallback off?
WARNING: Shader Unsupported: 'UnityChanToonShader/Tessellation/Light/AngelRing/Toon_ShadingGradeMap_StencilOut' - All subshaders removed
WARNING: Shader Did you use #pragma only_renderers and omit this platform?
WARNING: Shader If subshaders removal was intentional, you may have forgotten turning Fallback off?
WARNING: Shader Unsupported: 'UnityChanToonShader/Tessellation/NoOutline/AngelRing/ToonColor_ShadingGradeMap_TransClipping' - All subshaders removed
WARNING: Shader Did you use #pragma only_renderers and omit this platform?
WARNING: Shader If subshaders removal was intentional, you may have forgotten turning Fallback off?
WARNING: Shader Unsupported: 'UnityChanToonShader/Tessellation/NoOutline/AngelRing/ToonColor_ShadingGradeMap_TransClipping' - All subshaders removed
WARNING: Shader Did you use #pragma only_renderers and omit this platform?
WARNING: Shader If subshaders removal was intentional, you may have forgotten turning Fallback off?
WARNING: Shader Unsupported: 'UnityChanToonShader/NoOutline/AngelRing/ToonColor_ShadingGradeMap_TransClipping' - All subshaders removed
WARNING: Shader Did you use #pragma only_renderers and omit this platform?
WARNING: Shader If subshaders removal was intentional, you may have forgotten turning Fallback off?
WARNING: Shader Unsupported: 'UnityChanToonShader/NoOutline/AngelRing/ToonColor_ShadingGradeMap_TransClipping' - All subshaders removed
WARNING: Shader Did you use #pragma only_renderers and omit this platform?
WARNING: Shader If subshaders removal was intentional, you may have forgotten turning Fallback off?
WARNING: Shader Unsupported: 'UnityChanToonShader/Mobile/Toon_ShadingGradeMap_TransClipping_StencilMask' - All subshaders removed
WARNING: Shader Did you use #pragma only_renderers and omit this platform?
WARNING: Shader If subshaders removal was intentional, you may have forgotten turning Fallback off?
WARNING: Shader Unsupported: 'UnityChanToonShader/Mobile/Toon_ShadingGradeMap_TransClipping_StencilMask' - All subshaders removed
WARNING: Shader Did you use #pragma only_renderers and omit this platform?
WARNING: Shader If subshaders removal was intentional, you may have forgotten turning Fallback off?
WARNING: Shader Unsupported: 'UnityChanToonShader/NoOutline/ToonColor_ShadingGradeMap_TransClipping' - All subshaders removed
WARNING: Shader Did you use #pragma only_renderers and omit this platform?
WARNING: Shader If subshaders removal was intentional, you may have forgotten turning Fallback off?
WARNING: Shader Unsupported: 'UnityChanToonShader/NoOutline/ToonColor_ShadingGradeMap_TransClipping' - All subshaders removed
WARNING: Shader Did you use #pragma only_renderers and omit this platform?
WARNING: Shader If subshaders removal was intentional, you may have forgotten turning Fallback off?
WARNING: Shader Unsupported: 'UnityChanToonShader/NoOutline/AngelRing/ToonColor_ShadingGradeMap_StencilOut' - All subshaders removed
WARNING: Shader Did you use #pragma only_renderers and omit this platform?
WARNING: Shader If subshaders removal was intentional, you may have forgotten turning Fallback off?
WARNING: Shader Unsupported: 'UnityChanToonShader/NoOutline/AngelRing/ToonColor_ShadingGradeMap_StencilOut' - All subshaders removed
WARNING: Shader Did you use #pragma only_renderers and omit this platform?
WARNING: Shader If subshaders removal was intentional, you may have forgotten turning Fallback off?
WARNING: Shader Unsupported: 'UnityChanToonShader/Tessellation/NoOutline/ToonColor_ShadingGradeMap_TransClipping_StencilMask' - All subshaders removed
WARNING: Shader Did you use #pragma only_renderers and omit this platform?
WARNING: Shader If subshaders removal was intentional, you may have forgotten turning Fallback off?
WARNING: Shader Unsupported: 'UnityChanToonShader/Tessellation/NoOutline/ToonColor_ShadingGradeMap_TransClipping_StencilMask' - All subshaders removed
WARNING: Shader Did you use #pragma only_renderers and omit this platform?
WARNING: Shader If subshaders removal was intentional, you may have forgotten turning Fallback off?
WARNING: Shader Unsupported: 'UnityChanToonShader/Tessellation/Light/Toon_ShadingGradeMap' - All subshaders removed
WARNING: Shader Did you use #pragma only_renderers and omit this platform?
WARNING: Shader If subshaders removal was intentional, you may have forgotten turning Fallback off?
WARNING: Shader Unsupported: 'UnityChanToonShader/Tessellation/Light/Toon_ShadingGradeMap' - All subshaders removed
WARNING: Shader Did you use #pragma only_renderers and omit this platform?
WARNING: Shader If subshaders removal was intentional, you may have forgotten turning Fallback off?
WARNING: Shader Unsupported: 'UnityChanToonShader/Tessellation/NoOutline/ToonColor_ShadingGradeMap_TransClipping_StencilOut' - All subshaders removed
WARNING: Shader Did you use #pragma only_renderers and omit this platform?
WARNING: Shader If subshaders removal was intentional, you may have forgotten turning Fallback off?
WARNING: Shader Unsupported: 'UnityChanToonShader/Tessellation/NoOutline/ToonColor_ShadingGradeMap_TransClipping_StencilOut' - All subshaders removed
WARNING: Shader Did you use #pragma only_renderers and omit this platform?
WARNING: Shader If subshaders removal was intentional, you may have forgotten turning Fallback off?
WARNING: Shader Unsupported: 'UnityChanToonShader/Tessellation/NoOutline/ToonColor_DoubleShadeWithFeather_StencilMask' - All subshaders removed
WARNING: Shader Did you use #pragma only_renderers and omit this platform?
WARNING: Shader If subshaders removal was intentional, you may have forgotten turning Fallback off?
WARNING: Shader Unsupported: 'UnityChanToonShader/Tessellation/NoOutline/ToonColor_DoubleShadeWithFeather_StencilMask' - All subshaders removed
WARNING: Shader Did you use #pragma only_renderers and omit this platform?
WARNING: Shader If subshaders removal was intentional, you may have forgotten turning Fallback off?
WARNING: Shader Unsupported: 'UnityChanToonShader/NoOutline/AngelRing/ToonColor_ShadingGradeMap' - All subshaders removed
WARNING: Shader Did you use #pragma only_renderers and omit this platform?
WARNING: Shader If subshaders removal was intentional, you may have forgotten turning Fallback off?
WARNING: Shader Unsupported: 'UnityChanToonShader/NoOutline/AngelRing/ToonColor_ShadingGradeMap' - All subshaders removed
WARNING: Shader Did you use #pragma only_renderers and omit this platform?
WARNING: Shader If subshaders removal was intentional, you may have forgotten turning Fallback off?
WARNING: Shader Unsupported: 'UnityChanToonShader/Tessellation/NoOutline/ToonColor_DoubleShadeWithFeather_TransClipping' - All subshaders removed
WARNING: Shader Did you use #pragma only_renderers and omit this platform?
WARNING: Shader If subshaders removal was intentional, you may have forgotten turning Fallback off?
WARNING: Shader Unsupported: 'UnityChanToonShader/Tessellation/NoOutline/ToonColor_DoubleShadeWithFeather_TransClipping' - All subshaders removed
WARNING: Shader Did you use #pragma only_renderers and omit this platform?
WARNING: Shader If subshaders removal was intentional, you may have forgotten turning Fallback off?
WARNING: Shader Unsupported: 'UnityChanToonShader/NoOutline/AngelRing/ToonColor_ShadingGradeMap_TransClipping_StencilOut' - All subshaders removed
WARNING: Shader Did you use #pragma only_renderers and omit this platform?
WARNING: Shader If subshaders removal was intentional, you may have forgotten turning Fallback off?
WARNING: Shader Unsupported: 'UnityChanToonShader/NoOutline/AngelRing/ToonColor_ShadingGradeMap_TransClipping_StencilOut' - All subshaders removed
WARNING: Shader Did you use #pragma only_renderers and omit this platform?
WARNING: Shader If subshaders removal was intentional, you may have forgotten turning Fallback off?
WARNING: Shader Unsupported: 'UnityChanToonShader/NoOutline/ToonColor_DoubleShadeWithFeather_TransClipping_StencilOut' - All subshaders removed
WARNING: Shader Did you use #pragma only_renderers and omit this platform?
WARNING: Shader If subshaders removal was intentional, you may have forgotten turning Fallback off?
WARNING: Shader Unsupported: 'UnityChanToonShader/NoOutline/ToonColor_DoubleShadeWithFeather_TransClipping_StencilOut' - All subshaders removed
WARNING: Shader Did you use #pragma only_renderers and omit this platform?
WARNING: Shader If subshaders removal was intentional, you may have forgotten turning Fallback off?
WARNING: Shader Unsupported: 'UnityChanToonShader/Mobile/Toon_DoubleShadeWithFeather_StencilOut' - All subshaders removed
WARNING: Shader Did you use #pragma only_renderers and omit this platform?
WARNING: Shader If subshaders removal was intentional, you may have forgotten turning Fallback off?
WARNING: Shader Unsupported: 'UnityChanToonShader/Mobile/Toon_DoubleShadeWithFeather_StencilOut' - All subshaders removed
WARNING: Shader Did you use #pragma only_renderers and omit this platform?
WARNING: Shader If subshaders removal was intentional, you may have forgotten turning Fallback off?
WARNING: Shader Unsupported: 'UnityChanToonShader/Tessellation/Light/Toon_DoubleShadeWithFeather_StencilMask' - All subshaders removed
WARNING: Shader Did you use #pragma only_renderers and omit this platform?
WARNING: Shader If subshaders removal was intentional, you may have forgotten turning Fallback off?
WARNING: Shader Unsupported: 'UnityChanToonShader/Tessellation/Light/Toon_DoubleShadeWithFeather_StencilMask' - All subshaders removed
WARNING: Shader Did you use #pragma only_renderers and omit this platform?
WARNING: Shader If subshaders removal was intentional, you may have forgotten turning Fallback off?
Refreshing native plugins compatible for Editor in 12.71 ms, found 4 plugins.
Preloading 0 native plugins for Editor in 0.00 ms.
Unloading 61 Unused Serialized files (Serialized files now loaded: 0)
Unloading 61 unused Assets / (10.4 MB). Loaded Objects now: 4095.
Memory consumption went from 110.3 MB to 100.0 MB.
Total: 8.391200 ms (FindLiveObjects: 0.306700 ms CreateObjectMapping: 0.102300 ms MarkObjects: 2.276600 ms  DeleteObjects: 5.704600 ms)

Prepare: number of updated asset objects reloaded= 0
AssetImportParameters requested are different than current active one (requested -> active):
  custom:container-demuxer-ogg: 62fdf1f143b41e24485cea50d1cbac27 -> 
  custom:video-codec-MediaFoundation-h265: 746d11721c4dcdbdad8f713fa42b33f4 -> 
  custom:video-decoder-ogg-theora: a1e56fd34408186e4bbccfd4996cb3dc -> 
  custom:framework-win-MediaFoundation: 216162199b28c13a410421893ffa2e32 -> 
  custom:CustomObjectIndexerAttribute: 9a22284fe3817be447336de3de66b15e -> 
  custom:container-demuxer-webm: 4f35f7cbe854078d1ac9338744f61a02 -> 
  custom:container-muxer-webm: aa71ff27fc2769a1b78a27578f13a17b -> 
  custom:video-decoder-webm-vp8: 9c59270c3fd7afecdb556c50c9e8de78 -> 
  custom:SearchIndexIgnoredProperties: e643bd26f0fe6173181afceb89e7c659 -> 
  custom:AudioImporter_EditorPlatform: d09bf68614088b80899f8185d706f6e7 -> 
  custom:video-encoder-webm-vp8: eb34c28f22e8b96e1ab97ce403110664 -> 
  custom:audio-decoder-ogg-vorbis: bf7c407c2cedff20999df2af8eb42d56 -> 
  custom:audio-encoder-webm-vorbis: bf7c407c2cedff20999df2af8eb42d56 -> 
========================================================================
Received Prepare
WARNING: Shader Unsupported: 'UnityChanToonShader/NoOutline/ToonColor_ShadingGradeMap_StencilMask' - All subshaders removed
WARNING: Shader Did you use #pragma only_renderers and omit this platform?
WARNING: Shader If subshaders removal was intentional, you may have forgotten turning Fallback off?
WARNING: Shader Unsupported: 'UnityChanToonShader/NoOutline/ToonColor_ShadingGradeMap_StencilMask' - All subshaders removed
WARNING: Shader Did you use #pragma only_renderers and omit this platform?
WARNING: Shader If subshaders removal was intentional, you may have forgotten turning Fallback off?
WARNING: Shader Unsupported: 'UnityChanToonShader/Tessellation/Light/Toon_DoubleShadeWithFeather_StencilOut' - All subshaders removed
WARNING: Shader Did you use #pragma only_renderers and omit this platform?
WARNING: Shader If subshaders removal was intentional, you may have forgotten turning Fallback off?
WARNING: Shader Unsupported: 'UnityChanToonShader/Tessellation/Light/Toon_DoubleShadeWithFeather_StencilOut' - All subshaders removed
WARNING: Shader Did you use #pragma only_renderers and omit this platform?
WARNING: Shader If subshaders removal was intentional, you may have forgotten turning Fallback off?
WARNING: Shader Unsupported: 'UnityChanToonShader/Tessellation/NoOutline/ToonColor_DoubleShadeWithFeather_StencilOut' - All subshaders removed
WARNING: Shader Did you use #pragma only_renderers and omit this platform?
WARNING: Shader If subshaders removal was intentional, you may have forgotten turning Fallback off?
WARNING: Shader Unsupported: 'UnityChanToonShader/Tessellation/NoOutline/ToonColor_DoubleShadeWithFeather_StencilOut' - All subshaders removed
WARNING: Shader Did you use #pragma only_renderers and omit this platform?
WARNING: Shader If subshaders removal was intentional, you may have forgotten turning Fallback off?
WARNING: Shader Unsupported: 'UnityChanToonShader/Mobile/Toon_DoubleShadeWithFeather_Clipping' - All subshaders removed
WARNING: Shader Did you use #pragma only_renderers and omit this platform?
WARNING: Shader If subshaders removal was intentional, you may have forgotten turning Fallback off?
WARNING: Shader Unsupported: 'UnityChanToonShader/Mobile/Toon_DoubleShadeWithFeather_Clipping' - All subshaders removed
WARNING: Shader Did you use #pragma only_renderers and omit this platform?
WARNING: Shader If subshaders removal was intentional, you may have forgotten turning Fallback off?
WARNING: Shader Unsupported: 'UnityChanToonShader/NoOutline/ToonColor_DoubleShadeWithFeather_Clipping_StencilOut' - All subshaders removed
WARNING: Shader Did you use #pragma only_renderers and omit this platform?
WARNING: Shader If subshaders removal was intentional, you may have forgotten turning Fallback off?
WARNING: Shader Unsupported: 'UnityChanToonShader/NoOutline/ToonColor_DoubleShadeWithFeather_Clipping_StencilOut' - All subshaders removed
WARNING: Shader Did you use #pragma only_renderers and omit this platform?
WARNING: Shader If subshaders removal was intentional, you may have forgotten turning Fallback off?
WARNING: Shader Unsupported: 'UnityChanToonShader/NoOutline/ToonColor_DoubleShadeWithFeather_StencilOut' - All subshaders removed
WARNING: Shader Did you use #pragma only_renderers and omit this platform?
WARNING: Shader If subshaders removal was intentional, you may have forgotten turning Fallback off?
WARNING: Shader Unsupported: 'UnityChanToonShader/NoOutline/ToonColor_DoubleShadeWithFeather_StencilOut' - All subshaders removed
WARNING: Shader Did you use #pragma only_renderers and omit this platform?
WARNING: Shader If subshaders removal was intentional, you may have forgotten turning Fallback off?
WARNING: Shader Unsupported: 'UnityChanToonShader/NoOutline/ToonColor_DoubleShadeWithFeather_StencilMask' - All subshaders removed
WARNING: Shader Did you use #pragma only_renderers and omit this platform?
WARNING: Shader If subshaders removal was intentional, you may have forgotten turning Fallback off?
WARNING: Shader Unsupported: 'UnityChanToonShader/NoOutline/ToonColor_DoubleShadeWithFeather_StencilMask' - All subshaders removed
WARNING: Shader Did you use #pragma only_renderers and omit this platform?
WARNING: Shader If subshaders removal was intentional, you may have forgotten turning Fallback off?
WARNING: Shader Unsupported: 'UnityChanToonShader/Tessellation/NoOutline/ToonColor_ShadingGradeMap' - All subshaders removed
WARNING: Shader Did you use #pragma only_renderers and omit this platform?
WARNING: Shader If subshaders removal was intentional, you may have forgotten turning Fallback off?
WARNING: Shader Unsupported: 'UnityChanToonShader/Tessellation/NoOutline/ToonColor_ShadingGradeMap' - All subshaders removed
WARNING: Shader Did you use #pragma only_renderers and omit this platform?
WARNING: Shader If subshaders removal was intentional, you may have forgotten turning Fallback off?
WARNING: Shader Unsupported: 'UnityChanToonShader/Tessellation/NoOutline/ToonColor_DoubleShadeWithFeather' - All subshaders removed
WARNING: Shader Did you use #pragma only_renderers and omit this platform?
WARNING: Shader If subshaders removal was intentional, you may have forgotten turning Fallback off?
WARNING: Shader Unsupported: 'UnityChanToonShader/Tessellation/NoOutline/ToonColor_DoubleShadeWithFeather' - All subshaders removed
WARNING: Shader Did you use #pragma only_renderers and omit this platform?
WARNING: Shader If subshaders removal was intentional, you may have forgotten turning Fallback off?
WARNING: Shader Unsupported: 'UnityChanToonShader/Mobile/Toon_ShadingGradeMap_StencilOut' - All subshaders removed
WARNING: Shader Did you use #pragma only_renderers and omit this platform?
WARNING: Shader If subshaders removal was intentional, you may have forgotten turning Fallback off?
WARNING: Shader Unsupported: 'UnityChanToonShader/Mobile/Toon_ShadingGradeMap_StencilOut' - All subshaders removed
WARNING: Shader Did you use #pragma only_renderers and omit this platform?
WARNING: Shader If subshaders removal was intentional, you may have forgotten turning Fallback off?
WARNING: Shader Unsupported: 'UnityChanToonShader/NoOutline/ToonColor_DoubleShadeWithFeather_TransClipping_StencilMask' - All subshaders removed
WARNING: Shader Did you use #pragma only_renderers and omit this platform?
WARNING: Shader If subshaders removal was intentional, you may have forgotten turning Fallback off?
WARNING: Shader Unsupported: 'UnityChanToonShader/NoOutline/ToonColor_DoubleShadeWithFeather_TransClipping_StencilMask' - All subshaders removed
WARNING: Shader Did you use #pragma only_renderers and omit this platform?
WARNING: Shader If subshaders removal was intentional, you may have forgotten turning Fallback off?
WARNING: Shader Unsupported: 'UnityChanToonShader/Tessellation/NoOutline/ToonColor_DoubleShadeWithFeather_Clipping_StencilMask' - All subshaders removed
WARNING: Shader Did you use #pragma only_renderers and omit this platform?
WARNING: Shader If subshaders removal was intentional, you may have forgotten turning Fallback off?
WARNING: Shader Unsupported: 'UnityChanToonShader/Tessellation/NoOutline/ToonColor_DoubleShadeWithFeather_Clipping_StencilMask' - All subshaders removed
WARNING: Shader Did you use #pragma only_renderers and omit this platform?
WARNING: Shader If subshaders removal was intentional, you may have forgotten turning Fallback off?
WARNING: Shader Unsupported: 'UnityChanToonShader/Mobile/Toon_DoubleShadeWithFeather' - All subshaders removed
WARNING: Shader Did you use #pragma only_renderers and omit this platform?
WARNING: Shader If subshaders removal was intentional, you may have forgotten turning Fallback off?
WARNING: Shader Unsupported: 'UnityChanToonShader/Mobile/Toon_DoubleShadeWithFeather' - All subshaders removed
WARNING: Shader Did you use #pragma only_renderers and omit this platform?
WARNING: Shader If subshaders removal was intentional, you may have forgotten turning Fallback off?
WARNING: Shader Unsupported: 'UnityChanToonShader/Mobile/Toon_DoubleShadeWithFeather_TransClipping_StencilMask' - All subshaders removed
WARNING: Shader Did you use #pragma only_renderers and omit this platform?
WARNING: Shader If subshaders removal was intentional, you may have forgotten turning Fallback off?
WARNING: Shader Unsupported: 'UnityChanToonShader/Mobile/Toon_DoubleShadeWithFeather_TransClipping_StencilMask' - All subshaders removed
WARNING: Shader Did you use #pragma only_renderers and omit this platform?
WARNING: Shader If subshaders removal was intentional, you may have forgotten turning Fallback off?
WARNING: Shader Unsupported: 'UnityChanToonShader/NoOutline/ToonColor_DoubleShadeWithFeather_Clipping_StencilMask' - All subshaders removed
WARNING: Shader Did you use #pragma only_renderers and omit this platform?
WARNING: Shader If subshaders removal was intentional, you may have forgotten turning Fallback off?
WARNING: Shader Unsupported: 'UnityChanToonShader/NoOutline/ToonColor_DoubleShadeWithFeather_Clipping_StencilMask' - All subshaders removed
WARNING: Shader Did you use #pragma only_renderers and omit this platform?
WARNING: Shader If subshaders removal was intentional, you may have forgotten turning Fallback off?
WARNING: Shader Unsupported: 'UnityChanToonShader/Tessellation/Light/AngelRing/Toon_ShadingGradeMap' - All subshaders removed
WARNING: Shader Did you use #pragma only_renderers and omit this platform?
WARNING: Shader If subshaders removal was intentional, you may have forgotten turning Fallback off?
WARNING: Shader Unsupported: 'UnityChanToonShader/Tessellation/Light/AngelRing/Toon_ShadingGradeMap' - All subshaders removed
WARNING: Shader Did you use #pragma only_renderers and omit this platform?
WARNING: Shader If subshaders removal was intentional, you may have forgotten turning Fallback off?
WARNING: Shader Unsupported: 'UnityChanToonShader/Mobile/Toon_ShadingGradeMap' - All subshaders removed
WARNING: Shader Did you use #pragma only_renderers and omit this platform?
WARNING: Shader If subshaders removal was intentional, you may have forgotten turning Fallback off?
WARNING: Shader Unsupported: 'UnityChanToonShader/Mobile/Toon_ShadingGradeMap' - All subshaders removed
WARNING: Shader Did you use #pragma only_renderers and omit this platform?
WARNING: Shader If subshaders removal was intentional, you may have forgotten turning Fallback off?
WARNING: Shader Unsupported: 'UnityChanToonShader/Mobile/Toon_DoubleShadeWithFeather_TransClipping' - All subshaders removed
WARNING: Shader Did you use #pragma only_renderers and omit this platform?
WARNING: Shader If subshaders removal was intentional, you may have forgotten turning Fallback off?
WARNING: Shader Unsupported: 'UnityChanToonShader/Mobile/Toon_DoubleShadeWithFeather_TransClipping' - All subshaders removed
WARNING: Shader Did you use #pragma only_renderers and omit this platform?
WARNING: Shader If subshaders removal was intentional, you may have forgotten turning Fallback off?
WARNING: Shader Unsupported: 'UnityChanToonShader/Tessellation/Light/Toon_DoubleShadeWithFeather' - All subshaders removed
WARNING: Shader Did you use #pragma only_renderers and omit this platform?
WARNING: Shader If subshaders removal was intentional, you may have forgotten turning Fallback off?
WARNING: Shader Unsupported: 'UnityChanToonShader/Tessellation/Light/Toon_DoubleShadeWithFeather' - All subshaders removed
WARNING: Shader Did you use #pragma only_renderers and omit this platform?
WARNING: Shader If subshaders removal was intentional, you may have forgotten turning Fallback off?
WARNING: Shader Unsupported: 'UnityChanToonShader/NoOutline/ToonColor_DoubleShadeWithFeather_TransClipping' - All subshaders removed
WARNING: Shader Did you use #pragma only_renderers and omit this platform?
WARNING: Shader If subshaders removal was intentional, you may have forgotten turning Fallback off?
WARNING: Shader Unsupported: 'UnityChanToonShader/NoOutline/ToonColor_DoubleShadeWithFeather_TransClipping' - All subshaders removed
WARNING: Shader Did you use #pragma only_renderers and omit this platform?
WARNING: Shader If subshaders removal was intentional, you may have forgotten turning Fallback off?
WARNING: Shader Unsupported: 'UnityChanToonShader/Tessellation/NoOutline/ToonColor_ShadingGradeMap_StencilOut' - All subshaders removed
WARNING: Shader Did you use #pragma only_renderers and omit this platform?
WARNING: Shader If subshaders removal was intentional, you may have forgotten turning Fallback off?
WARNING: Shader Unsupported: 'UnityChanToonShader/Tessellation/NoOutline/ToonColor_ShadingGradeMap_StencilOut' - All subshaders removed
WARNING: Shader Did you use #pragma only_renderers and omit this platform?
WARNING: Shader If subshaders removal was intentional, you may have forgotten turning Fallback off?
WARNING: Shader Unsupported: 'UnityChanToonShader/NoOutline/ToonColor_DoubleShadeWithFeather' - All subshaders removed
WARNING: Shader Did you use #pragma only_renderers and omit this platform?
WARNING: Shader If subshaders removal was intentional, you may have forgotten turning Fallback off?
WARNING: Shader Unsupported: 'UnityChanToonShader/NoOutline/ToonColor_DoubleShadeWithFeather' - All subshaders removed
WARNING: Shader Did you use #pragma only_renderers and omit this platform?
WARNING: Shader If subshaders removal was intentional, you may have forgotten turning Fallback off?
WARNING: Shader Unsupported: 'UnityChanToonShader/Mobile/AngelRing/Toon_ShadingGradeMap_StencilOut' - All subshaders removed
WARNING: Shader Did you use #pragma only_renderers and omit this platform?
WARNING: Shader If subshaders removal was intentional, you may have forgotten turning Fallback off?
WARNING: Shader Unsupported: 'UnityChanToonShader/Mobile/AngelRing/Toon_ShadingGradeMap_StencilOut' - All subshaders removed
WARNING: Shader Did you use #pragma only_renderers and omit this platform?
WARNING: Shader If subshaders removal was intentional, you may have forgotten turning Fallback off?
WARNING: Shader Unsupported: 'UnityChanToonShader/Tessellation/NoOutline/AngelRing/ToonColor_ShadingGradeMap' - All subshaders removed
WARNING: Shader Did you use #pragma only_renderers and omit this platform?
WARNING: Shader If subshaders removal was intentional, you may have forgotten turning Fallback off?
WARNING: Shader Unsupported: 'UnityChanToonShader/Tessellation/NoOutline/AngelRing/ToonColor_ShadingGradeMap' - All subshaders removed
WARNING: Shader Did you use #pragma only_renderers and omit this platform?
WARNING: Shader If subshaders removal was intentional, you may have forgotten turning Fallback off?
WARNING: Shader Unsupported: 'UnityChanToonShader/Mobile/Toon_DoubleShadeWithFeather_Clipping_StencilMask' - All subshaders removed
WARNING: Shader Did you use #pragma only_renderers and omit this platform?
WARNING: Shader If subshaders removal was intentional, you may have forgotten turning Fallback off?
WARNING: Shader Unsupported: 'UnityChanToonShader/Mobile/Toon_DoubleShadeWithFeather_Clipping_StencilMask' - All subshaders removed
WARNING: Shader Did you use #pragma only_renderers and omit this platform?
WARNING: Shader If subshaders removal was intentional, you may have forgotten turning Fallback off?
WARNING: Shader Unsupported: 'UnityChanToonShader/Mobile/Toon_ShadingGradeMap_TransClipping' - All subshaders removed
WARNING: Shader Did you use #pragma only_renderers and omit this platform?
WARNING: Shader If subshaders removal was intentional, you may have forgotten turning Fallback off?
WARNING: Shader Unsupported: 'UnityChanToonShader/Mobile/Toon_ShadingGradeMap_TransClipping' - All subshaders removed
WARNING: Shader Did you use #pragma only_renderers and omit this platform?
WARNING: Shader If subshaders removal was intentional, you may have forgotten turning Fallback off?
WARNING: Shader Unsupported: 'UnityChanToonShader/Mobile/Toon_ShadingGradeMap_StencilMask' - All subshaders removed
WARNING: Shader Did you use #pragma only_renderers and omit this platform?
WARNING: Shader If subshaders removal was intentional, you may have forgotten turning Fallback off?
WARNING: Shader Unsupported: 'UnityChanToonShader/Mobile/Toon_ShadingGradeMap_StencilMask' - All subshaders removed
WARNING: Shader Did you use #pragma only_renderers and omit this platform?
WARNING: Shader If subshaders removal was intentional, you may have forgotten turning Fallback off?
WARNING: Shader Unsupported: 'UnityChanToonShader/NoOutline/ToonColor_ShadingGradeMap_TransClipping_StencilMask' - All subshaders removed
WARNING: Shader Did you use #pragma only_renderers and omit this platform?
WARNING: Shader If subshaders removal was intentional, you may have forgotten turning Fallback off?
WARNING: Shader Unsupported: 'UnityChanToonShader/NoOutline/ToonColor_ShadingGradeMap_TransClipping_StencilMask' - All subshaders removed
WARNING: Shader Did you use #pragma only_renderers and omit this platform?
WARNING: Shader If subshaders removal was intentional, you may have forgotten turning Fallback off?
WARNING: Shader Unsupported: 'UnityChanToonShader/Tessellation/NoOutline/AngelRing/ToonColor_ShadingGradeMap_TransClipping_StencilOut' - All subshaders removed
WARNING: Shader Did you use #pragma only_renderers and omit this platform?
WARNING: Shader If subshaders removal was intentional, you may have forgotten turning Fallback off?
WARNING: Shader Unsupported: 'UnityChanToonShader/Tessellation/NoOutline/AngelRing/ToonColor_ShadingGradeMap_TransClipping_StencilOut' - All subshaders removed
WARNING: Shader Did you use #pragma only_renderers and omit this platform?
WARNING: Shader If subshaders removal was intentional, you may have forgotten turning Fallback off?
WARNING: Shader Unsupported: 'UnityChanToonShader/Mobile/Toon_DoubleShadeWithFeather_StencilMask' - All subshaders removed
WARNING: Shader Did you use #pragma only_renderers and omit this platform?
WARNING: Shader If subshaders removal was intentional, you may have forgotten turning Fallback off?
WARNING: Shader Unsupported: 'UnityChanToonShader/Mobile/Toon_DoubleShadeWithFeather_StencilMask' - All subshaders removed
WARNING: Shader Did you use #pragma only_renderers and omit this platform?
WARNING: Shader If subshaders removal was intentional, you may have forgotten turning Fallback off?
WARNING: Shader Unsupported: 'UnityChanToonShader/Tessellation/NoOutline/ToonColor_DoubleShadeWithFeather_TransClipping_StencilMask' - All subshaders removed
WARNING: Shader Did you use #pragma only_renderers and omit this platform?
WARNING: Shader If subshaders removal was intentional, you may have forgotten turning Fallback off?
WARNING: Shader Unsupported: 'UnityChanToonShader/Tessellation/NoOutline/ToonColor_DoubleShadeWithFeather_TransClipping_StencilMask' - All subshaders removed
WARNING: Shader Did you use #pragma only_renderers and omit this platform?
WARNING: Shader If subshaders removal was intentional, you may have forgotten turning Fallback off?
WARNING: Shader Unsupported: 'UnityChanToonShader/Tessellation/NoOutline/ToonColor_DoubleShadeWithFeather_Clipping' - All subshaders removed
WARNING: Shader Did you use #pragma only_renderers and omit this platform?
WARNING: Shader If subshaders removal was intentional, you may have forgotten turning Fallback off?
WARNING: Shader Unsupported: 'UnityChanToonShader/Tessellation/NoOutline/ToonColor_DoubleShadeWithFeather_Clipping' - All subshaders removed
WARNING: Shader Did you use #pragma only_renderers and omit this platform?
WARNING: Shader If subshaders removal was intentional, you may have forgotten turning Fallback off?
WARNING: Shader Unsupported: 'UnityChanToonShader/Tessellation/Light/Toon_ShadingGradeMap_StencilMask' - All subshaders removed
WARNING: Shader Did you use #pragma only_renderers and omit this platform?
WARNING: Shader If subshaders removal was intentional, you may have forgotten turning Fallback off?
WARNING: Shader Unsupported: 'UnityChanToonShader/Tessellation/Light/Toon_ShadingGradeMap_StencilMask' - All subshaders removed
WARNING: Shader Did you use #pragma only_renderers and omit this platform?
WARNING: Shader If subshaders removal was intentional, you may have forgotten turning Fallback off?
WARNING: Shader Unsupported: 'UnityChanToonShader/Tessellation/NoOutline/ToonColor_ShadingGradeMap_StencilMask' - All subshaders removed
WARNING: Shader Did you use #pragma only_renderers and omit this platform?
WARNING: Shader If subshaders removal was intentional, you may have forgotten turning Fallback off?
WARNING: Shader Unsupported: 'UnityChanToonShader/Tessellation/NoOutline/ToonColor_ShadingGradeMap_StencilMask' - All subshaders removed
WARNING: Shader Did you use #pragma only_renderers and omit this platform?
WARNING: Shader If subshaders removal was intentional, you may have forgotten turning Fallback off?
WARNING: Shader Unsupported: 'UnityChanToonShader/Tessellation/NoOutline/AngelRing/ToonColor_ShadingGradeMap_StencilOut' - All subshaders removed
WARNING: Shader Did you use #pragma only_renderers and omit this platform?
WARNING: Shader If subshaders removal was intentional, you may have forgotten turning Fallback off?
WARNING: Shader Unsupported: 'UnityChanToonShader/Tessellation/NoOutline/AngelRing/ToonColor_ShadingGradeMap_StencilOut' - All subshaders removed
WARNING: Shader Did you use #pragma only_renderers and omit this platform?
WARNING: Shader If subshaders removal was intentional, you may have forgotten turning Fallback off?
WARNING: Shader Unsupported: 'UnityChanToonShader/NoOutline/ToonColor_ShadingGradeMap_StencilOut' - All subshaders removed
WARNING: Shader Did you use #pragma only_renderers and omit this platform?
WARNING: Shader If subshaders removal was intentional, you may have forgotten turning Fallback off?
WARNING: Shader Unsupported: 'UnityChanToonShader/NoOutline/ToonColor_ShadingGradeMap_StencilOut' - All subshaders removed
WARNING: Shader Did you use #pragma only_renderers and omit this platform?
WARNING: Shader If subshaders removal was intentional, you may have forgotten turning Fallback off?
WARNING: Shader Unsupported: 'UnityChanToonShader/NoOutline/ToonColor_ShadingGradeMap' - All subshaders removed
WARNING: Shader Did you use #pragma only_renderers and omit this platform?
WARNING: Shader If subshaders removal was intentional, you may have forgotten turning Fallback off?
WARNING: Shader Unsupported: 'UnityChanToonShader/NoOutline/ToonColor_ShadingGradeMap' - All subshaders removed
WARNING: Shader Did you use #pragma only_renderers and omit this platform?
WARNING: Shader If subshaders removal was intentional, you may have forgotten turning Fallback off?
WARNING: Shader Unsupported: 'UnityChanToonShader/NoOutline/ToonColor_DoubleShadeWithFeather_Clipping' - All subshaders removed
WARNING: Shader Did you use #pragma only_renderers and omit this platform?
WARNING: Shader If subshaders removal was intentional, you may have forgotten turning Fallback off?
WARNING: Shader Unsupported: 'UnityChanToonShader/NoOutline/ToonColor_DoubleShadeWithFeather_Clipping' - All subshaders removed
WARNING: Shader Did you use #pragma only_renderers and omit this platform?
WARNING: Shader If subshaders removal was intentional, you may have forgotten turning Fallback off?
WARNING: Shader Unsupported: 'UnityChanToonShader/NoOutline/ToonColor_ShadingGradeMap_TransClipping_StencilOut' - All subshaders removed
WARNING: Shader Did you use #pragma only_renderers and omit this platform?
WARNING: Shader If subshaders removal was intentional, you may have forgotten turning Fallback off?
WARNING: Shader Unsupported: 'UnityChanToonShader/NoOutline/ToonColor_ShadingGradeMap_TransClipping_StencilOut' - All subshaders removed
WARNING: Shader Did you use #pragma only_renderers and omit this platform?
WARNING: Shader If subshaders removal was intentional, you may have forgotten turning Fallback off?
WARNING: Shader Unsupported: 'UnityChanToonShader/Tessellation/NoOutline/ToonColor_DoubleShadeWithFeather_TransClipping_StencilOut' - All subshaders removed
WARNING: Shader Did you use #pragma only_renderers and omit this platform?
WARNING: Shader If subshaders removal was intentional, you may have forgotten turning Fallback off?
WARNING: Shader Unsupported: 'UnityChanToonShader/Tessellation/NoOutline/ToonColor_DoubleShadeWithFeather_TransClipping_StencilOut' - All subshaders removed
WARNING: Shader Did you use #pragma only_renderers and omit this platform?
WARNING: Shader If subshaders removal was intentional, you may have forgotten turning Fallback off?
WARNING: Shader Unsupported: 'UnityChanToonShader/Tessellation/NoOutline/ToonColor_DoubleShadeWithFeather_Clipping_StencilOut' - All subshaders removed
WARNING: Shader Did you use #pragma only_renderers and omit this platform?
WARNING: Shader If subshaders removal was intentional, you may have forgotten turning Fallback off?
WARNING: Shader Unsupported: 'UnityChanToonShader/Tessellation/NoOutline/ToonColor_DoubleShadeWithFeather_Clipping_StencilOut' - All subshaders removed
WARNING: Shader Did you use #pragma only_renderers and omit this platform?
WARNING: Shader If subshaders removal was intentional, you may have forgotten turning Fallback off?
WARNING: Shader Unsupported: 'UnityChanToonShader/Tessellation/NoOutline/ToonColor_ShadingGradeMap_TransClipping' - All subshaders removed
WARNING: Shader Did you use #pragma only_renderers and omit this platform?
WARNING: Shader If subshaders removal was intentional, you may have forgotten turning Fallback off?
WARNING: Shader Unsupported: 'UnityChanToonShader/Tessellation/NoOutline/ToonColor_ShadingGradeMap_TransClipping' - All subshaders removed
WARNING: Shader Did you use #pragma only_renderers and omit this platform?
WARNING: Shader If subshaders removal was intentional, you may have forgotten turning Fallback off?
WARNING: Shader Unsupported: 'UnityChanToonShader/Tessellation/Light/Toon_ShadingGradeMap_StencilOut' - All subshaders removed
WARNING: Shader Did you use #pragma only_renderers and omit this platform?
WARNING: Shader If subshaders removal was intentional, you may have forgotten turning Fallback off?
WARNING: Shader Unsupported: 'UnityChanToonShader/Tessellation/Light/Toon_ShadingGradeMap_StencilOut' - All subshaders removed
WARNING: Shader Did you use #pragma only_renderers and omit this platform?
WARNING: Shader If subshaders removal was intentional, you may have forgotten turning Fallback off?
WARNING: Shader Unsupported: 'UnityChanToonShader/Mobile/AngelRing/Toon_ShadingGradeMap' - All subshaders removed
WARNING: Shader Did you use #pragma only_renderers and omit this platform?
WARNING: Shader If subshaders removal was intentional, you may have forgotten turning Fallback off?
WARNING: Shader Unsupported: 'UnityChanToonShader/Mobile/AngelRing/Toon_ShadingGradeMap' - All subshaders removed
WARNING: Shader Did you use #pragma only_renderers and omit this platform?
WARNING: Shader If subshaders removal was intentional, you may have forgotten turning Fallback off?
WARNING: Shader Unsupported: 'UnityChanToonShader/Tessellation/Light/AngelRing/Toon_ShadingGradeMap_StencilOut' - All subshaders removed
WARNING: Shader Did you use #pragma only_renderers and omit this platform?
WARNING: Shader If subshaders removal was intentional, you may have forgotten turning Fallback off?
WARNING: Shader Unsupported: 'UnityChanToonShader/Tessellation/Light/AngelRing/Toon_ShadingGradeMap_StencilOut' - All subshaders removed
WARNING: Shader Did you use #pragma only_renderers and omit this platform?
WARNING: Shader If subshaders removal was intentional, you may have forgotten turning Fallback off?
WARNING: Shader Unsupported: 'UnityChanToonShader/Tessellation/NoOutline/AngelRing/ToonColor_ShadingGradeMap_TransClipping' - All subshaders removed
WARNING: Shader Did you use #pragma only_renderers and omit this platform?
WARNING: Shader If subshaders removal was intentional, you may have forgotten turning Fallback off?
WARNING: Shader Unsupported: 'UnityChanToonShader/Tessellation/NoOutline/AngelRing/ToonColor_ShadingGradeMap_TransClipping' - All subshaders removed
WARNING: Shader Did you use #pragma only_renderers and omit this platform?
WARNING: Shader If subshaders removal was intentional, you may have forgotten turning Fallback off?
WARNING: Shader Unsupported: 'UnityChanToonShader/NoOutline/AngelRing/ToonColor_ShadingGradeMap_TransClipping' - All subshaders removed
WARNING: Shader Did you use #pragma only_renderers and omit this platform?
WARNING: Shader If subshaders removal was intentional, you may have forgotten turning Fallback off?
WARNING: Shader Unsupported: 'UnityChanToonShader/NoOutline/AngelRing/ToonColor_ShadingGradeMap_TransClipping' - All subshaders removed
WARNING: Shader Did you use #pragma only_renderers and omit this platform?
WARNING: Shader If subshaders removal was intentional, you may have forgotten turning Fallback off?
WARNING: Shader Unsupported: 'UnityChanToonShader/Mobile/Toon_ShadingGradeMap_TransClipping_StencilMask' - All subshaders removed
WARNING: Shader Did you use #pragma only_renderers and omit this platform?
WARNING: Shader If subshaders removal was intentional, you may have forgotten turning Fallback off?
WARNING: Shader Unsupported: 'UnityChanToonShader/Mobile/Toon_ShadingGradeMap_TransClipping_StencilMask' - All subshaders removed
WARNING: Shader Did you use #pragma only_renderers and omit this platform?
WARNING: Shader If subshaders removal was intentional, you may have forgotten turning Fallback off?
WARNING: Shader Unsupported: 'UnityChanToonShader/NoOutline/ToonColor_ShadingGradeMap_TransClipping' - All subshaders removed
WARNING: Shader Did you use #pragma only_renderers and omit this platform?
WARNING: Shader If subshaders removal was intentional, you may have forgotten turning Fallback off?
WARNING: Shader Unsupported: 'UnityChanToonShader/NoOutline/ToonColor_ShadingGradeMap_TransClipping' - All subshaders removed
WARNING: Shader Did you use #pragma only_renderers and omit this platform?
WARNING: Shader If subshaders removal was intentional, you may have forgotten turning Fallback off?
WARNING: Shader Unsupported: 'UnityChanToonShader/NoOutline/AngelRing/ToonColor_ShadingGradeMap_StencilOut' - All subshaders removed
WARNING: Shader Did you use #pragma only_renderers and omit this platform?
WARNING: Shader If subshaders removal was intentional, you may have forgotten turning Fallback off?
WARNING: Shader Unsupported: 'UnityChanToonShader/NoOutline/AngelRing/ToonColor_ShadingGradeMap_StencilOut' - All subshaders removed
WARNING: Shader Did you use #pragma only_renderers and omit this platform?
WARNING: Shader If subshaders removal was intentional, you may have forgotten turning Fallback off?
WARNING: Shader Unsupported: 'UnityChanToonShader/Tessellation/NoOutline/ToonColor_ShadingGradeMap_TransClipping_StencilMask' - All subshaders removed
WARNING: Shader Did you use #pragma only_renderers and omit this platform?
WARNING: Shader If subshaders removal was intentional, you may have forgotten turning Fallback off?
WARNING: Shader Unsupported: 'UnityChanToonShader/Tessellation/NoOutline/ToonColor_ShadingGradeMap_TransClipping_StencilMask' - All subshaders removed
WARNING: Shader Did you use #pragma only_renderers and omit this platform?
WARNING: Shader If subshaders removal was intentional, you may have forgotten turning Fallback off?
WARNING: Shader Unsupported: 'UnityChanToonShader/Tessellation/Light/Toon_ShadingGradeMap' - All subshaders removed
WARNING: Shader Did you use #pragma only_renderers and omit this platform?
WARNING: Shader If subshaders removal was intentional, you may have forgotten turning Fallback off?
WARNING: Shader Unsupported: 'UnityChanToonShader/Tessellation/Light/Toon_ShadingGradeMap' - All subshaders removed
WARNING: Shader Did you use #pragma only_renderers and omit this platform?
WARNING: Shader If subshaders removal was intentional, you may have forgotten turning Fallback off?
WARNING: Shader Unsupported: 'UnityChanToonShader/Tessellation/NoOutline/ToonColor_ShadingGradeMap_TransClipping_StencilOut' - All subshaders removed
WARNING: Shader Did you use #pragma only_renderers and omit this platform?
WARNING: Shader If subshaders removal was intentional, you may have forgotten turning Fallback off?
WARNING: Shader Unsupported: 'UnityChanToonShader/Tessellation/NoOutline/ToonColor_ShadingGradeMap_TransClipping_StencilOut' - All subshaders removed
WARNING: Shader Did you use #pragma only_renderers and omit this platform?
WARNING: Shader If subshaders removal was intentional, you may have forgotten turning Fallback off?
WARNING: Shader Unsupported: 'UnityChanToonShader/Tessellation/NoOutline/ToonColor_DoubleShadeWithFeather_StencilMask' - All subshaders removed
WARNING: Shader Did you use #pragma only_renderers and omit this platform?
WARNING: Shader If subshaders removal was intentional, you may have forgotten turning Fallback off?
WARNING: Shader Unsupported: 'UnityChanToonShader/Tessellation/NoOutline/ToonColor_DoubleShadeWithFeather_StencilMask' - All subshaders removed
WARNING: Shader Did you use #pragma only_renderers and omit this platform?
WARNING: Shader If subshaders removal was intentional, you may have forgotten turning Fallback off?
WARNING: Shader Unsupported: 'UnityChanToonShader/NoOutline/AngelRing/ToonColor_ShadingGradeMap' - All subshaders removed
WARNING: Shader Did you use #pragma only_renderers and omit this platform?
WARNING: Shader If subshaders removal was intentional, you may have forgotten turning Fallback off?
WARNING: Shader Unsupported: 'UnityChanToonShader/NoOutline/AngelRing/ToonColor_ShadingGradeMap' - All subshaders removed
WARNING: Shader Did you use #pragma only_renderers and omit this platform?
WARNING: Shader If subshaders removal was intentional, you may have forgotten turning Fallback off?
WARNING: Shader Unsupported: 'UnityChanToonShader/Tessellation/NoOutline/ToonColor_DoubleShadeWithFeather_TransClipping' - All subshaders removed
WARNING: Shader Did you use #pragma only_renderers and omit this platform?
WARNING: Shader If subshaders removal was intentional, you may have forgotten turning Fallback off?
WARNING: Shader Unsupported: 'UnityChanToonShader/Tessellation/NoOutline/ToonColor_DoubleShadeWithFeather_TransClipping' - All subshaders removed
WARNING: Shader Did you use #pragma only_renderers and omit this platform?
WARNING: Shader If subshaders removal was intentional, you may have forgotten turning Fallback off?
WARNING: Shader Unsupported: 'UnityChanToonShader/NoOutline/AngelRing/ToonColor_ShadingGradeMap_TransClipping_StencilOut' - All subshaders removed
WARNING: Shader Did you use #pragma only_renderers and omit this platform?
WARNING: Shader If subshaders removal was intentional, you may have forgotten turning Fallback off?
WARNING: Shader Unsupported: 'UnityChanToonShader/NoOutline/AngelRing/ToonColor_ShadingGradeMap_TransClipping_StencilOut' - All subshaders removed
WARNING: Shader Did you use #pragma only_renderers and omit this platform?
WARNING: Shader If subshaders removal was intentional, you may have forgotten turning Fallback off?
WARNING: Shader Unsupported: 'UnityChanToonShader/NoOutline/ToonColor_DoubleShadeWithFeather_TransClipping_StencilOut' - All subshaders removed
WARNING: Shader Did you use #pragma only_renderers and omit this platform?
WARNING: Shader If subshaders removal was intentional, you may have forgotten turning Fallback off?
WARNING: Shader Unsupported: 'UnityChanToonShader/NoOutline/ToonColor_DoubleShadeWithFeather_TransClipping_StencilOut' - All subshaders removed
WARNING: Shader Did you use #pragma only_renderers and omit this platform?
WARNING: Shader If subshaders removal was intentional, you may have forgotten turning Fallback off?
WARNING: Shader Unsupported: 'UnityChanToonShader/Mobile/Toon_DoubleShadeWithFeather_StencilOut' - All subshaders removed
WARNING: Shader Did you use #pragma only_renderers and omit this platform?
WARNING: Shader If subshaders removal was intentional, you may have forgotten turning Fallback off?
WARNING: Shader Unsupported: 'UnityChanToonShader/Mobile/Toon_DoubleShadeWithFeather_StencilOut' - All subshaders removed
WARNING: Shader Did you use #pragma only_renderers and omit this platform?
WARNING: Shader If subshaders removal was intentional, you may have forgotten turning Fallback off?
WARNING: Shader Unsupported: 'UnityChanToonShader/Tessellation/Light/Toon_DoubleShadeWithFeather_StencilMask' - All subshaders removed
WARNING: Shader Did you use #pragma only_renderers and omit this platform?
WARNING: Shader If subshaders removal was intentional, you may have forgotten turning Fallback off?
WARNING: Shader Unsupported: 'UnityChanToonShader/Tessellation/Light/Toon_DoubleShadeWithFeather_StencilMask' - All subshaders removed
WARNING: Shader Did you use #pragma only_renderers and omit this platform?
WARNING: Shader If subshaders removal was intentional, you may have forgotten turning Fallback off?
Refreshing native plugins compatible for Editor in 17.74 ms, found 4 plugins.
Preloading 0 native plugins for Editor in 0.00 ms.
Unloading 61 Unused Serialized files (Serialized files now loaded: 0)
Unloading 61 unused Assets / (10.7 MB). Loaded Objects now: 4095.
Memory consumption went from 110.3 MB to 99.6 MB.
Total: 32.656000 ms (FindLiveObjects: 0.470600 ms CreateObjectMapping: 0.136000 ms MarkObjects: 8.728400 ms  DeleteObjects: 23.318800 ms)

Prepare: number of updated asset objects reloaded= 0
AssetImportParameters requested are different than current active one (requested -> active):
  custom:container-demuxer-ogg: 62fdf1f143b41e24485cea50d1cbac27 -> 
  custom:video-codec-MediaFoundation-h265: 746d11721c4dcdbdad8f713fa42b33f4 -> 
  custom:video-decoder-ogg-theora: a1e56fd34408186e4bbccfd4996cb3dc -> 
  custom:framework-win-MediaFoundation: 216162199b28c13a410421893ffa2e32 -> 
  custom:CustomObjectIndexerAttribute: 9a22284fe3817be447336de3de66b15e -> 
  custom:container-demuxer-webm: 4f35f7cbe854078d1ac9338744f61a02 -> 
  custom:container-muxer-webm: aa71ff27fc2769a1b78a27578f13a17b -> 
  custom:video-decoder-webm-vp8: 9c59270c3fd7afecdb556c50c9e8de78 -> 
  custom:SearchIndexIgnoredProperties: e643bd26f0fe6173181afceb89e7c659 -> 
  custom:AudioImporter_EditorPlatform: d09bf68614088b80899f8185d706f6e7 -> 
  custom:video-encoder-webm-vp8: eb34c28f22e8b96e1ab97ce403110664 -> 
  custom:audio-decoder-ogg-vorbis: bf7c407c2cedff20999df2af8eb42d56 -> 
  custom:audio-encoder-webm-vorbis: bf7c407c2cedff20999df2af8eb42d56 -> 
========================================================================
Received Prepare
Caller must complete domain reload
Begin MonoManager ReloadAssembly
- Loaded All Assemblies, in  1.295 seconds
Native extension for WindowsStandalone target not found
Native extension for WebGL target not found
Mono: successfully reloaded assembly
- Finished resetting the current domain, in  1.076 seconds
Domain Reload Profiling: 2368ms
	BeginReloadAssembly (149ms)
		ExecutionOrderSort (0ms)
		DisableScriptedObjects (6ms)
		BackupInstance (0ms)
		ReleaseScriptingObjects (0ms)
		CreateAndSetChildDomain (28ms)
	RebuildCommonClasses (30ms)
	RebuildNativeTypeToScriptingClass (9ms)
	initialDomainReloadingComplete (30ms)
	LoadAllAssembliesAndSetupDomain (1072ms)
		LoadAssemblies (1137ms)
		RebuildTransferFunctionScriptingTraits (0ms)
		AnalyzeDomain (20ms)
			TypeCache.Refresh (8ms)
				TypeCache.ScanAssembly (0ms)
			ScanForSourceGeneratedMonoScriptInfo (5ms)
			ResolveRequiredComponents (4ms)
	FinalizeReload (1077ms)
		ReleaseScriptCaches (0ms)
		RebuildScriptCaches (0ms)
		SetupLoadedEditorAssemblies (392ms)
			LogAssemblyErrors (0ms)
			InitializePlatformSupportModulesInManaged (13ms)
			SetLoadedEditorAssemblies (4ms)
			RefreshPlugins (0ms)
			BeforeProcessingInitializeOnLoad (71ms)
			ProcessInitializeOnLoadAttributes (279ms)
			ProcessInitializeOnLoadMethodAttributes (16ms)
			AfterProcessingInitializeOnLoad (8ms)
			EditorAssembliesLoaded (0ms)
		ExecutionOrderSort2 (0ms)
		AwakeInstancesAfterBackupRestoration (6ms)
WARNING: Shader Unsupported: 'UnityChanToonShader/NoOutline/ToonColor_ShadingGradeMap_StencilMask' - All subshaders removed
WARNING: Shader Did you use #pragma only_renderers and omit this platform?
WARNING: Shader If subshaders removal was intentional, you may have forgotten turning Fallback off?
WARNING: Shader Unsupported: 'UnityChanToonShader/NoOutline/ToonColor_ShadingGradeMap_StencilMask' - All subshaders removed
WARNING: Shader Did you use #pragma only_renderers and omit this platform?
WARNING: Shader If subshaders removal was intentional, you may have forgotten turning Fallback off?
WARNING: Shader Unsupported: 'UnityChanToonShader/Tessellation/Light/Toon_DoubleShadeWithFeather_StencilOut' - All subshaders removed
WARNING: Shader Did you use #pragma only_renderers and omit this platform?
WARNING: Shader If subshaders removal was intentional, you may have forgotten turning Fallback off?
WARNING: Shader Unsupported: 'UnityChanToonShader/Tessellation/Light/Toon_DoubleShadeWithFeather_StencilOut' - All subshaders removed
WARNING: Shader Did you use #pragma only_renderers and omit this platform?
WARNING: Shader If subshaders removal was intentional, you may have forgotten turning Fallback off?
WARNING: Shader Unsupported: 'UnityChanToonShader/Tessellation/NoOutline/ToonColor_DoubleShadeWithFeather_StencilOut' - All subshaders removed
WARNING: Shader Did you use #pragma only_renderers and omit this platform?
WARNING: Shader If subshaders removal was intentional, you may have forgotten turning Fallback off?
WARNING: Shader Unsupported: 'UnityChanToonShader/Tessellation/NoOutline/ToonColor_DoubleShadeWithFeather_StencilOut' - All subshaders removed
WARNING: Shader Did you use #pragma only_renderers and omit this platform?
WARNING: Shader If subshaders removal was intentional, you may have forgotten turning Fallback off?
WARNING: Shader Unsupported: 'UnityChanToonShader/Mobile/Toon_DoubleShadeWithFeather_Clipping' - All subshaders removed
WARNING: Shader Did you use #pragma only_renderers and omit this platform?
WARNING: Shader If subshaders removal was intentional, you may have forgotten turning Fallback off?
WARNING: Shader Unsupported: 'UnityChanToonShader/Mobile/Toon_DoubleShadeWithFeather_Clipping' - All subshaders removed
WARNING: Shader Did you use #pragma only_renderers and omit this platform?
WARNING: Shader If subshaders removal was intentional, you may have forgotten turning Fallback off?
WARNING: Shader Unsupported: 'UnityChanToonShader/NoOutline/ToonColor_DoubleShadeWithFeather_Clipping_StencilOut' - All subshaders removed
WARNING: Shader Did you use #pragma only_renderers and omit this platform?
WARNING: Shader If subshaders removal was intentional, you may have forgotten turning Fallback off?
WARNING: Shader Unsupported: 'UnityChanToonShader/NoOutline/ToonColor_DoubleShadeWithFeather_Clipping_StencilOut' - All subshaders removed
WARNING: Shader Did you use #pragma only_renderers and omit this platform?
WARNING: Shader If subshaders removal was intentional, you may have forgotten turning Fallback off?
WARNING: Shader Unsupported: 'UnityChanToonShader/NoOutline/ToonColor_DoubleShadeWithFeather_StencilOut' - All subshaders removed
WARNING: Shader Did you use #pragma only_renderers and omit this platform?
WARNING: Shader If subshaders removal was intentional, you may have forgotten turning Fallback off?
WARNING: Shader Unsupported: 'UnityChanToonShader/NoOutline/ToonColor_DoubleShadeWithFeather_StencilOut' - All subshaders removed
WARNING: Shader Did you use #pragma only_renderers and omit this platform?
WARNING: Shader If subshaders removal was intentional, you may have forgotten turning Fallback off?
WARNING: Shader Unsupported: 'UnityChanToonShader/NoOutline/ToonColor_DoubleShadeWithFeather_StencilMask' - All subshaders removed
WARNING: Shader Did you use #pragma only_renderers and omit this platform?
WARNING: Shader If subshaders removal was intentional, you may have forgotten turning Fallback off?
WARNING: Shader Unsupported: 'UnityChanToonShader/NoOutline/ToonColor_DoubleShadeWithFeather_StencilMask' - All subshaders removed
WARNING: Shader Did you use #pragma only_renderers and omit this platform?
WARNING: Shader If subshaders removal was intentional, you may have forgotten turning Fallback off?
WARNING: Shader Unsupported: 'UnityChanToonShader/Tessellation/NoOutline/ToonColor_ShadingGradeMap' - All subshaders removed
WARNING: Shader Did you use #pragma only_renderers and omit this platform?
WARNING: Shader If subshaders removal was intentional, you may have forgotten turning Fallback off?
WARNING: Shader Unsupported: 'UnityChanToonShader/Tessellation/NoOutline/ToonColor_ShadingGradeMap' - All subshaders removed
WARNING: Shader Did you use #pragma only_renderers and omit this platform?
WARNING: Shader If subshaders removal was intentional, you may have forgotten turning Fallback off?
WARNING: Shader Unsupported: 'UnityChanToonShader/Tessellation/NoOutline/ToonColor_DoubleShadeWithFeather' - All subshaders removed
WARNING: Shader Did you use #pragma only_renderers and omit this platform?
WARNING: Shader If subshaders removal was intentional, you may have forgotten turning Fallback off?
WARNING: Shader Unsupported: 'UnityChanToonShader/Tessellation/NoOutline/ToonColor_DoubleShadeWithFeather' - All subshaders removed
WARNING: Shader Did you use #pragma only_renderers and omit this platform?
WARNING: Shader If subshaders removal was intentional, you may have forgotten turning Fallback off?
WARNING: Shader Unsupported: 'UnityChanToonShader/Mobile/Toon_ShadingGradeMap_StencilOut' - All subshaders removed
WARNING: Shader Did you use #pragma only_renderers and omit this platform?
WARNING: Shader If subshaders removal was intentional, you may have forgotten turning Fallback off?
WARNING: Shader Unsupported: 'UnityChanToonShader/Mobile/Toon_ShadingGradeMap_StencilOut' - All subshaders removed
WARNING: Shader Did you use #pragma only_renderers and omit this platform?
WARNING: Shader If subshaders removal was intentional, you may have forgotten turning Fallback off?
WARNING: Shader Unsupported: 'UnityChanToonShader/NoOutline/ToonColor_DoubleShadeWithFeather_TransClipping_StencilMask' - All subshaders removed
WARNING: Shader Did you use #pragma only_renderers and omit this platform?
WARNING: Shader If subshaders removal was intentional, you may have forgotten turning Fallback off?
WARNING: Shader Unsupported: 'UnityChanToonShader/NoOutline/ToonColor_DoubleShadeWithFeather_TransClipping_StencilMask' - All subshaders removed
WARNING: Shader Did you use #pragma only_renderers and omit this platform?
WARNING: Shader If subshaders removal was intentional, you may have forgotten turning Fallback off?
WARNING: Shader Unsupported: 'UnityChanToonShader/Tessellation/NoOutline/ToonColor_DoubleShadeWithFeather_Clipping_StencilMask' - All subshaders removed
WARNING: Shader Did you use #pragma only_renderers and omit this platform?
WARNING: Shader If subshaders removal was intentional, you may have forgotten turning Fallback off?
WARNING: Shader Unsupported: 'UnityChanToonShader/Tessellation/NoOutline/ToonColor_DoubleShadeWithFeather_Clipping_StencilMask' - All subshaders removed
WARNING: Shader Did you use #pragma only_renderers and omit this platform?
WARNING: Shader If subshaders removal was intentional, you may have forgotten turning Fallback off?
WARNING: Shader Unsupported: 'UnityChanToonShader/Mobile/Toon_DoubleShadeWithFeather' - All subshaders removed
WARNING: Shader Did you use #pragma only_renderers and omit this platform?
WARNING: Shader If subshaders removal was intentional, you may have forgotten turning Fallback off?
WARNING: Shader Unsupported: 'UnityChanToonShader/Mobile/Toon_DoubleShadeWithFeather' - All subshaders removed
WARNING: Shader Did you use #pragma only_renderers and omit this platform?
WARNING: Shader If subshaders removal was intentional, you may have forgotten turning Fallback off?
WARNING: Shader Unsupported: 'UnityChanToonShader/Mobile/Toon_DoubleShadeWithFeather_TransClipping_StencilMask' - All subshaders removed
WARNING: Shader Did you use #pragma only_renderers and omit this platform?
WARNING: Shader If subshaders removal was intentional, you may have forgotten turning Fallback off?
WARNING: Shader Unsupported: 'UnityChanToonShader/Mobile/Toon_DoubleShadeWithFeather_TransClipping_StencilMask' - All subshaders removed
WARNING: Shader Did you use #pragma only_renderers and omit this platform?
WARNING: Shader If subshaders removal was intentional, you may have forgotten turning Fallback off?
WARNING: Shader Unsupported: 'UnityChanToonShader/NoOutline/ToonColor_DoubleShadeWithFeather_Clipping_StencilMask' - All subshaders removed
WARNING: Shader Did you use #pragma only_renderers and omit this platform?
WARNING: Shader If subshaders removal was intentional, you may have forgotten turning Fallback off?
WARNING: Shader Unsupported: 'UnityChanToonShader/NoOutline/ToonColor_DoubleShadeWithFeather_Clipping_StencilMask' - All subshaders removed
WARNING: Shader Did you use #pragma only_renderers and omit this platform?
WARNING: Shader If subshaders removal was intentional, you may have forgotten turning Fallback off?
WARNING: Shader Unsupported: 'UnityChanToonShader/Tessellation/Light/AngelRing/Toon_ShadingGradeMap' - All subshaders removed
WARNING: Shader Did you use #pragma only_renderers and omit this platform?
WARNING: Shader If subshaders removal was intentional, you may have forgotten turning Fallback off?
WARNING: Shader Unsupported: 'UnityChanToonShader/Tessellation/Light/AngelRing/Toon_ShadingGradeMap' - All subshaders removed
WARNING: Shader Did you use #pragma only_renderers and omit this platform?
WARNING: Shader If subshaders removal was intentional, you may have forgotten turning Fallback off?
WARNING: Shader Unsupported: 'UnityChanToonShader/Mobile/Toon_ShadingGradeMap' - All subshaders removed
WARNING: Shader Did you use #pragma only_renderers and omit this platform?
WARNING: Shader If subshaders removal was intentional, you may have forgotten turning Fallback off?
WARNING: Shader Unsupported: 'UnityChanToonShader/Mobile/Toon_ShadingGradeMap' - All subshaders removed
WARNING: Shader Did you use #pragma only_renderers and omit this platform?
WARNING: Shader If subshaders removal was intentional, you may have forgotten turning Fallback off?
WARNING: Shader Unsupported: 'UnityChanToonShader/Mobile/Toon_DoubleShadeWithFeather_TransClipping' - All subshaders removed
WARNING: Shader Did you use #pragma only_renderers and omit this platform?
WARNING: Shader If subshaders removal was intentional, you may have forgotten turning Fallback off?
WARNING: Shader Unsupported: 'UnityChanToonShader/Mobile/Toon_DoubleShadeWithFeather_TransClipping' - All subshaders removed
WARNING: Shader Did you use #pragma only_renderers and omit this platform?
WARNING: Shader If subshaders removal was intentional, you may have forgotten turning Fallback off?
WARNING: Shader Unsupported: 'UnityChanToonShader/Tessellation/Light/Toon_DoubleShadeWithFeather' - All subshaders removed
WARNING: Shader Did you use #pragma only_renderers and omit this platform?
WARNING: Shader If subshaders removal was intentional, you may have forgotten turning Fallback off?
WARNING: Shader Unsupported: 'UnityChanToonShader/Tessellation/Light/Toon_DoubleShadeWithFeather' - All subshaders removed
WARNING: Shader Did you use #pragma only_renderers and omit this platform?
WARNING: Shader If subshaders removal was intentional, you may have forgotten turning Fallback off?
WARNING: Shader Unsupported: 'UnityChanToonShader/NoOutline/ToonColor_DoubleShadeWithFeather_TransClipping' - All subshaders removed
WARNING: Shader Did you use #pragma only_renderers and omit this platform?
WARNING: Shader If subshaders removal was intentional, you may have forgotten turning Fallback off?
WARNING: Shader Unsupported: 'UnityChanToonShader/NoOutline/ToonColor_DoubleShadeWithFeather_TransClipping' - All subshaders removed
WARNING: Shader Did you use #pragma only_renderers and omit this platform?
WARNING: Shader If subshaders removal was intentional, you may have forgotten turning Fallback off?
WARNING: Shader Unsupported: 'UnityChanToonShader/Tessellation/NoOutline/ToonColor_ShadingGradeMap_StencilOut' - All subshaders removed
WARNING: Shader Did you use #pragma only_renderers and omit this platform?
WARNING: Shader If subshaders removal was intentional, you may have forgotten turning Fallback off?
WARNING: Shader Unsupported: 'UnityChanToonShader/Tessellation/NoOutline/ToonColor_ShadingGradeMap_StencilOut' - All subshaders removed
WARNING: Shader Did you use #pragma only_renderers and omit this platform?
WARNING: Shader If subshaders removal was intentional, you may have forgotten turning Fallback off?
WARNING: Shader Unsupported: 'UnityChanToonShader/NoOutline/ToonColor_DoubleShadeWithFeather' - All subshaders removed
WARNING: Shader Did you use #pragma only_renderers and omit this platform?
WARNING: Shader If subshaders removal was intentional, you may have forgotten turning Fallback off?
WARNING: Shader Unsupported: 'UnityChanToonShader/NoOutline/ToonColor_DoubleShadeWithFeather' - All subshaders removed
WARNING: Shader Did you use #pragma only_renderers and omit this platform?
WARNING: Shader If subshaders removal was intentional, you may have forgotten turning Fallback off?
WARNING: Shader Unsupported: 'UnityChanToonShader/Mobile/AngelRing/Toon_ShadingGradeMap_StencilOut' - All subshaders removed
WARNING: Shader Did you use #pragma only_renderers and omit this platform?
WARNING: Shader If subshaders removal was intentional, you may have forgotten turning Fallback off?
WARNING: Shader Unsupported: 'UnityChanToonShader/Mobile/AngelRing/Toon_ShadingGradeMap_StencilOut' - All subshaders removed
WARNING: Shader Did you use #pragma only_renderers and omit this platform?
WARNING: Shader If subshaders removal was intentional, you may have forgotten turning Fallback off?
WARNING: Shader Unsupported: 'UnityChanToonShader/Tessellation/NoOutline/AngelRing/ToonColor_ShadingGradeMap' - All subshaders removed
WARNING: Shader Did you use #pragma only_renderers and omit this platform?
WARNING: Shader If subshaders removal was intentional, you may have forgotten turning Fallback off?
WARNING: Shader Unsupported: 'UnityChanToonShader/Tessellation/NoOutline/AngelRing/ToonColor_ShadingGradeMap' - All subshaders removed
WARNING: Shader Did you use #pragma only_renderers and omit this platform?
WARNING: Shader If subshaders removal was intentional, you may have forgotten turning Fallback off?
WARNING: Shader Unsupported: 'UnityChanToonShader/Mobile/Toon_DoubleShadeWithFeather_Clipping_StencilMask' - All subshaders removed
WARNING: Shader Did you use #pragma only_renderers and omit this platform?
WARNING: Shader If subshaders removal was intentional, you may have forgotten turning Fallback off?
WARNING: Shader Unsupported: 'UnityChanToonShader/Mobile/Toon_DoubleShadeWithFeather_Clipping_StencilMask' - All subshaders removed
WARNING: Shader Did you use #pragma only_renderers and omit this platform?
WARNING: Shader If subshaders removal was intentional, you may have forgotten turning Fallback off?
WARNING: Shader Unsupported: 'UnityChanToonShader/Mobile/Toon_ShadingGradeMap_TransClipping' - All subshaders removed
WARNING: Shader Did you use #pragma only_renderers and omit this platform?
WARNING: Shader If subshaders removal was intentional, you may have forgotten turning Fallback off?
WARNING: Shader Unsupported: 'UnityChanToonShader/Mobile/Toon_ShadingGradeMap_TransClipping' - All subshaders removed
WARNING: Shader Did you use #pragma only_renderers and omit this platform?
WARNING: Shader If subshaders removal was intentional, you may have forgotten turning Fallback off?
WARNING: Shader Unsupported: 'UnityChanToonShader/Mobile/Toon_ShadingGradeMap_StencilMask' - All subshaders removed
WARNING: Shader Did you use #pragma only_renderers and omit this platform?
WARNING: Shader If subshaders removal was intentional, you may have forgotten turning Fallback off?
WARNING: Shader Unsupported: 'UnityChanToonShader/Mobile/Toon_ShadingGradeMap_StencilMask' - All subshaders removed
WARNING: Shader Did you use #pragma only_renderers and omit this platform?
WARNING: Shader If subshaders removal was intentional, you may have forgotten turning Fallback off?
WARNING: Shader Unsupported: 'UnityChanToonShader/NoOutline/ToonColor_ShadingGradeMap_TransClipping_StencilMask' - All subshaders removed
WARNING: Shader Did you use #pragma only_renderers and omit this platform?
WARNING: Shader If subshaders removal was intentional, you may have forgotten turning Fallback off?
WARNING: Shader Unsupported: 'UnityChanToonShader/NoOutline/ToonColor_ShadingGradeMap_TransClipping_StencilMask' - All subshaders removed
WARNING: Shader Did you use #pragma only_renderers and omit this platform?
WARNING: Shader If subshaders removal was intentional, you may have forgotten turning Fallback off?
WARNING: Shader Unsupported: 'UnityChanToonShader/Tessellation/NoOutline/AngelRing/ToonColor_ShadingGradeMap_TransClipping_StencilOut' - All subshaders removed
WARNING: Shader Did you use #pragma only_renderers and omit this platform?
WARNING: Shader If subshaders removal was intentional, you may have forgotten turning Fallback off?
WARNING: Shader Unsupported: 'UnityChanToonShader/Tessellation/NoOutline/AngelRing/ToonColor_ShadingGradeMap_TransClipping_StencilOut' - All subshaders removed
WARNING: Shader Did you use #pragma only_renderers and omit this platform?
WARNING: Shader If subshaders removal was intentional, you may have forgotten turning Fallback off?
WARNING: Shader Unsupported: 'UnityChanToonShader/Mobile/Toon_DoubleShadeWithFeather_StencilMask' - All subshaders removed
WARNING: Shader Did you use #pragma only_renderers and omit this platform?
WARNING: Shader If subshaders removal was intentional, you may have forgotten turning Fallback off?
WARNING: Shader Unsupported: 'UnityChanToonShader/Mobile/Toon_DoubleShadeWithFeather_StencilMask' - All subshaders removed
WARNING: Shader Did you use #pragma only_renderers and omit this platform?
WARNING: Shader If subshaders removal was intentional, you may have forgotten turning Fallback off?
WARNING: Shader Unsupported: 'UnityChanToonShader/Tessellation/NoOutline/ToonColor_DoubleShadeWithFeather_TransClipping_StencilMask' - All subshaders removed
WARNING: Shader Did you use #pragma only_renderers and omit this platform?
WARNING: Shader If subshaders removal was intentional, you may have forgotten turning Fallback off?
WARNING: Shader Unsupported: 'UnityChanToonShader/Tessellation/NoOutline/ToonColor_DoubleShadeWithFeather_TransClipping_StencilMask' - All subshaders removed
WARNING: Shader Did you use #pragma only_renderers and omit this platform?
WARNING: Shader If subshaders removal was intentional, you may have forgotten turning Fallback off?
WARNING: Shader Unsupported: 'UnityChanToonShader/Tessellation/NoOutline/ToonColor_DoubleShadeWithFeather_Clipping' - All subshaders removed
WARNING: Shader Did you use #pragma only_renderers and omit this platform?
WARNING: Shader If subshaders removal was intentional, you may have forgotten turning Fallback off?
WARNING: Shader Unsupported: 'UnityChanToonShader/Tessellation/NoOutline/ToonColor_DoubleShadeWithFeather_Clipping' - All subshaders removed
WARNING: Shader Did you use #pragma only_renderers and omit this platform?
WARNING: Shader If subshaders removal was intentional, you may have forgotten turning Fallback off?
WARNING: Shader Unsupported: 'UnityChanToonShader/Tessellation/Light/Toon_ShadingGradeMap_StencilMask' - All subshaders removed
WARNING: Shader Did you use #pragma only_renderers and omit this platform?
WARNING: Shader If subshaders removal was intentional, you may have forgotten turning Fallback off?
WARNING: Shader Unsupported: 'UnityChanToonShader/Tessellation/Light/Toon_ShadingGradeMap_StencilMask' - All subshaders removed
WARNING: Shader Did you use #pragma only_renderers and omit this platform?
WARNING: Shader If subshaders removal was intentional, you may have forgotten turning Fallback off?
WARNING: Shader Unsupported: 'UnityChanToonShader/Tessellation/NoOutline/ToonColor_ShadingGradeMap_StencilMask' - All subshaders removed
WARNING: Shader Did you use #pragma only_renderers and omit this platform?
WARNING: Shader If subshaders removal was intentional, you may have forgotten turning Fallback off?
WARNING: Shader Unsupported: 'UnityChanToonShader/Tessellation/NoOutline/ToonColor_ShadingGradeMap_StencilMask' - All subshaders removed
WARNING: Shader Did you use #pragma only_renderers and omit this platform?
WARNING: Shader If subshaders removal was intentional, you may have forgotten turning Fallback off?
WARNING: Shader Unsupported: 'UnityChanToonShader/Tessellation/NoOutline/AngelRing/ToonColor_ShadingGradeMap_StencilOut' - All subshaders removed
WARNING: Shader Did you use #pragma only_renderers and omit this platform?
WARNING: Shader If subshaders removal was intentional, you may have forgotten turning Fallback off?
WARNING: Shader Unsupported: 'UnityChanToonShader/Tessellation/NoOutline/AngelRing/ToonColor_ShadingGradeMap_StencilOut' - All subshaders removed
WARNING: Shader Did you use #pragma only_renderers and omit this platform?
WARNING: Shader If subshaders removal was intentional, you may have forgotten turning Fallback off?
WARNING: Shader Unsupported: 'UnityChanToonShader/NoOutline/ToonColor_ShadingGradeMap_StencilOut' - All subshaders removed
WARNING: Shader Did you use #pragma only_renderers and omit this platform?
WARNING: Shader If subshaders removal was intentional, you may have forgotten turning Fallback off?
WARNING: Shader Unsupported: 'UnityChanToonShader/NoOutline/ToonColor_ShadingGradeMap_StencilOut' - All subshaders removed
WARNING: Shader Did you use #pragma only_renderers and omit this platform?
WARNING: Shader If subshaders removal was intentional, you may have forgotten turning Fallback off?
WARNING: Shader Unsupported: 'UnityChanToonShader/NoOutline/ToonColor_ShadingGradeMap' - All subshaders removed
WARNING: Shader Did you use #pragma only_renderers and omit this platform?
WARNING: Shader If subshaders removal was intentional, you may have forgotten turning Fallback off?
WARNING: Shader Unsupported: 'UnityChanToonShader/NoOutline/ToonColor_ShadingGradeMap' - All subshaders removed
WARNING: Shader Did you use #pragma only_renderers and omit this platform?
WARNING: Shader If subshaders removal was intentional, you may have forgotten turning Fallback off?
WARNING: Shader Unsupported: 'UnityChanToonShader/NoOutline/ToonColor_DoubleShadeWithFeather_Clipping' - All subshaders removed
WARNING: Shader Did you use #pragma only_renderers and omit this platform?
WARNING: Shader If subshaders removal was intentional, you may have forgotten turning Fallback off?
WARNING: Shader Unsupported: 'UnityChanToonShader/NoOutline/ToonColor_DoubleShadeWithFeather_Clipping' - All subshaders removed
WARNING: Shader Did you use #pragma only_renderers and omit this platform?
WARNING: Shader If subshaders removal was intentional, you may have forgotten turning Fallback off?
WARNING: Shader Unsupported: 'UnityChanToonShader/NoOutline/ToonColor_ShadingGradeMap_TransClipping_StencilOut' - All subshaders removed
WARNING: Shader Did you use #pragma only_renderers and omit this platform?
WARNING: Shader If subshaders removal was intentional, you may have forgotten turning Fallback off?
WARNING: Shader Unsupported: 'UnityChanToonShader/NoOutline/ToonColor_ShadingGradeMap_TransClipping_StencilOut' - All subshaders removed
WARNING: Shader Did you use #pragma only_renderers and omit this platform?
WARNING: Shader If subshaders removal was intentional, you may have forgotten turning Fallback off?
WARNING: Shader Unsupported: 'UnityChanToonShader/Tessellation/NoOutline/ToonColor_DoubleShadeWithFeather_TransClipping_StencilOut' - All subshaders removed
WARNING: Shader Did you use #pragma only_renderers and omit this platform?
WARNING: Shader If subshaders removal was intentional, you may have forgotten turning Fallback off?
WARNING: Shader Unsupported: 'UnityChanToonShader/Tessellation/NoOutline/ToonColor_DoubleShadeWithFeather_TransClipping_StencilOut' - All subshaders removed
WARNING: Shader Did you use #pragma only_renderers and omit this platform?
WARNING: Shader If subshaders removal was intentional, you may have forgotten turning Fallback off?
WARNING: Shader Unsupported: 'UnityChanToonShader/Tessellation/NoOutline/ToonColor_DoubleShadeWithFeather_Clipping_StencilOut' - All subshaders removed
WARNING: Shader Did you use #pragma only_renderers and omit this platform?
WARNING: Shader If subshaders removal was intentional, you may have forgotten turning Fallback off?
WARNING: Shader Unsupported: 'UnityChanToonShader/Tessellation/NoOutline/ToonColor_DoubleShadeWithFeather_Clipping_StencilOut' - All subshaders removed
WARNING: Shader Did you use #pragma only_renderers and omit this platform?
WARNING: Shader If subshaders removal was intentional, you may have forgotten turning Fallback off?
WARNING: Shader Unsupported: 'UnityChanToonShader/Tessellation/NoOutline/ToonColor_ShadingGradeMap_TransClipping' - All subshaders removed
WARNING: Shader Did you use #pragma only_renderers and omit this platform?
WARNING: Shader If subshaders removal was intentional, you may have forgotten turning Fallback off?
WARNING: Shader Unsupported: 'UnityChanToonShader/Tessellation/NoOutline/ToonColor_ShadingGradeMap_TransClipping' - All subshaders removed
WARNING: Shader Did you use #pragma only_renderers and omit this platform?
WARNING: Shader If subshaders removal was intentional, you may have forgotten turning Fallback off?
WARNING: Shader Unsupported: 'UnityChanToonShader/Tessellation/Light/Toon_ShadingGradeMap_StencilOut' - All subshaders removed
WARNING: Shader Did you use #pragma only_renderers and omit this platform?
WARNING: Shader If subshaders removal was intentional, you may have forgotten turning Fallback off?
WARNING: Shader Unsupported: 'UnityChanToonShader/Tessellation/Light/Toon_ShadingGradeMap_StencilOut' - All subshaders removed
WARNING: Shader Did you use #pragma only_renderers and omit this platform?
WARNING: Shader If subshaders removal was intentional, you may have forgotten turning Fallback off?
WARNING: Shader Unsupported: 'UnityChanToonShader/Mobile/AngelRing/Toon_ShadingGradeMap' - All subshaders removed
WARNING: Shader Did you use #pragma only_renderers and omit this platform?
WARNING: Shader If subshaders removal was intentional, you may have forgotten turning Fallback off?
WARNING: Shader Unsupported: 'UnityChanToonShader/Mobile/AngelRing/Toon_ShadingGradeMap' - All subshaders removed
WARNING: Shader Did you use #pragma only_renderers and omit this platform?
WARNING: Shader If subshaders removal was intentional, you may have forgotten turning Fallback off?
WARNING: Shader Unsupported: 'UnityChanToonShader/Tessellation/Light/AngelRing/Toon_ShadingGradeMap_StencilOut' - All subshaders removed
WARNING: Shader Did you use #pragma only_renderers and omit this platform?
WARNING: Shader If subshaders removal was intentional, you may have forgotten turning Fallback off?
WARNING: Shader Unsupported: 'UnityChanToonShader/Tessellation/Light/AngelRing/Toon_ShadingGradeMap_StencilOut' - All subshaders removed
WARNING: Shader Did you use #pragma only_renderers and omit this platform?
WARNING: Shader If subshaders removal was intentional, you may have forgotten turning Fallback off?
WARNING: Shader Unsupported: 'UnityChanToonShader/Tessellation/NoOutline/AngelRing/ToonColor_ShadingGradeMap_TransClipping' - All subshaders removed
WARNING: Shader Did you use #pragma only_renderers and omit this platform?
WARNING: Shader If subshaders removal was intentional, you may have forgotten turning Fallback off?
WARNING: Shader Unsupported: 'UnityChanToonShader/Tessellation/NoOutline/AngelRing/ToonColor_ShadingGradeMap_TransClipping' - All subshaders removed
WARNING: Shader Did you use #pragma only_renderers and omit this platform?
WARNING: Shader If subshaders removal was intentional, you may have forgotten turning Fallback off?
WARNING: Shader Unsupported: 'UnityChanToonShader/NoOutline/AngelRing/ToonColor_ShadingGradeMap_TransClipping' - All subshaders removed
WARNING: Shader Did you use #pragma only_renderers and omit this platform?
WARNING: Shader If subshaders removal was intentional, you may have forgotten turning Fallback off?
WARNING: Shader Unsupported: 'UnityChanToonShader/NoOutline/AngelRing/ToonColor_ShadingGradeMap_TransClipping' - All subshaders removed
WARNING: Shader Did you use #pragma only_renderers and omit this platform?
WARNING: Shader If subshaders removal was intentional, you may have forgotten turning Fallback off?
WARNING: Shader Unsupported: 'UnityChanToonShader/Mobile/Toon_ShadingGradeMap_TransClipping_StencilMask' - All subshaders removed
WARNING: Shader Did you use #pragma only_renderers and omit this platform?
WARNING: Shader If subshaders removal was intentional, you may have forgotten turning Fallback off?
WARNING: Shader Unsupported: 'UnityChanToonShader/Mobile/Toon_ShadingGradeMap_TransClipping_StencilMask' - All subshaders removed
WARNING: Shader Did you use #pragma only_renderers and omit this platform?
WARNING: Shader If subshaders removal was intentional, you may have forgotten turning Fallback off?
WARNING: Shader Unsupported: 'UnityChanToonShader/NoOutline/ToonColor_ShadingGradeMap_TransClipping' - All subshaders removed
WARNING: Shader Did you use #pragma only_renderers and omit this platform?
WARNING: Shader If subshaders removal was intentional, you may have forgotten turning Fallback off?
WARNING: Shader Unsupported: 'UnityChanToonShader/NoOutline/ToonColor_ShadingGradeMap_TransClipping' - All subshaders removed
WARNING: Shader Did you use #pragma only_renderers and omit this platform?
WARNING: Shader If subshaders removal was intentional, you may have forgotten turning Fallback off?
WARNING: Shader Unsupported: 'UnityChanToonShader/NoOutline/AngelRing/ToonColor_ShadingGradeMap_StencilOut' - All subshaders removed
WARNING: Shader Did you use #pragma only_renderers and omit this platform?
WARNING: Shader If subshaders removal was intentional, you may have forgotten turning Fallback off?
WARNING: Shader Unsupported: 'UnityChanToonShader/NoOutline/AngelRing/ToonColor_ShadingGradeMap_StencilOut' - All subshaders removed
WARNING: Shader Did you use #pragma only_renderers and omit this platform?
WARNING: Shader If subshaders removal was intentional, you may have forgotten turning Fallback off?
WARNING: Shader Unsupported: 'UnityChanToonShader/Tessellation/NoOutline/ToonColor_ShadingGradeMap_TransClipping_StencilMask' - All subshaders removed
WARNING: Shader Did you use #pragma only_renderers and omit this platform?
WARNING: Shader If subshaders removal was intentional, you may have forgotten turning Fallback off?
WARNING: Shader Unsupported: 'UnityChanToonShader/Tessellation/NoOutline/ToonColor_ShadingGradeMap_TransClipping_StencilMask' - All subshaders removed
WARNING: Shader Did you use #pragma only_renderers and omit this platform?
WARNING: Shader If subshaders removal was intentional, you may have forgotten turning Fallback off?
WARNING: Shader Unsupported: 'UnityChanToonShader/Tessellation/Light/Toon_ShadingGradeMap' - All subshaders removed
WARNING: Shader Did you use #pragma only_renderers and omit this platform?
WARNING: Shader If subshaders removal was intentional, you may have forgotten turning Fallback off?
WARNING: Shader Unsupported: 'UnityChanToonShader/Tessellation/Light/Toon_ShadingGradeMap' - All subshaders removed
WARNING: Shader Did you use #pragma only_renderers and omit this platform?
WARNING: Shader If subshaders removal was intentional, you may have forgotten turning Fallback off?
WARNING: Shader Unsupported: 'UnityChanToonShader/Tessellation/NoOutline/ToonColor_ShadingGradeMap_TransClipping_StencilOut' - All subshaders removed
WARNING: Shader Did you use #pragma only_renderers and omit this platform?
WARNING: Shader If subshaders removal was intentional, you may have forgotten turning Fallback off?
WARNING: Shader Unsupported: 'UnityChanToonShader/Tessellation/NoOutline/ToonColor_ShadingGradeMap_TransClipping_StencilOut' - All subshaders removed
WARNING: Shader Did you use #pragma only_renderers and omit this platform?
WARNING: Shader If subshaders removal was intentional, you may have forgotten turning Fallback off?
WARNING: Shader Unsupported: 'UnityChanToonShader/Tessellation/NoOutline/ToonColor_DoubleShadeWithFeather_StencilMask' - All subshaders removed
WARNING: Shader Did you use #pragma only_renderers and omit this platform?
WARNING: Shader If subshaders removal was intentional, you may have forgotten turning Fallback off?
WARNING: Shader Unsupported: 'UnityChanToonShader/Tessellation/NoOutline/ToonColor_DoubleShadeWithFeather_StencilMask' - All subshaders removed
WARNING: Shader Did you use #pragma only_renderers and omit this platform?
WARNING: Shader If subshaders removal was intentional, you may have forgotten turning Fallback off?
WARNING: Shader Unsupported: 'UnityChanToonShader/NoOutline/AngelRing/ToonColor_ShadingGradeMap' - All subshaders removed
WARNING: Shader Did you use #pragma only_renderers and omit this platform?
WARNING: Shader If subshaders removal was intentional, you may have forgotten turning Fallback off?
WARNING: Shader Unsupported: 'UnityChanToonShader/NoOutline/AngelRing/ToonColor_ShadingGradeMap' - All subshaders removed
WARNING: Shader Did you use #pragma only_renderers and omit this platform?
WARNING: Shader If subshaders removal was intentional, you may have forgotten turning Fallback off?
WARNING: Shader Unsupported: 'UnityChanToonShader/Tessellation/NoOutline/ToonColor_DoubleShadeWithFeather_TransClipping' - All subshaders removed
WARNING: Shader Did you use #pragma only_renderers and omit this platform?
WARNING: Shader If subshaders removal was intentional, you may have forgotten turning Fallback off?
WARNING: Shader Unsupported: 'UnityChanToonShader/Tessellation/NoOutline/ToonColor_DoubleShadeWithFeather_TransClipping' - All subshaders removed
WARNING: Shader Did you use #pragma only_renderers and omit this platform?
WARNING: Shader If subshaders removal was intentional, you may have forgotten turning Fallback off?
WARNING: Shader Unsupported: 'UnityChanToonShader/NoOutline/AngelRing/ToonColor_ShadingGradeMap_TransClipping_StencilOut' - All subshaders removed
WARNING: Shader Did you use #pragma only_renderers and omit this platform?
WARNING: Shader If subshaders removal was intentional, you may have forgotten turning Fallback off?
WARNING: Shader Unsupported: 'UnityChanToonShader/NoOutline/AngelRing/ToonColor_ShadingGradeMap_TransClipping_StencilOut' - All subshaders removed
WARNING: Shader Did you use #pragma only_renderers and omit this platform?
WARNING: Shader If subshaders removal was intentional, you may have forgotten turning Fallback off?
WARNING: Shader Unsupported: 'UnityChanToonShader/NoOutline/ToonColor_DoubleShadeWithFeather_TransClipping_StencilOut' - All subshaders removed
WARNING: Shader Did you use #pragma only_renderers and omit this platform?
WARNING: Shader If subshaders removal was intentional, you may have forgotten turning Fallback off?
WARNING: Shader Unsupported: 'UnityChanToonShader/NoOutline/ToonColor_DoubleShadeWithFeather_TransClipping_StencilOut' - All subshaders removed
WARNING: Shader Did you use #pragma only_renderers and omit this platform?
WARNING: Shader If subshaders removal was intentional, you may have forgotten turning Fallback off?
WARNING: Shader Unsupported: 'UnityChanToonShader/Mobile/Toon_DoubleShadeWithFeather_StencilOut' - All subshaders removed
WARNING: Shader Did you use #pragma only_renderers and omit this platform?
WARNING: Shader If subshaders removal was intentional, you may have forgotten turning Fallback off?
WARNING: Shader Unsupported: 'UnityChanToonShader/Mobile/Toon_DoubleShadeWithFeather_StencilOut' - All subshaders removed
WARNING: Shader Did you use #pragma only_renderers and omit this platform?
WARNING: Shader If subshaders removal was intentional, you may have forgotten turning Fallback off?
WARNING: Shader Unsupported: 'UnityChanToonShader/Tessellation/Light/Toon_DoubleShadeWithFeather_StencilMask' - All subshaders removed
WARNING: Shader Did you use #pragma only_renderers and omit this platform?
WARNING: Shader If subshaders removal was intentional, you may have forgotten turning Fallback off?
WARNING: Shader Unsupported: 'UnityChanToonShader/Tessellation/Light/Toon_DoubleShadeWithFeather_StencilMask' - All subshaders removed
WARNING: Shader Did you use #pragma only_renderers and omit this platform?
WARNING: Shader If subshaders removal was intentional, you may have forgotten turning Fallback off?
Refreshing native plugins compatible for Editor in 7.55 ms, found 4 plugins.
Preloading 0 native plugins for Editor in 0.00 ms.
Unloading 3586 Unused Serialized files (Serialized files now loaded: 0)
Unloading 77 unused Assets / (10.7 MB). Loaded Objects now: 4099.
Memory consumption went from 165.2 MB to 154.5 MB.
Total: 7.901500 ms (FindLiveObjects: 0.320400 ms CreateObjectMapping: 0.104100 ms MarkObjects: 2.284300 ms  DeleteObjects: 5.191800 ms)

Prepare: number of updated asset objects reloaded= 0
AssetImportParameters requested are different than current active one (requested -> active):
  custom:container-demuxer-ogg: 62fdf1f143b41e24485cea50d1cbac27 -> 
  custom:video-codec-MediaFoundation-h265: 746d11721c4dcdbdad8f713fa42b33f4 -> 
  custom:video-decoder-ogg-theora: a1e56fd34408186e4bbccfd4996cb3dc -> 
  custom:framework-win-MediaFoundation: 216162199b28c13a410421893ffa2e32 -> 
  custom:CustomObjectIndexerAttribute: 9a22284fe3817be447336de3de66b15e -> 
  custom:container-demuxer-webm: 4f35f7cbe854078d1ac9338744f61a02 -> 
  custom:container-muxer-webm: aa71ff27fc2769a1b78a27578f13a17b -> 
  custom:video-decoder-webm-vp8: 9c59270c3fd7afecdb556c50c9e8de78 -> 
  custom:SearchIndexIgnoredProperties: e643bd26f0fe6173181afceb89e7c659 -> 
  custom:AudioImporter_EditorPlatform: d09bf68614088b80899f8185d706f6e7 -> 
  custom:video-encoder-webm-vp8: eb34c28f22e8b96e1ab97ce403110664 -> 
  custom:audio-decoder-ogg-vorbis: bf7c407c2cedff20999df2af8eb42d56 -> 
  custom:audio-encoder-webm-vorbis: bf7c407c2cedff20999df2af8eb42d56 -> 
========================================================================
Received Prepare
WARNING: Shader Unsupported: 'UnityChanToonShader/NoOutline/ToonColor_ShadingGradeMap_StencilMask' - All subshaders removed
WARNING: Shader Did you use #pragma only_renderers and omit this platform?
WARNING: Shader If subshaders removal was intentional, you may have forgotten turning Fallback off?
WARNING: Shader Unsupported: 'UnityChanToonShader/NoOutline/ToonColor_ShadingGradeMap_StencilMask' - All subshaders removed
WARNING: Shader Did you use #pragma only_renderers and omit this platform?
WARNING: Shader If subshaders removal was intentional, you may have forgotten turning Fallback off?
WARNING: Shader Unsupported: 'UnityChanToonShader/Tessellation/Light/Toon_DoubleShadeWithFeather_StencilOut' - All subshaders removed
WARNING: Shader Did you use #pragma only_renderers and omit this platform?
WARNING: Shader If subshaders removal was intentional, you may have forgotten turning Fallback off?
WARNING: Shader Unsupported: 'UnityChanToonShader/Tessellation/Light/Toon_DoubleShadeWithFeather_StencilOut' - All subshaders removed
WARNING: Shader Did you use #pragma only_renderers and omit this platform?
WARNING: Shader If subshaders removal was intentional, you may have forgotten turning Fallback off?
WARNING: Shader Unsupported: 'UnityChanToonShader/Tessellation/NoOutline/ToonColor_DoubleShadeWithFeather_StencilOut' - All subshaders removed
WARNING: Shader Did you use #pragma only_renderers and omit this platform?
WARNING: Shader If subshaders removal was intentional, you may have forgotten turning Fallback off?
WARNING: Shader Unsupported: 'UnityChanToonShader/Tessellation/NoOutline/ToonColor_DoubleShadeWithFeather_StencilOut' - All subshaders removed
WARNING: Shader Did you use #pragma only_renderers and omit this platform?
WARNING: Shader If subshaders removal was intentional, you may have forgotten turning Fallback off?
WARNING: Shader Unsupported: 'UnityChanToonShader/Mobile/Toon_DoubleShadeWithFeather_Clipping' - All subshaders removed
WARNING: Shader Did you use #pragma only_renderers and omit this platform?
WARNING: Shader If subshaders removal was intentional, you may have forgotten turning Fallback off?
WARNING: Shader Unsupported: 'UnityChanToonShader/Mobile/Toon_DoubleShadeWithFeather_Clipping' - All subshaders removed
WARNING: Shader Did you use #pragma only_renderers and omit this platform?
WARNING: Shader If subshaders removal was intentional, you may have forgotten turning Fallback off?
WARNING: Shader Unsupported: 'UnityChanToonShader/NoOutline/ToonColor_DoubleShadeWithFeather_Clipping_StencilOut' - All subshaders removed
WARNING: Shader Did you use #pragma only_renderers and omit this platform?
WARNING: Shader If subshaders removal was intentional, you may have forgotten turning Fallback off?
WARNING: Shader Unsupported: 'UnityChanToonShader/NoOutline/ToonColor_DoubleShadeWithFeather_Clipping_StencilOut' - All subshaders removed
WARNING: Shader Did you use #pragma only_renderers and omit this platform?
WARNING: Shader If subshaders removal was intentional, you may have forgotten turning Fallback off?
WARNING: Shader Unsupported: 'UnityChanToonShader/NoOutline/ToonColor_DoubleShadeWithFeather_StencilOut' - All subshaders removed
WARNING: Shader Did you use #pragma only_renderers and omit this platform?
WARNING: Shader If subshaders removal was intentional, you may have forgotten turning Fallback off?
WARNING: Shader Unsupported: 'UnityChanToonShader/NoOutline/ToonColor_DoubleShadeWithFeather_StencilOut' - All subshaders removed
WARNING: Shader Did you use #pragma only_renderers and omit this platform?
WARNING: Shader If subshaders removal was intentional, you may have forgotten turning Fallback off?
WARNING: Shader Unsupported: 'UnityChanToonShader/NoOutline/ToonColor_DoubleShadeWithFeather_StencilMask' - All subshaders removed
WARNING: Shader Did you use #pragma only_renderers and omit this platform?
WARNING: Shader If subshaders removal was intentional, you may have forgotten turning Fallback off?
WARNING: Shader Unsupported: 'UnityChanToonShader/NoOutline/ToonColor_DoubleShadeWithFeather_StencilMask' - All subshaders removed
WARNING: Shader Did you use #pragma only_renderers and omit this platform?
WARNING: Shader If subshaders removal was intentional, you may have forgotten turning Fallback off?
WARNING: Shader Unsupported: 'UnityChanToonShader/Tessellation/NoOutline/ToonColor_ShadingGradeMap' - All subshaders removed
WARNING: Shader Did you use #pragma only_renderers and omit this platform?
WARNING: Shader If subshaders removal was intentional, you may have forgotten turning Fallback off?
WARNING: Shader Unsupported: 'UnityChanToonShader/Tessellation/NoOutline/ToonColor_ShadingGradeMap' - All subshaders removed
WARNING: Shader Did you use #pragma only_renderers and omit this platform?
WARNING: Shader If subshaders removal was intentional, you may have forgotten turning Fallback off?
WARNING: Shader Unsupported: 'UnityChanToonShader/Tessellation/NoOutline/ToonColor_DoubleShadeWithFeather' - All subshaders removed
WARNING: Shader Did you use #pragma only_renderers and omit this platform?
WARNING: Shader If subshaders removal was intentional, you may have forgotten turning Fallback off?
WARNING: Shader Unsupported: 'UnityChanToonShader/Tessellation/NoOutline/ToonColor_DoubleShadeWithFeather' - All subshaders removed
WARNING: Shader Did you use #pragma only_renderers and omit this platform?
WARNING: Shader If subshaders removal was intentional, you may have forgotten turning Fallback off?
WARNING: Shader Unsupported: 'UnityChanToonShader/Mobile/Toon_ShadingGradeMap_StencilOut' - All subshaders removed
WARNING: Shader Did you use #pragma only_renderers and omit this platform?
WARNING: Shader If subshaders removal was intentional, you may have forgotten turning Fallback off?
WARNING: Shader Unsupported: 'UnityChanToonShader/Mobile/Toon_ShadingGradeMap_StencilOut' - All subshaders removed
WARNING: Shader Did you use #pragma only_renderers and omit this platform?
WARNING: Shader If subshaders removal was intentional, you may have forgotten turning Fallback off?
WARNING: Shader Unsupported: 'UnityChanToonShader/NoOutline/ToonColor_DoubleShadeWithFeather_TransClipping_StencilMask' - All subshaders removed
WARNING: Shader Did you use #pragma only_renderers and omit this platform?
WARNING: Shader If subshaders removal was intentional, you may have forgotten turning Fallback off?
WARNING: Shader Unsupported: 'UnityChanToonShader/NoOutline/ToonColor_DoubleShadeWithFeather_TransClipping_StencilMask' - All subshaders removed
WARNING: Shader Did you use #pragma only_renderers and omit this platform?
WARNING: Shader If subshaders removal was intentional, you may have forgotten turning Fallback off?
WARNING: Shader Unsupported: 'UnityChanToonShader/Tessellation/NoOutline/ToonColor_DoubleShadeWithFeather_Clipping_StencilMask' - All subshaders removed
WARNING: Shader Did you use #pragma only_renderers and omit this platform?
WARNING: Shader If subshaders removal was intentional, you may have forgotten turning Fallback off?
WARNING: Shader Unsupported: 'UnityChanToonShader/Tessellation/NoOutline/ToonColor_DoubleShadeWithFeather_Clipping_StencilMask' - All subshaders removed
WARNING: Shader Did you use #pragma only_renderers and omit this platform?
WARNING: Shader If subshaders removal was intentional, you may have forgotten turning Fallback off?
WARNING: Shader Unsupported: 'UnityChanToonShader/Mobile/Toon_DoubleShadeWithFeather' - All subshaders removed
WARNING: Shader Did you use #pragma only_renderers and omit this platform?
WARNING: Shader If subshaders removal was intentional, you may have forgotten turning Fallback off?
WARNING: Shader Unsupported: 'UnityChanToonShader/Mobile/Toon_DoubleShadeWithFeather' - All subshaders removed
WARNING: Shader Did you use #pragma only_renderers and omit this platform?
WARNING: Shader If subshaders removal was intentional, you may have forgotten turning Fallback off?
WARNING: Shader Unsupported: 'UnityChanToonShader/Mobile/Toon_DoubleShadeWithFeather_TransClipping_StencilMask' - All subshaders removed
WARNING: Shader Did you use #pragma only_renderers and omit this platform?
WARNING: Shader If subshaders removal was intentional, you may have forgotten turning Fallback off?
WARNING: Shader Unsupported: 'UnityChanToonShader/Mobile/Toon_DoubleShadeWithFeather_TransClipping_StencilMask' - All subshaders removed
WARNING: Shader Did you use #pragma only_renderers and omit this platform?
WARNING: Shader If subshaders removal was intentional, you may have forgotten turning Fallback off?
WARNING: Shader Unsupported: 'UnityChanToonShader/NoOutline/ToonColor_DoubleShadeWithFeather_Clipping_StencilMask' - All subshaders removed
WARNING: Shader Did you use #pragma only_renderers and omit this platform?
WARNING: Shader If subshaders removal was intentional, you may have forgotten turning Fallback off?
WARNING: Shader Unsupported: 'UnityChanToonShader/NoOutline/ToonColor_DoubleShadeWithFeather_Clipping_StencilMask' - All subshaders removed
WARNING: Shader Did you use #pragma only_renderers and omit this platform?
WARNING: Shader If subshaders removal was intentional, you may have forgotten turning Fallback off?
WARNING: Shader Unsupported: 'UnityChanToonShader/Tessellation/Light/AngelRing/Toon_ShadingGradeMap' - All subshaders removed
WARNING: Shader Did you use #pragma only_renderers and omit this platform?
WARNING: Shader If subshaders removal was intentional, you may have forgotten turning Fallback off?
WARNING: Shader Unsupported: 'UnityChanToonShader/Tessellation/Light/AngelRing/Toon_ShadingGradeMap' - All subshaders removed
WARNING: Shader Did you use #pragma only_renderers and omit this platform?
WARNING: Shader If subshaders removal was intentional, you may have forgotten turning Fallback off?
WARNING: Shader Unsupported: 'UnityChanToonShader/Mobile/Toon_ShadingGradeMap' - All subshaders removed
WARNING: Shader Did you use #pragma only_renderers and omit this platform?
WARNING: Shader If subshaders removal was intentional, you may have forgotten turning Fallback off?
WARNING: Shader Unsupported: 'UnityChanToonShader/Mobile/Toon_ShadingGradeMap' - All subshaders removed
WARNING: Shader Did you use #pragma only_renderers and omit this platform?
WARNING: Shader If subshaders removal was intentional, you may have forgotten turning Fallback off?
WARNING: Shader Unsupported: 'UnityChanToonShader/Mobile/Toon_DoubleShadeWithFeather_TransClipping' - All subshaders removed
WARNING: Shader Did you use #pragma only_renderers and omit this platform?
WARNING: Shader If subshaders removal was intentional, you may have forgotten turning Fallback off?
WARNING: Shader Unsupported: 'UnityChanToonShader/Mobile/Toon_DoubleShadeWithFeather_TransClipping' - All subshaders removed
WARNING: Shader Did you use #pragma only_renderers and omit this platform?
WARNING: Shader If subshaders removal was intentional, you may have forgotten turning Fallback off?
WARNING: Shader Unsupported: 'UnityChanToonShader/Tessellation/Light/Toon_DoubleShadeWithFeather' - All subshaders removed
WARNING: Shader Did you use #pragma only_renderers and omit this platform?
WARNING: Shader If subshaders removal was intentional, you may have forgotten turning Fallback off?
WARNING: Shader Unsupported: 'UnityChanToonShader/Tessellation/Light/Toon_DoubleShadeWithFeather' - All subshaders removed
WARNING: Shader Did you use #pragma only_renderers and omit this platform?
WARNING: Shader If subshaders removal was intentional, you may have forgotten turning Fallback off?
WARNING: Shader Unsupported: 'UnityChanToonShader/NoOutline/ToonColor_DoubleShadeWithFeather_TransClipping' - All subshaders removed
WARNING: Shader Did you use #pragma only_renderers and omit this platform?
WARNING: Shader If subshaders removal was intentional, you may have forgotten turning Fallback off?
WARNING: Shader Unsupported: 'UnityChanToonShader/NoOutline/ToonColor_DoubleShadeWithFeather_TransClipping' - All subshaders removed
WARNING: Shader Did you use #pragma only_renderers and omit this platform?
WARNING: Shader If subshaders removal was intentional, you may have forgotten turning Fallback off?
WARNING: Shader Unsupported: 'UnityChanToonShader/Tessellation/NoOutline/ToonColor_ShadingGradeMap_StencilOut' - All subshaders removed
WARNING: Shader Did you use #pragma only_renderers and omit this platform?
WARNING: Shader If subshaders removal was intentional, you may have forgotten turning Fallback off?
WARNING: Shader Unsupported: 'UnityChanToonShader/Tessellation/NoOutline/ToonColor_ShadingGradeMap_StencilOut' - All subshaders removed
WARNING: Shader Did you use #pragma only_renderers and omit this platform?
WARNING: Shader If subshaders removal was intentional, you may have forgotten turning Fallback off?
WARNING: Shader Unsupported: 'UnityChanToonShader/NoOutline/ToonColor_DoubleShadeWithFeather' - All subshaders removed
WARNING: Shader Did you use #pragma only_renderers and omit this platform?
WARNING: Shader If subshaders removal was intentional, you may have forgotten turning Fallback off?
WARNING: Shader Unsupported: 'UnityChanToonShader/NoOutline/ToonColor_DoubleShadeWithFeather' - All subshaders removed
WARNING: Shader Did you use #pragma only_renderers and omit this platform?
WARNING: Shader If subshaders removal was intentional, you may have forgotten turning Fallback off?
WARNING: Shader Unsupported: 'UnityChanToonShader/Mobile/AngelRing/Toon_ShadingGradeMap_StencilOut' - All subshaders removed
WARNING: Shader Did you use #pragma only_renderers and omit this platform?
WARNING: Shader If subshaders removal was intentional, you may have forgotten turning Fallback off?
WARNING: Shader Unsupported: 'UnityChanToonShader/Mobile/AngelRing/Toon_ShadingGradeMap_StencilOut' - All subshaders removed
WARNING: Shader Did you use #pragma only_renderers and omit this platform?
WARNING: Shader If subshaders removal was intentional, you may have forgotten turning Fallback off?
WARNING: Shader Unsupported: 'UnityChanToonShader/Tessellation/NoOutline/AngelRing/ToonColor_ShadingGradeMap' - All subshaders removed
WARNING: Shader Did you use #pragma only_renderers and omit this platform?
WARNING: Shader If subshaders removal was intentional, you may have forgotten turning Fallback off?
WARNING: Shader Unsupported: 'UnityChanToonShader/Tessellation/NoOutline/AngelRing/ToonColor_ShadingGradeMap' - All subshaders removed
WARNING: Shader Did you use #pragma only_renderers and omit this platform?
WARNING: Shader If subshaders removal was intentional, you may have forgotten turning Fallback off?
WARNING: Shader Unsupported: 'UnityChanToonShader/Mobile/Toon_DoubleShadeWithFeather_Clipping_StencilMask' - All subshaders removed
WARNING: Shader Did you use #pragma only_renderers and omit this platform?
WARNING: Shader If subshaders removal was intentional, you may have forgotten turning Fallback off?
WARNING: Shader Unsupported: 'UnityChanToonShader/Mobile/Toon_DoubleShadeWithFeather_Clipping_StencilMask' - All subshaders removed
WARNING: Shader Did you use #pragma only_renderers and omit this platform?
WARNING: Shader If subshaders removal was intentional, you may have forgotten turning Fallback off?
WARNING: Shader Unsupported: 'UnityChanToonShader/Mobile/Toon_ShadingGradeMap_TransClipping' - All subshaders removed
WARNING: Shader Did you use #pragma only_renderers and omit this platform?
WARNING: Shader If subshaders removal was intentional, you may have forgotten turning Fallback off?
WARNING: Shader Unsupported: 'UnityChanToonShader/Mobile/Toon_ShadingGradeMap_TransClipping' - All subshaders removed
WARNING: Shader Did you use #pragma only_renderers and omit this platform?
WARNING: Shader If subshaders removal was intentional, you may have forgotten turning Fallback off?
WARNING: Shader Unsupported: 'UnityChanToonShader/Mobile/Toon_ShadingGradeMap_StencilMask' - All subshaders removed
WARNING: Shader Did you use #pragma only_renderers and omit this platform?
WARNING: Shader If subshaders removal was intentional, you may have forgotten turning Fallback off?
WARNING: Shader Unsupported: 'UnityChanToonShader/Mobile/Toon_ShadingGradeMap_StencilMask' - All subshaders removed
WARNING: Shader Did you use #pragma only_renderers and omit this platform?
WARNING: Shader If subshaders removal was intentional, you may have forgotten turning Fallback off?
WARNING: Shader Unsupported: 'UnityChanToonShader/NoOutline/ToonColor_ShadingGradeMap_TransClipping_StencilMask' - All subshaders removed
WARNING: Shader Did you use #pragma only_renderers and omit this platform?
WARNING: Shader If subshaders removal was intentional, you may have forgotten turning Fallback off?
WARNING: Shader Unsupported: 'UnityChanToonShader/NoOutline/ToonColor_ShadingGradeMap_TransClipping_StencilMask' - All subshaders removed
WARNING: Shader Did you use #pragma only_renderers and omit this platform?
WARNING: Shader If subshaders removal was intentional, you may have forgotten turning Fallback off?
WARNING: Shader Unsupported: 'UnityChanToonShader/Tessellation/NoOutline/AngelRing/ToonColor_ShadingGradeMap_TransClipping_StencilOut' - All subshaders removed
WARNING: Shader Did you use #pragma only_renderers and omit this platform?
WARNING: Shader If subshaders removal was intentional, you may have forgotten turning Fallback off?
WARNING: Shader Unsupported: 'UnityChanToonShader/Tessellation/NoOutline/AngelRing/ToonColor_ShadingGradeMap_TransClipping_StencilOut' - All subshaders removed
WARNING: Shader Did you use #pragma only_renderers and omit this platform?
WARNING: Shader If subshaders removal was intentional, you may have forgotten turning Fallback off?
WARNING: Shader Unsupported: 'UnityChanToonShader/Mobile/Toon_DoubleShadeWithFeather_StencilMask' - All subshaders removed
WARNING: Shader Did you use #pragma only_renderers and omit this platform?
WARNING: Shader If subshaders removal was intentional, you may have forgotten turning Fallback off?
WARNING: Shader Unsupported: 'UnityChanToonShader/Mobile/Toon_DoubleShadeWithFeather_StencilMask' - All subshaders removed
WARNING: Shader Did you use #pragma only_renderers and omit this platform?
WARNING: Shader If subshaders removal was intentional, you may have forgotten turning Fallback off?
WARNING: Shader Unsupported: 'UnityChanToonShader/Tessellation/NoOutline/ToonColor_DoubleShadeWithFeather_TransClipping_StencilMask' - All subshaders removed
WARNING: Shader Did you use #pragma only_renderers and omit this platform?
WARNING: Shader If subshaders removal was intentional, you may have forgotten turning Fallback off?
WARNING: Shader Unsupported: 'UnityChanToonShader/Tessellation/NoOutline/ToonColor_DoubleShadeWithFeather_TransClipping_StencilMask' - All subshaders removed
WARNING: Shader Did you use #pragma only_renderers and omit this platform?
WARNING: Shader If subshaders removal was intentional, you may have forgotten turning Fallback off?
WARNING: Shader Unsupported: 'UnityChanToonShader/Tessellation/NoOutline/ToonColor_DoubleShadeWithFeather_Clipping' - All subshaders removed
WARNING: Shader Did you use #pragma only_renderers and omit this platform?
WARNING: Shader If subshaders removal was intentional, you may have forgotten turning Fallback off?
WARNING: Shader Unsupported: 'UnityChanToonShader/Tessellation/NoOutline/ToonColor_DoubleShadeWithFeather_Clipping' - All subshaders removed
WARNING: Shader Did you use #pragma only_renderers and omit this platform?
WARNING: Shader If subshaders removal was intentional, you may have forgotten turning Fallback off?
WARNING: Shader Unsupported: 'UnityChanToonShader/Tessellation/Light/Toon_ShadingGradeMap_StencilMask' - All subshaders removed
WARNING: Shader Did you use #pragma only_renderers and omit this platform?
WARNING: Shader If subshaders removal was intentional, you may have forgotten turning Fallback off?
WARNING: Shader Unsupported: 'UnityChanToonShader/Tessellation/Light/Toon_ShadingGradeMap_StencilMask' - All subshaders removed
WARNING: Shader Did you use #pragma only_renderers and omit this platform?
WARNING: Shader If subshaders removal was intentional, you may have forgotten turning Fallback off?
WARNING: Shader Unsupported: 'UnityChanToonShader/Tessellation/NoOutline/ToonColor_ShadingGradeMap_StencilMask' - All subshaders removed
WARNING: Shader Did you use #pragma only_renderers and omit this platform?
WARNING: Shader If subshaders removal was intentional, you may have forgotten turning Fallback off?
WARNING: Shader Unsupported: 'UnityChanToonShader/Tessellation/NoOutline/ToonColor_ShadingGradeMap_StencilMask' - All subshaders removed
WARNING: Shader Did you use #pragma only_renderers and omit this platform?
WARNING: Shader If subshaders removal was intentional, you may have forgotten turning Fallback off?
WARNING: Shader Unsupported: 'UnityChanToonShader/Tessellation/NoOutline/AngelRing/ToonColor_ShadingGradeMap_StencilOut' - All subshaders removed
WARNING: Shader Did you use #pragma only_renderers and omit this platform?
WARNING: Shader If subshaders removal was intentional, you may have forgotten turning Fallback off?
WARNING: Shader Unsupported: 'UnityChanToonShader/Tessellation/NoOutline/AngelRing/ToonColor_ShadingGradeMap_StencilOut' - All subshaders removed
WARNING: Shader Did you use #pragma only_renderers and omit this platform?
WARNING: Shader If subshaders removal was intentional, you may have forgotten turning Fallback off?
WARNING: Shader Unsupported: 'UnityChanToonShader/NoOutline/ToonColor_ShadingGradeMap_StencilOut' - All subshaders removed
WARNING: Shader Did you use #pragma only_renderers and omit this platform?
WARNING: Shader If subshaders removal was intentional, you may have forgotten turning Fallback off?
WARNING: Shader Unsupported: 'UnityChanToonShader/NoOutline/ToonColor_ShadingGradeMap_StencilOut' - All subshaders removed
WARNING: Shader Did you use #pragma only_renderers and omit this platform?
WARNING: Shader If subshaders removal was intentional, you may have forgotten turning Fallback off?
WARNING: Shader Unsupported: 'UnityChanToonShader/NoOutline/ToonColor_ShadingGradeMap' - All subshaders removed
WARNING: Shader Did you use #pragma only_renderers and omit this platform?
WARNING: Shader If subshaders removal was intentional, you may have forgotten turning Fallback off?
WARNING: Shader Unsupported: 'UnityChanToonShader/NoOutline/ToonColor_ShadingGradeMap' - All subshaders removed
WARNING: Shader Did you use #pragma only_renderers and omit this platform?
WARNING: Shader If subshaders removal was intentional, you may have forgotten turning Fallback off?
WARNING: Shader Unsupported: 'UnityChanToonShader/NoOutline/ToonColor_DoubleShadeWithFeather_Clipping' - All subshaders removed
WARNING: Shader Did you use #pragma only_renderers and omit this platform?
WARNING: Shader If subshaders removal was intentional, you may have forgotten turning Fallback off?
WARNING: Shader Unsupported: 'UnityChanToonShader/NoOutline/ToonColor_DoubleShadeWithFeather_Clipping' - All subshaders removed
WARNING: Shader Did you use #pragma only_renderers and omit this platform?
WARNING: Shader If subshaders removal was intentional, you may have forgotten turning Fallback off?
WARNING: Shader Unsupported: 'UnityChanToonShader/NoOutline/ToonColor_ShadingGradeMap_TransClipping_StencilOut' - All subshaders removed
WARNING: Shader Did you use #pragma only_renderers and omit this platform?
WARNING: Shader If subshaders removal was intentional, you may have forgotten turning Fallback off?
WARNING: Shader Unsupported: 'UnityChanToonShader/NoOutline/ToonColor_ShadingGradeMap_TransClipping_StencilOut' - All subshaders removed
WARNING: Shader Did you use #pragma only_renderers and omit this platform?
WARNING: Shader If subshaders removal was intentional, you may have forgotten turning Fallback off?
WARNING: Shader Unsupported: 'UnityChanToonShader/Tessellation/NoOutline/ToonColor_DoubleShadeWithFeather_TransClipping_StencilOut' - All subshaders removed
WARNING: Shader Did you use #pragma only_renderers and omit this platform?
WARNING: Shader If subshaders removal was intentional, you may have forgotten turning Fallback off?
WARNING: Shader Unsupported: 'UnityChanToonShader/Tessellation/NoOutline/ToonColor_DoubleShadeWithFeather_TransClipping_StencilOut' - All subshaders removed
WARNING: Shader Did you use #pragma only_renderers and omit this platform?
WARNING: Shader If subshaders removal was intentional, you may have forgotten turning Fallback off?
WARNING: Shader Unsupported: 'UnityChanToonShader/Tessellation/NoOutline/ToonColor_DoubleShadeWithFeather_Clipping_StencilOut' - All subshaders removed
WARNING: Shader Did you use #pragma only_renderers and omit this platform?
WARNING: Shader If subshaders removal was intentional, you may have forgotten turning Fallback off?
WARNING: Shader Unsupported: 'UnityChanToonShader/Tessellation/NoOutline/ToonColor_DoubleShadeWithFeather_Clipping_StencilOut' - All subshaders removed
WARNING: Shader Did you use #pragma only_renderers and omit this platform?
WARNING: Shader If subshaders removal was intentional, you may have forgotten turning Fallback off?
WARNING: Shader Unsupported: 'UnityChanToonShader/Tessellation/NoOutline/ToonColor_ShadingGradeMap_TransClipping' - All subshaders removed
WARNING: Shader Did you use #pragma only_renderers and omit this platform?
WARNING: Shader If subshaders removal was intentional, you may have forgotten turning Fallback off?
WARNING: Shader Unsupported: 'UnityChanToonShader/Tessellation/NoOutline/ToonColor_ShadingGradeMap_TransClipping' - All subshaders removed
WARNING: Shader Did you use #pragma only_renderers and omit this platform?
WARNING: Shader If subshaders removal was intentional, you may have forgotten turning Fallback off?
WARNING: Shader Unsupported: 'UnityChanToonShader/Tessellation/Light/Toon_ShadingGradeMap_StencilOut' - All subshaders removed
WARNING: Shader Did you use #pragma only_renderers and omit this platform?
WARNING: Shader If subshaders removal was intentional, you may have forgotten turning Fallback off?
WARNING: Shader Unsupported: 'UnityChanToonShader/Tessellation/Light/Toon_ShadingGradeMap_StencilOut' - All subshaders removed
WARNING: Shader Did you use #pragma only_renderers and omit this platform?
WARNING: Shader If subshaders removal was intentional, you may have forgotten turning Fallback off?
WARNING: Shader Unsupported: 'UnityChanToonShader/Mobile/AngelRing/Toon_ShadingGradeMap' - All subshaders removed
WARNING: Shader Did you use #pragma only_renderers and omit this platform?
WARNING: Shader If subshaders removal was intentional, you may have forgotten turning Fallback off?
WARNING: Shader Unsupported: 'UnityChanToonShader/Mobile/AngelRing/Toon_ShadingGradeMap' - All subshaders removed
WARNING: Shader Did you use #pragma only_renderers and omit this platform?
WARNING: Shader If subshaders removal was intentional, you may have forgotten turning Fallback off?
WARNING: Shader Unsupported: 'UnityChanToonShader/Tessellation/Light/AngelRing/Toon_ShadingGradeMap_StencilOut' - All subshaders removed
WARNING: Shader Did you use #pragma only_renderers and omit this platform?
WARNING: Shader If subshaders removal was intentional, you may have forgotten turning Fallback off?
WARNING: Shader Unsupported: 'UnityChanToonShader/Tessellation/Light/AngelRing/Toon_ShadingGradeMap_StencilOut' - All subshaders removed
WARNING: Shader Did you use #pragma only_renderers and omit this platform?
WARNING: Shader If subshaders removal was intentional, you may have forgotten turning Fallback off?
WARNING: Shader Unsupported: 'UnityChanToonShader/Tessellation/NoOutline/AngelRing/ToonColor_ShadingGradeMap_TransClipping' - All subshaders removed
WARNING: Shader Did you use #pragma only_renderers and omit this platform?
WARNING: Shader If subshaders removal was intentional, you may have forgotten turning Fallback off?
WARNING: Shader Unsupported: 'UnityChanToonShader/Tessellation/NoOutline/AngelRing/ToonColor_ShadingGradeMap_TransClipping' - All subshaders removed
WARNING: Shader Did you use #pragma only_renderers and omit this platform?
WARNING: Shader If subshaders removal was intentional, you may have forgotten turning Fallback off?
WARNING: Shader Unsupported: 'UnityChanToonShader/NoOutline/AngelRing/ToonColor_ShadingGradeMap_TransClipping' - All subshaders removed
WARNING: Shader Did you use #pragma only_renderers and omit this platform?
WARNING: Shader If subshaders removal was intentional, you may have forgotten turning Fallback off?
WARNING: Shader Unsupported: 'UnityChanToonShader/NoOutline/AngelRing/ToonColor_ShadingGradeMap_TransClipping' - All subshaders removed
WARNING: Shader Did you use #pragma only_renderers and omit this platform?
WARNING: Shader If subshaders removal was intentional, you may have forgotten turning Fallback off?
WARNING: Shader Unsupported: 'UnityChanToonShader/Mobile/Toon_ShadingGradeMap_TransClipping_StencilMask' - All subshaders removed
WARNING: Shader Did you use #pragma only_renderers and omit this platform?
WARNING: Shader If subshaders removal was intentional, you may have forgotten turning Fallback off?
WARNING: Shader Unsupported: 'UnityChanToonShader/Mobile/Toon_ShadingGradeMap_TransClipping_StencilMask' - All subshaders removed
WARNING: Shader Did you use #pragma only_renderers and omit this platform?
WARNING: Shader If subshaders removal was intentional, you may have forgotten turning Fallback off?
WARNING: Shader Unsupported: 'UnityChanToonShader/NoOutline/ToonColor_ShadingGradeMap_TransClipping' - All subshaders removed
WARNING: Shader Did you use #pragma only_renderers and omit this platform?
WARNING: Shader If subshaders removal was intentional, you may have forgotten turning Fallback off?
WARNING: Shader Unsupported: 'UnityChanToonShader/NoOutline/ToonColor_ShadingGradeMap_TransClipping' - All subshaders removed
WARNING: Shader Did you use #pragma only_renderers and omit this platform?
WARNING: Shader If subshaders removal was intentional, you may have forgotten turning Fallback off?
WARNING: Shader Unsupported: 'UnityChanToonShader/NoOutline/AngelRing/ToonColor_ShadingGradeMap_StencilOut' - All subshaders removed
WARNING: Shader Did you use #pragma only_renderers and omit this platform?
WARNING: Shader If subshaders removal was intentional, you may have forgotten turning Fallback off?
WARNING: Shader Unsupported: 'UnityChanToonShader/NoOutline/AngelRing/ToonColor_ShadingGradeMap_StencilOut' - All subshaders removed
WARNING: Shader Did you use #pragma only_renderers and omit this platform?
WARNING: Shader If subshaders removal was intentional, you may have forgotten turning Fallback off?
WARNING: Shader Unsupported: 'UnityChanToonShader/Tessellation/NoOutline/ToonColor_ShadingGradeMap_TransClipping_StencilMask' - All subshaders removed
WARNING: Shader Did you use #pragma only_renderers and omit this platform?
WARNING: Shader If subshaders removal was intentional, you may have forgotten turning Fallback off?
WARNING: Shader Unsupported: 'UnityChanToonShader/Tessellation/NoOutline/ToonColor_ShadingGradeMap_TransClipping_StencilMask' - All subshaders removed
WARNING: Shader Did you use #pragma only_renderers and omit this platform?
WARNING: Shader If subshaders removal was intentional, you may have forgotten turning Fallback off?
WARNING: Shader Unsupported: 'UnityChanToonShader/Tessellation/Light/Toon_ShadingGradeMap' - All subshaders removed
WARNING: Shader Did you use #pragma only_renderers and omit this platform?
WARNING: Shader If subshaders removal was intentional, you may have forgotten turning Fallback off?
WARNING: Shader Unsupported: 'UnityChanToonShader/Tessellation/Light/Toon_ShadingGradeMap' - All subshaders removed
WARNING: Shader Did you use #pragma only_renderers and omit this platform?
WARNING: Shader If subshaders removal was intentional, you may have forgotten turning Fallback off?
WARNING: Shader Unsupported: 'UnityChanToonShader/Tessellation/NoOutline/ToonColor_ShadingGradeMap_TransClipping_StencilOut' - All subshaders removed
WARNING: Shader Did you use #pragma only_renderers and omit this platform?
WARNING: Shader If subshaders removal was intentional, you may have forgotten turning Fallback off?
WARNING: Shader Unsupported: 'UnityChanToonShader/Tessellation/NoOutline/ToonColor_ShadingGradeMap_TransClipping_StencilOut' - All subshaders removed
WARNING: Shader Did you use #pragma only_renderers and omit this platform?
WARNING: Shader If subshaders removal was intentional, you may have forgotten turning Fallback off?
WARNING: Shader Unsupported: 'UnityChanToonShader/Tessellation/NoOutline/ToonColor_DoubleShadeWithFeather_StencilMask' - All subshaders removed
WARNING: Shader Did you use #pragma only_renderers and omit this platform?
WARNING: Shader If subshaders removal was intentional, you may have forgotten turning Fallback off?
WARNING: Shader Unsupported: 'UnityChanToonShader/Tessellation/NoOutline/ToonColor_DoubleShadeWithFeather_StencilMask' - All subshaders removed
WARNING: Shader Did you use #pragma only_renderers and omit this platform?
WARNING: Shader If subshaders removal was intentional, you may have forgotten turning Fallback off?
WARNING: Shader Unsupported: 'UnityChanToonShader/NoOutline/AngelRing/ToonColor_ShadingGradeMap' - All subshaders removed
WARNING: Shader Did you use #pragma only_renderers and omit this platform?
WARNING: Shader If subshaders removal was intentional, you may have forgotten turning Fallback off?
WARNING: Shader Unsupported: 'UnityChanToonShader/NoOutline/AngelRing/ToonColor_ShadingGradeMap' - All subshaders removed
WARNING: Shader Did you use #pragma only_renderers and omit this platform?
WARNING: Shader If subshaders removal was intentional, you may have forgotten turning Fallback off?
WARNING: Shader Unsupported: 'UnityChanToonShader/Tessellation/NoOutline/ToonColor_DoubleShadeWithFeather_TransClipping' - All subshaders removed
WARNING: Shader Did you use #pragma only_renderers and omit this platform?
WARNING: Shader If subshaders removal was intentional, you may have forgotten turning Fallback off?
WARNING: Shader Unsupported: 'UnityChanToonShader/Tessellation/NoOutline/ToonColor_DoubleShadeWithFeather_TransClipping' - All subshaders removed
WARNING: Shader Did you use #pragma only_renderers and omit this platform?
WARNING: Shader If subshaders removal was intentional, you may have forgotten turning Fallback off?
WARNING: Shader Unsupported: 'UnityChanToonShader/NoOutline/AngelRing/ToonColor_ShadingGradeMap_TransClipping_StencilOut' - All subshaders removed
WARNING: Shader Did you use #pragma only_renderers and omit this platform?
WARNING: Shader If subshaders removal was intentional, you may have forgotten turning Fallback off?
WARNING: Shader Unsupported: 'UnityChanToonShader/NoOutline/AngelRing/ToonColor_ShadingGradeMap_TransClipping_StencilOut' - All subshaders removed
WARNING: Shader Did you use #pragma only_renderers and omit this platform?
WARNING: Shader If subshaders removal was intentional, you may have forgotten turning Fallback off?
WARNING: Shader Unsupported: 'UnityChanToonShader/NoOutline/ToonColor_DoubleShadeWithFeather_TransClipping_StencilOut' - All subshaders removed
WARNING: Shader Did you use #pragma only_renderers and omit this platform?
WARNING: Shader If subshaders removal was intentional, you may have forgotten turning Fallback off?
WARNING: Shader Unsupported: 'UnityChanToonShader/NoOutline/ToonColor_DoubleShadeWithFeather_TransClipping_StencilOut' - All subshaders removed
WARNING: Shader Did you use #pragma only_renderers and omit this platform?
WARNING: Shader If subshaders removal was intentional, you may have forgotten turning Fallback off?
WARNING: Shader Unsupported: 'UnityChanToonShader/Mobile/Toon_DoubleShadeWithFeather_StencilOut' - All subshaders removed
WARNING: Shader Did you use #pragma only_renderers and omit this platform?
WARNING: Shader If subshaders removal was intentional, you may have forgotten turning Fallback off?
WARNING: Shader Unsupported: 'UnityChanToonShader/Mobile/Toon_DoubleShadeWithFeather_StencilOut' - All subshaders removed
WARNING: Shader Did you use #pragma only_renderers and omit this platform?
WARNING: Shader If subshaders removal was intentional, you may have forgotten turning Fallback off?
WARNING: Shader Unsupported: 'UnityChanToonShader/Tessellation/Light/Toon_DoubleShadeWithFeather_StencilMask' - All subshaders removed
WARNING: Shader Did you use #pragma only_renderers and omit this platform?
WARNING: Shader If subshaders removal was intentional, you may have forgotten turning Fallback off?
WARNING: Shader Unsupported: 'UnityChanToonShader/Tessellation/Light/Toon_DoubleShadeWithFeather_StencilMask' - All subshaders removed
WARNING: Shader Did you use #pragma only_renderers and omit this platform?
WARNING: Shader If subshaders removal was intentional, you may have forgotten turning Fallback off?
Refreshing native plugins compatible for Editor in 8.21 ms, found 4 plugins.
Preloading 0 native plugins for Editor in 0.00 ms.
Unloading 61 Unused Serialized files (Serialized files now loaded: 0)
Unloading 61 unused Assets / (10.6 MB). Loaded Objects now: 4099.
Memory consumption went from 110.6 MB to 100.0 MB.
Total: 8.007700 ms (FindLiveObjects: 0.340800 ms CreateObjectMapping: 0.118900 ms MarkObjects: 2.306100 ms  DeleteObjects: 5.241100 ms)

Prepare: number of updated asset objects reloaded= 0
AssetImportParameters requested are different than current active one (requested -> active):
  custom:container-demuxer-ogg: 62fdf1f143b41e24485cea50d1cbac27 -> 
  custom:video-codec-MediaFoundation-h265: 746d11721c4dcdbdad8f713fa42b33f4 -> 
  custom:video-decoder-ogg-theora: a1e56fd34408186e4bbccfd4996cb3dc -> 
  custom:framework-win-MediaFoundation: 216162199b28c13a410421893ffa2e32 -> 
  custom:CustomObjectIndexerAttribute: 9a22284fe3817be447336de3de66b15e -> 
  custom:container-demuxer-webm: 4f35f7cbe854078d1ac9338744f61a02 -> 
  custom:container-muxer-webm: aa71ff27fc2769a1b78a27578f13a17b -> 
  custom:video-decoder-webm-vp8: 9c59270c3fd7afecdb556c50c9e8de78 -> 
  custom:SearchIndexIgnoredProperties: e643bd26f0fe6173181afceb89e7c659 -> 
  custom:AudioImporter_EditorPlatform: d09bf68614088b80899f8185d706f6e7 -> 
  custom:video-encoder-webm-vp8: eb34c28f22e8b96e1ab97ce403110664 -> 
  custom:audio-decoder-ogg-vorbis: bf7c407c2cedff20999df2af8eb42d56 -> 
  custom:audio-encoder-webm-vorbis: bf7c407c2cedff20999df2af8eb42d56 -> 
========================================================================
Received Prepare
WARNING: Shader Unsupported: 'UnityChanToonShader/NoOutline/ToonColor_ShadingGradeMap_StencilMask' - All subshaders removed
WARNING: Shader Did you use #pragma only_renderers and omit this platform?
WARNING: Shader If subshaders removal was intentional, you may have forgotten turning Fallback off?
WARNING: Shader Unsupported: 'UnityChanToonShader/NoOutline/ToonColor_ShadingGradeMap_StencilMask' - All subshaders removed
WARNING: Shader Did you use #pragma only_renderers and omit this platform?
WARNING: Shader If subshaders removal was intentional, you may have forgotten turning Fallback off?
WARNING: Shader Unsupported: 'UnityChanToonShader/Tessellation/Light/Toon_DoubleShadeWithFeather_StencilOut' - All subshaders removed
WARNING: Shader Did you use #pragma only_renderers and omit this platform?
WARNING: Shader If subshaders removal was intentional, you may have forgotten turning Fallback off?
WARNING: Shader Unsupported: 'UnityChanToonShader/Tessellation/Light/Toon_DoubleShadeWithFeather_StencilOut' - All subshaders removed
WARNING: Shader Did you use #pragma only_renderers and omit this platform?
WARNING: Shader If subshaders removal was intentional, you may have forgotten turning Fallback off?
WARNING: Shader Unsupported: 'UnityChanToonShader/Tessellation/NoOutline/ToonColor_DoubleShadeWithFeather_StencilOut' - All subshaders removed
WARNING: Shader Did you use #pragma only_renderers and omit this platform?
WARNING: Shader If subshaders removal was intentional, you may have forgotten turning Fallback off?
WARNING: Shader Unsupported: 'UnityChanToonShader/Tessellation/NoOutline/ToonColor_DoubleShadeWithFeather_StencilOut' - All subshaders removed
WARNING: Shader Did you use #pragma only_renderers and omit this platform?
WARNING: Shader If subshaders removal was intentional, you may have forgotten turning Fallback off?
WARNING: Shader Unsupported: 'UnityChanToonShader/Mobile/Toon_DoubleShadeWithFeather_Clipping' - All subshaders removed
WARNING: Shader Did you use #pragma only_renderers and omit this platform?
WARNING: Shader If subshaders removal was intentional, you may have forgotten turning Fallback off?
WARNING: Shader Unsupported: 'UnityChanToonShader/Mobile/Toon_DoubleShadeWithFeather_Clipping' - All subshaders removed
WARNING: Shader Did you use #pragma only_renderers and omit this platform?
WARNING: Shader If subshaders removal was intentional, you may have forgotten turning Fallback off?
WARNING: Shader Unsupported: 'UnityChanToonShader/NoOutline/ToonColor_DoubleShadeWithFeather_Clipping_StencilOut' - All subshaders removed
WARNING: Shader Did you use #pragma only_renderers and omit this platform?
WARNING: Shader If subshaders removal was intentional, you may have forgotten turning Fallback off?
WARNING: Shader Unsupported: 'UnityChanToonShader/NoOutline/ToonColor_DoubleShadeWithFeather_Clipping_StencilOut' - All subshaders removed
WARNING: Shader Did you use #pragma only_renderers and omit this platform?
WARNING: Shader If subshaders removal was intentional, you may have forgotten turning Fallback off?
WARNING: Shader Unsupported: 'UnityChanToonShader/NoOutline/ToonColor_DoubleShadeWithFeather_StencilOut' - All subshaders removed
WARNING: Shader Did you use #pragma only_renderers and omit this platform?
WARNING: Shader If subshaders removal was intentional, you may have forgotten turning Fallback off?
WARNING: Shader Unsupported: 'UnityChanToonShader/NoOutline/ToonColor_DoubleShadeWithFeather_StencilOut' - All subshaders removed
WARNING: Shader Did you use #pragma only_renderers and omit this platform?
WARNING: Shader If subshaders removal was intentional, you may have forgotten turning Fallback off?
WARNING: Shader Unsupported: 'UnityChanToonShader/NoOutline/ToonColor_DoubleShadeWithFeather_StencilMask' - All subshaders removed
WARNING: Shader Did you use #pragma only_renderers and omit this platform?
WARNING: Shader If subshaders removal was intentional, you may have forgotten turning Fallback off?
WARNING: Shader Unsupported: 'UnityChanToonShader/NoOutline/ToonColor_DoubleShadeWithFeather_StencilMask' - All subshaders removed
WARNING: Shader Did you use #pragma only_renderers and omit this platform?
WARNING: Shader If subshaders removal was intentional, you may have forgotten turning Fallback off?
WARNING: Shader Unsupported: 'UnityChanToonShader/Tessellation/NoOutline/ToonColor_ShadingGradeMap' - All subshaders removed
WARNING: Shader Did you use #pragma only_renderers and omit this platform?
WARNING: Shader If subshaders removal was intentional, you may have forgotten turning Fallback off?
WARNING: Shader Unsupported: 'UnityChanToonShader/Tessellation/NoOutline/ToonColor_ShadingGradeMap' - All subshaders removed
WARNING: Shader Did you use #pragma only_renderers and omit this platform?
WARNING: Shader If subshaders removal was intentional, you may have forgotten turning Fallback off?
WARNING: Shader Unsupported: 'UnityChanToonShader/Tessellation/NoOutline/ToonColor_DoubleShadeWithFeather' - All subshaders removed
WARNING: Shader Did you use #pragma only_renderers and omit this platform?
WARNING: Shader If subshaders removal was intentional, you may have forgotten turning Fallback off?
WARNING: Shader Unsupported: 'UnityChanToonShader/Tessellation/NoOutline/ToonColor_DoubleShadeWithFeather' - All subshaders removed
WARNING: Shader Did you use #pragma only_renderers and omit this platform?
WARNING: Shader If subshaders removal was intentional, you may have forgotten turning Fallback off?
WARNING: Shader Unsupported: 'UnityChanToonShader/Mobile/Toon_ShadingGradeMap_StencilOut' - All subshaders removed
WARNING: Shader Did you use #pragma only_renderers and omit this platform?
WARNING: Shader If subshaders removal was intentional, you may have forgotten turning Fallback off?
WARNING: Shader Unsupported: 'UnityChanToonShader/Mobile/Toon_ShadingGradeMap_StencilOut' - All subshaders removed
WARNING: Shader Did you use #pragma only_renderers and omit this platform?
WARNING: Shader If subshaders removal was intentional, you may have forgotten turning Fallback off?
WARNING: Shader Unsupported: 'UnityChanToonShader/NoOutline/ToonColor_DoubleShadeWithFeather_TransClipping_StencilMask' - All subshaders removed
WARNING: Shader Did you use #pragma only_renderers and omit this platform?
WARNING: Shader If subshaders removal was intentional, you may have forgotten turning Fallback off?
WARNING: Shader Unsupported: 'UnityChanToonShader/NoOutline/ToonColor_DoubleShadeWithFeather_TransClipping_StencilMask' - All subshaders removed
WARNING: Shader Did you use #pragma only_renderers and omit this platform?
WARNING: Shader If subshaders removal was intentional, you may have forgotten turning Fallback off?
WARNING: Shader Unsupported: 'UnityChanToonShader/Tessellation/NoOutline/ToonColor_DoubleShadeWithFeather_Clipping_StencilMask' - All subshaders removed
WARNING: Shader Did you use #pragma only_renderers and omit this platform?
WARNING: Shader If subshaders removal was intentional, you may have forgotten turning Fallback off?
WARNING: Shader Unsupported: 'UnityChanToonShader/Tessellation/NoOutline/ToonColor_DoubleShadeWithFeather_Clipping_StencilMask' - All subshaders removed
WARNING: Shader Did you use #pragma only_renderers and omit this platform?
WARNING: Shader If subshaders removal was intentional, you may have forgotten turning Fallback off?
WARNING: Shader Unsupported: 'UnityChanToonShader/Mobile/Toon_DoubleShadeWithFeather' - All subshaders removed
WARNING: Shader Did you use #pragma only_renderers and omit this platform?
WARNING: Shader If subshaders removal was intentional, you may have forgotten turning Fallback off?
WARNING: Shader Unsupported: 'UnityChanToonShader/Mobile/Toon_DoubleShadeWithFeather' - All subshaders removed
WARNING: Shader Did you use #pragma only_renderers and omit this platform?
WARNING: Shader If subshaders removal was intentional, you may have forgotten turning Fallback off?
WARNING: Shader Unsupported: 'UnityChanToonShader/Mobile/Toon_DoubleShadeWithFeather_TransClipping_StencilMask' - All subshaders removed
WARNING: Shader Did you use #pragma only_renderers and omit this platform?
WARNING: Shader If subshaders removal was intentional, you may have forgotten turning Fallback off?
WARNING: Shader Unsupported: 'UnityChanToonShader/Mobile/Toon_DoubleShadeWithFeather_TransClipping_StencilMask' - All subshaders removed
WARNING: Shader Did you use #pragma only_renderers and omit this platform?
WARNING: Shader If subshaders removal was intentional, you may have forgotten turning Fallback off?
WARNING: Shader Unsupported: 'UnityChanToonShader/NoOutline/ToonColor_DoubleShadeWithFeather_Clipping_StencilMask' - All subshaders removed
WARNING: Shader Did you use #pragma only_renderers and omit this platform?
WARNING: Shader If subshaders removal was intentional, you may have forgotten turning Fallback off?
WARNING: Shader Unsupported: 'UnityChanToonShader/NoOutline/ToonColor_DoubleShadeWithFeather_Clipping_StencilMask' - All subshaders removed
WARNING: Shader Did you use #pragma only_renderers and omit this platform?
WARNING: Shader If subshaders removal was intentional, you may have forgotten turning Fallback off?
WARNING: Shader Unsupported: 'UnityChanToonShader/Tessellation/Light/AngelRing/Toon_ShadingGradeMap' - All subshaders removed
WARNING: Shader Did you use #pragma only_renderers and omit this platform?
WARNING: Shader If subshaders removal was intentional, you may have forgotten turning Fallback off?
WARNING: Shader Unsupported: 'UnityChanToonShader/Tessellation/Light/AngelRing/Toon_ShadingGradeMap' - All subshaders removed
WARNING: Shader Did you use #pragma only_renderers and omit this platform?
WARNING: Shader If subshaders removal was intentional, you may have forgotten turning Fallback off?
WARNING: Shader Unsupported: 'UnityChanToonShader/Mobile/Toon_ShadingGradeMap' - All subshaders removed
WARNING: Shader Did you use #pragma only_renderers and omit this platform?
WARNING: Shader If subshaders removal was intentional, you may have forgotten turning Fallback off?
WARNING: Shader Unsupported: 'UnityChanToonShader/Mobile/Toon_ShadingGradeMap' - All subshaders removed
WARNING: Shader Did you use #pragma only_renderers and omit this platform?
WARNING: Shader If subshaders removal was intentional, you may have forgotten turning Fallback off?
WARNING: Shader Unsupported: 'UnityChanToonShader/Mobile/Toon_DoubleShadeWithFeather_TransClipping' - All subshaders removed
WARNING: Shader Did you use #pragma only_renderers and omit this platform?
WARNING: Shader If subshaders removal was intentional, you may have forgotten turning Fallback off?
WARNING: Shader Unsupported: 'UnityChanToonShader/Mobile/Toon_DoubleShadeWithFeather_TransClipping' - All subshaders removed
WARNING: Shader Did you use #pragma only_renderers and omit this platform?
WARNING: Shader If subshaders removal was intentional, you may have forgotten turning Fallback off?
WARNING: Shader Unsupported: 'UnityChanToonShader/Tessellation/Light/Toon_DoubleShadeWithFeather' - All subshaders removed
WARNING: Shader Did you use #pragma only_renderers and omit this platform?
WARNING: Shader If subshaders removal was intentional, you may have forgotten turning Fallback off?
WARNING: Shader Unsupported: 'UnityChanToonShader/Tessellation/Light/Toon_DoubleShadeWithFeather' - All subshaders removed
WARNING: Shader Did you use #pragma only_renderers and omit this platform?
WARNING: Shader If subshaders removal was intentional, you may have forgotten turning Fallback off?
WARNING: Shader Unsupported: 'UnityChanToonShader/NoOutline/ToonColor_DoubleShadeWithFeather_TransClipping' - All subshaders removed
WARNING: Shader Did you use #pragma only_renderers and omit this platform?
WARNING: Shader If subshaders removal was intentional, you may have forgotten turning Fallback off?
WARNING: Shader Unsupported: 'UnityChanToonShader/NoOutline/ToonColor_DoubleShadeWithFeather_TransClipping' - All subshaders removed
WARNING: Shader Did you use #pragma only_renderers and omit this platform?
WARNING: Shader If subshaders removal was intentional, you may have forgotten turning Fallback off?
WARNING: Shader Unsupported: 'UnityChanToonShader/Tessellation/NoOutline/ToonColor_ShadingGradeMap_StencilOut' - All subshaders removed
WARNING: Shader Did you use #pragma only_renderers and omit this platform?
WARNING: Shader If subshaders removal was intentional, you may have forgotten turning Fallback off?
WARNING: Shader Unsupported: 'UnityChanToonShader/Tessellation/NoOutline/ToonColor_ShadingGradeMap_StencilOut' - All subshaders removed
WARNING: Shader Did you use #pragma only_renderers and omit this platform?
WARNING: Shader If subshaders removal was intentional, you may have forgotten turning Fallback off?
WARNING: Shader Unsupported: 'UnityChanToonShader/NoOutline/ToonColor_DoubleShadeWithFeather' - All subshaders removed
WARNING: Shader Did you use #pragma only_renderers and omit this platform?
WARNING: Shader If subshaders removal was intentional, you may have forgotten turning Fallback off?
WARNING: Shader Unsupported: 'UnityChanToonShader/NoOutline/ToonColor_DoubleShadeWithFeather' - All subshaders removed
WARNING: Shader Did you use #pragma only_renderers and omit this platform?
WARNING: Shader If subshaders removal was intentional, you may have forgotten turning Fallback off?
WARNING: Shader Unsupported: 'UnityChanToonShader/Mobile/AngelRing/Toon_ShadingGradeMap_StencilOut' - All subshaders removed
WARNING: Shader Did you use #pragma only_renderers and omit this platform?
WARNING: Shader If subshaders removal was intentional, you may have forgotten turning Fallback off?
WARNING: Shader Unsupported: 'UnityChanToonShader/Mobile/AngelRing/Toon_ShadingGradeMap_StencilOut' - All subshaders removed
WARNING: Shader Did you use #pragma only_renderers and omit this platform?
WARNING: Shader If subshaders removal was intentional, you may have forgotten turning Fallback off?
WARNING: Shader Unsupported: 'UnityChanToonShader/Tessellation/NoOutline/AngelRing/ToonColor_ShadingGradeMap' - All subshaders removed
WARNING: Shader Did you use #pragma only_renderers and omit this platform?
WARNING: Shader If subshaders removal was intentional, you may have forgotten turning Fallback off?
WARNING: Shader Unsupported: 'UnityChanToonShader/Tessellation/NoOutline/AngelRing/ToonColor_ShadingGradeMap' - All subshaders removed
WARNING: Shader Did you use #pragma only_renderers and omit this platform?
WARNING: Shader If subshaders removal was intentional, you may have forgotten turning Fallback off?
WARNING: Shader Unsupported: 'UnityChanToonShader/Mobile/Toon_DoubleShadeWithFeather_Clipping_StencilMask' - All subshaders removed
WARNING: Shader Did you use #pragma only_renderers and omit this platform?
WARNING: Shader If subshaders removal was intentional, you may have forgotten turning Fallback off?
WARNING: Shader Unsupported: 'UnityChanToonShader/Mobile/Toon_DoubleShadeWithFeather_Clipping_StencilMask' - All subshaders removed
WARNING: Shader Did you use #pragma only_renderers and omit this platform?
WARNING: Shader If subshaders removal was intentional, you may have forgotten turning Fallback off?
WARNING: Shader Unsupported: 'UnityChanToonShader/Mobile/Toon_ShadingGradeMap_TransClipping' - All subshaders removed
WARNING: Shader Did you use #pragma only_renderers and omit this platform?
WARNING: Shader If subshaders removal was intentional, you may have forgotten turning Fallback off?
WARNING: Shader Unsupported: 'UnityChanToonShader/Mobile/Toon_ShadingGradeMap_TransClipping' - All subshaders removed
WARNING: Shader Did you use #pragma only_renderers and omit this platform?
WARNING: Shader If subshaders removal was intentional, you may have forgotten turning Fallback off?
WARNING: Shader Unsupported: 'UnityChanToonShader/Mobile/Toon_ShadingGradeMap_StencilMask' - All subshaders removed
WARNING: Shader Did you use #pragma only_renderers and omit this platform?
WARNING: Shader If subshaders removal was intentional, you may have forgotten turning Fallback off?
WARNING: Shader Unsupported: 'UnityChanToonShader/Mobile/Toon_ShadingGradeMap_StencilMask' - All subshaders removed
WARNING: Shader Did you use #pragma only_renderers and omit this platform?
WARNING: Shader If subshaders removal was intentional, you may have forgotten turning Fallback off?
WARNING: Shader Unsupported: 'UnityChanToonShader/NoOutline/ToonColor_ShadingGradeMap_TransClipping_StencilMask' - All subshaders removed
WARNING: Shader Did you use #pragma only_renderers and omit this platform?
WARNING: Shader If subshaders removal was intentional, you may have forgotten turning Fallback off?
WARNING: Shader Unsupported: 'UnityChanToonShader/NoOutline/ToonColor_ShadingGradeMap_TransClipping_StencilMask' - All subshaders removed
WARNING: Shader Did you use #pragma only_renderers and omit this platform?
WARNING: Shader If subshaders removal was intentional, you may have forgotten turning Fallback off?
WARNING: Shader Unsupported: 'UnityChanToonShader/Tessellation/NoOutline/AngelRing/ToonColor_ShadingGradeMap_TransClipping_StencilOut' - All subshaders removed
WARNING: Shader Did you use #pragma only_renderers and omit this platform?
WARNING: Shader If subshaders removal was intentional, you may have forgotten turning Fallback off?
WARNING: Shader Unsupported: 'UnityChanToonShader/Tessellation/NoOutline/AngelRing/ToonColor_ShadingGradeMap_TransClipping_StencilOut' - All subshaders removed
WARNING: Shader Did you use #pragma only_renderers and omit this platform?
WARNING: Shader If subshaders removal was intentional, you may have forgotten turning Fallback off?
WARNING: Shader Unsupported: 'UnityChanToonShader/Mobile/Toon_DoubleShadeWithFeather_StencilMask' - All subshaders removed
WARNING: Shader Did you use #pragma only_renderers and omit this platform?
WARNING: Shader If subshaders removal was intentional, you may have forgotten turning Fallback off?
WARNING: Shader Unsupported: 'UnityChanToonShader/Mobile/Toon_DoubleShadeWithFeather_StencilMask' - All subshaders removed
WARNING: Shader Did you use #pragma only_renderers and omit this platform?
WARNING: Shader If subshaders removal was intentional, you may have forgotten turning Fallback off?
WARNING: Shader Unsupported: 'UnityChanToonShader/Tessellation/NoOutline/ToonColor_DoubleShadeWithFeather_TransClipping_StencilMask' - All subshaders removed
WARNING: Shader Did you use #pragma only_renderers and omit this platform?
WARNING: Shader If subshaders removal was intentional, you may have forgotten turning Fallback off?
WARNING: Shader Unsupported: 'UnityChanToonShader/Tessellation/NoOutline/ToonColor_DoubleShadeWithFeather_TransClipping_StencilMask' - All subshaders removed
WARNING: Shader Did you use #pragma only_renderers and omit this platform?
WARNING: Shader If subshaders removal was intentional, you may have forgotten turning Fallback off?
WARNING: Shader Unsupported: 'UnityChanToonShader/Tessellation/NoOutline/ToonColor_DoubleShadeWithFeather_Clipping' - All subshaders removed
WARNING: Shader Did you use #pragma only_renderers and omit this platform?
WARNING: Shader If subshaders removal was intentional, you may have forgotten turning Fallback off?
WARNING: Shader Unsupported: 'UnityChanToonShader/Tessellation/NoOutline/ToonColor_DoubleShadeWithFeather_Clipping' - All subshaders removed
WARNING: Shader Did you use #pragma only_renderers and omit this platform?
WARNING: Shader If subshaders removal was intentional, you may have forgotten turning Fallback off?
WARNING: Shader Unsupported: 'UnityChanToonShader/Tessellation/Light/Toon_ShadingGradeMap_StencilMask' - All subshaders removed
WARNING: Shader Did you use #pragma only_renderers and omit this platform?
WARNING: Shader If subshaders removal was intentional, you may have forgotten turning Fallback off?
WARNING: Shader Unsupported: 'UnityChanToonShader/Tessellation/Light/Toon_ShadingGradeMap_StencilMask' - All subshaders removed
WARNING: Shader Did you use #pragma only_renderers and omit this platform?
WARNING: Shader If subshaders removal was intentional, you may have forgotten turning Fallback off?
WARNING: Shader Unsupported: 'UnityChanToonShader/Tessellation/NoOutline/ToonColor_ShadingGradeMap_StencilMask' - All subshaders removed
WARNING: Shader Did you use #pragma only_renderers and omit this platform?
WARNING: Shader If subshaders removal was intentional, you may have forgotten turning Fallback off?
WARNING: Shader Unsupported: 'UnityChanToonShader/Tessellation/NoOutline/ToonColor_ShadingGradeMap_StencilMask' - All subshaders removed
WARNING: Shader Did you use #pragma only_renderers and omit this platform?
WARNING: Shader If subshaders removal was intentional, you may have forgotten turning Fallback off?
WARNING: Shader Unsupported: 'UnityChanToonShader/Tessellation/NoOutline/AngelRing/ToonColor_ShadingGradeMap_StencilOut' - All subshaders removed
WARNING: Shader Did you use #pragma only_renderers and omit this platform?
WARNING: Shader If subshaders removal was intentional, you may have forgotten turning Fallback off?
WARNING: Shader Unsupported: 'UnityChanToonShader/Tessellation/NoOutline/AngelRing/ToonColor_ShadingGradeMap_StencilOut' - All subshaders removed
WARNING: Shader Did you use #pragma only_renderers and omit this platform?
WARNING: Shader If subshaders removal was intentional, you may have forgotten turning Fallback off?
WARNING: Shader Unsupported: 'UnityChanToonShader/NoOutline/ToonColor_ShadingGradeMap_StencilOut' - All subshaders removed
WARNING: Shader Did you use #pragma only_renderers and omit this platform?
WARNING: Shader If subshaders removal was intentional, you may have forgotten turning Fallback off?
WARNING: Shader Unsupported: 'UnityChanToonShader/NoOutline/ToonColor_ShadingGradeMap_StencilOut' - All subshaders removed
WARNING: Shader Did you use #pragma only_renderers and omit this platform?
WARNING: Shader If subshaders removal was intentional, you may have forgotten turning Fallback off?
WARNING: Shader Unsupported: 'UnityChanToonShader/NoOutline/ToonColor_ShadingGradeMap' - All subshaders removed
WARNING: Shader Did you use #pragma only_renderers and omit this platform?
WARNING: Shader If subshaders removal was intentional, you may have forgotten turning Fallback off?
WARNING: Shader Unsupported: 'UnityChanToonShader/NoOutline/ToonColor_ShadingGradeMap' - All subshaders removed
WARNING: Shader Did you use #pragma only_renderers and omit this platform?
WARNING: Shader If subshaders removal was intentional, you may have forgotten turning Fallback off?
WARNING: Shader Unsupported: 'UnityChanToonShader/NoOutline/ToonColor_DoubleShadeWithFeather_Clipping' - All subshaders removed
WARNING: Shader Did you use #pragma only_renderers and omit this platform?
WARNING: Shader If subshaders removal was intentional, you may have forgotten turning Fallback off?
WARNING: Shader Unsupported: 'UnityChanToonShader/NoOutline/ToonColor_DoubleShadeWithFeather_Clipping' - All subshaders removed
WARNING: Shader Did you use #pragma only_renderers and omit this platform?
WARNING: Shader If subshaders removal was intentional, you may have forgotten turning Fallback off?
WARNING: Shader Unsupported: 'UnityChanToonShader/NoOutline/ToonColor_ShadingGradeMap_TransClipping_StencilOut' - All subshaders removed
WARNING: Shader Did you use #pragma only_renderers and omit this platform?
WARNING: Shader If subshaders removal was intentional, you may have forgotten turning Fallback off?
WARNING: Shader Unsupported: 'UnityChanToonShader/NoOutline/ToonColor_ShadingGradeMap_TransClipping_StencilOut' - All subshaders removed
WARNING: Shader Did you use #pragma only_renderers and omit this platform?
WARNING: Shader If subshaders removal was intentional, you may have forgotten turning Fallback off?
WARNING: Shader Unsupported: 'UnityChanToonShader/Tessellation/NoOutline/ToonColor_DoubleShadeWithFeather_TransClipping_StencilOut' - All subshaders removed
WARNING: Shader Did you use #pragma only_renderers and omit this platform?
WARNING: Shader If subshaders removal was intentional, you may have forgotten turning Fallback off?
WARNING: Shader Unsupported: 'UnityChanToonShader/Tessellation/NoOutline/ToonColor_DoubleShadeWithFeather_TransClipping_StencilOut' - All subshaders removed
WARNING: Shader Did you use #pragma only_renderers and omit this platform?
WARNING: Shader If subshaders removal was intentional, you may have forgotten turning Fallback off?
WARNING: Shader Unsupported: 'UnityChanToonShader/Tessellation/NoOutline/ToonColor_DoubleShadeWithFeather_Clipping_StencilOut' - All subshaders removed
WARNING: Shader Did you use #pragma only_renderers and omit this platform?
WARNING: Shader If subshaders removal was intentional, you may have forgotten turning Fallback off?
WARNING: Shader Unsupported: 'UnityChanToonShader/Tessellation/NoOutline/ToonColor_DoubleShadeWithFeather_Clipping_StencilOut' - All subshaders removed
WARNING: Shader Did you use #pragma only_renderers and omit this platform?
WARNING: Shader If subshaders removal was intentional, you may have forgotten turning Fallback off?
WARNING: Shader Unsupported: 'UnityChanToonShader/Tessellation/NoOutline/ToonColor_ShadingGradeMap_TransClipping' - All subshaders removed
WARNING: Shader Did you use #pragma only_renderers and omit this platform?
WARNING: Shader If subshaders removal was intentional, you may have forgotten turning Fallback off?
WARNING: Shader Unsupported: 'UnityChanToonShader/Tessellation/NoOutline/ToonColor_ShadingGradeMap_TransClipping' - All subshaders removed
WARNING: Shader Did you use #pragma only_renderers and omit this platform?
WARNING: Shader If subshaders removal was intentional, you may have forgotten turning Fallback off?
WARNING: Shader Unsupported: 'UnityChanToonShader/Tessellation/Light/Toon_ShadingGradeMap_StencilOut' - All subshaders removed
WARNING: Shader Did you use #pragma only_renderers and omit this platform?
WARNING: Shader If subshaders removal was intentional, you may have forgotten turning Fallback off?
WARNING: Shader Unsupported: 'UnityChanToonShader/Tessellation/Light/Toon_ShadingGradeMap_StencilOut' - All subshaders removed
WARNING: Shader Did you use #pragma only_renderers and omit this platform?
WARNING: Shader If subshaders removal was intentional, you may have forgotten turning Fallback off?
WARNING: Shader Unsupported: 'UnityChanToonShader/Mobile/AngelRing/Toon_ShadingGradeMap' - All subshaders removed
WARNING: Shader Did you use #pragma only_renderers and omit this platform?
WARNING: Shader If subshaders removal was intentional, you may have forgotten turning Fallback off?
WARNING: Shader Unsupported: 'UnityChanToonShader/Mobile/AngelRing/Toon_ShadingGradeMap' - All subshaders removed
WARNING: Shader Did you use #pragma only_renderers and omit this platform?
WARNING: Shader If subshaders removal was intentional, you may have forgotten turning Fallback off?
WARNING: Shader Unsupported: 'UnityChanToonShader/Tessellation/Light/AngelRing/Toon_ShadingGradeMap_StencilOut' - All subshaders removed
WARNING: Shader Did you use #pragma only_renderers and omit this platform?
WARNING: Shader If subshaders removal was intentional, you may have forgotten turning Fallback off?
WARNING: Shader Unsupported: 'UnityChanToonShader/Tessellation/Light/AngelRing/Toon_ShadingGradeMap_StencilOut' - All subshaders removed
WARNING: Shader Did you use #pragma only_renderers and omit this platform?
WARNING: Shader If subshaders removal was intentional, you may have forgotten turning Fallback off?
WARNING: Shader Unsupported: 'UnityChanToonShader/Tessellation/NoOutline/AngelRing/ToonColor_ShadingGradeMap_TransClipping' - All subshaders removed
WARNING: Shader Did you use #pragma only_renderers and omit this platform?
WARNING: Shader If subshaders removal was intentional, you may have forgotten turning Fallback off?
WARNING: Shader Unsupported: 'UnityChanToonShader/Tessellation/NoOutline/AngelRing/ToonColor_ShadingGradeMap_TransClipping' - All subshaders removed
WARNING: Shader Did you use #pragma only_renderers and omit this platform?
WARNING: Shader If subshaders removal was intentional, you may have forgotten turning Fallback off?
WARNING: Shader Unsupported: 'UnityChanToonShader/NoOutline/AngelRing/ToonColor_ShadingGradeMap_TransClipping' - All subshaders removed
WARNING: Shader Did you use #pragma only_renderers and omit this platform?
WARNING: Shader If subshaders removal was intentional, you may have forgotten turning Fallback off?
WARNING: Shader Unsupported: 'UnityChanToonShader/NoOutline/AngelRing/ToonColor_ShadingGradeMap_TransClipping' - All subshaders removed
WARNING: Shader Did you use #pragma only_renderers and omit this platform?
WARNING: Shader If subshaders removal was intentional, you may have forgotten turning Fallback off?
WARNING: Shader Unsupported: 'UnityChanToonShader/Mobile/Toon_ShadingGradeMap_TransClipping_StencilMask' - All subshaders removed
WARNING: Shader Did you use #pragma only_renderers and omit this platform?
WARNING: Shader If subshaders removal was intentional, you may have forgotten turning Fallback off?
WARNING: Shader Unsupported: 'UnityChanToonShader/Mobile/Toon_ShadingGradeMap_TransClipping_StencilMask' - All subshaders removed
WARNING: Shader Did you use #pragma only_renderers and omit this platform?
WARNING: Shader If subshaders removal was intentional, you may have forgotten turning Fallback off?
WARNING: Shader Unsupported: 'UnityChanToonShader/NoOutline/ToonColor_ShadingGradeMap_TransClipping' - All subshaders removed
WARNING: Shader Did you use #pragma only_renderers and omit this platform?
WARNING: Shader If subshaders removal was intentional, you may have forgotten turning Fallback off?
WARNING: Shader Unsupported: 'UnityChanToonShader/NoOutline/ToonColor_ShadingGradeMap_TransClipping' - All subshaders removed
WARNING: Shader Did you use #pragma only_renderers and omit this platform?
WARNING: Shader If subshaders removal was intentional, you may have forgotten turning Fallback off?
WARNING: Shader Unsupported: 'UnityChanToonShader/NoOutline/AngelRing/ToonColor_ShadingGradeMap_StencilOut' - All subshaders removed
WARNING: Shader Did you use #pragma only_renderers and omit this platform?
WARNING: Shader If subshaders removal was intentional, you may have forgotten turning Fallback off?
WARNING: Shader Unsupported: 'UnityChanToonShader/NoOutline/AngelRing/ToonColor_ShadingGradeMap_StencilOut' - All subshaders removed
WARNING: Shader Did you use #pragma only_renderers and omit this platform?
WARNING: Shader If subshaders removal was intentional, you may have forgotten turning Fallback off?
WARNING: Shader Unsupported: 'UnityChanToonShader/Tessellation/NoOutline/ToonColor_ShadingGradeMap_TransClipping_StencilMask' - All subshaders removed
WARNING: Shader Did you use #pragma only_renderers and omit this platform?
WARNING: Shader If subshaders removal was intentional, you may have forgotten turning Fallback off?
WARNING: Shader Unsupported: 'UnityChanToonShader/Tessellation/NoOutline/ToonColor_ShadingGradeMap_TransClipping_StencilMask' - All subshaders removed
WARNING: Shader Did you use #pragma only_renderers and omit this platform?
WARNING: Shader If subshaders removal was intentional, you may have forgotten turning Fallback off?
WARNING: Shader Unsupported: 'UnityChanToonShader/Tessellation/Light/Toon_ShadingGradeMap' - All subshaders removed
WARNING: Shader Did you use #pragma only_renderers and omit this platform?
WARNING: Shader If subshaders removal was intentional, you may have forgotten turning Fallback off?
WARNING: Shader Unsupported: 'UnityChanToonShader/Tessellation/Light/Toon_ShadingGradeMap' - All subshaders removed
WARNING: Shader Did you use #pragma only_renderers and omit this platform?
WARNING: Shader If subshaders removal was intentional, you may have forgotten turning Fallback off?
WARNING: Shader Unsupported: 'UnityChanToonShader/Tessellation/NoOutline/ToonColor_ShadingGradeMap_TransClipping_StencilOut' - All subshaders removed
WARNING: Shader Did you use #pragma only_renderers and omit this platform?
WARNING: Shader If subshaders removal was intentional, you may have forgotten turning Fallback off?
WARNING: Shader Unsupported: 'UnityChanToonShader/Tessellation/NoOutline/ToonColor_ShadingGradeMap_TransClipping_StencilOut' - All subshaders removed
WARNING: Shader Did you use #pragma only_renderers and omit this platform?
WARNING: Shader If subshaders removal was intentional, you may have forgotten turning Fallback off?
WARNING: Shader Unsupported: 'UnityChanToonShader/Tessellation/NoOutline/ToonColor_DoubleShadeWithFeather_StencilMask' - All subshaders removed
WARNING: Shader Did you use #pragma only_renderers and omit this platform?
WARNING: Shader If subshaders removal was intentional, you may have forgotten turning Fallback off?
WARNING: Shader Unsupported: 'UnityChanToonShader/Tessellation/NoOutline/ToonColor_DoubleShadeWithFeather_StencilMask' - All subshaders removed
WARNING: Shader Did you use #pragma only_renderers and omit this platform?
WARNING: Shader If subshaders removal was intentional, you may have forgotten turning Fallback off?
WARNING: Shader Unsupported: 'UnityChanToonShader/NoOutline/AngelRing/ToonColor_ShadingGradeMap' - All subshaders removed
WARNING: Shader Did you use #pragma only_renderers and omit this platform?
WARNING: Shader If subshaders removal was intentional, you may have forgotten turning Fallback off?
WARNING: Shader Unsupported: 'UnityChanToonShader/NoOutline/AngelRing/ToonColor_ShadingGradeMap' - All subshaders removed
WARNING: Shader Did you use #pragma only_renderers and omit this platform?
WARNING: Shader If subshaders removal was intentional, you may have forgotten turning Fallback off?
WARNING: Shader Unsupported: 'UnityChanToonShader/Tessellation/NoOutline/ToonColor_DoubleShadeWithFeather_TransClipping' - All subshaders removed
WARNING: Shader Did you use #pragma only_renderers and omit this platform?
WARNING: Shader If subshaders removal was intentional, you may have forgotten turning Fallback off?
WARNING: Shader Unsupported: 'UnityChanToonShader/Tessellation/NoOutline/ToonColor_DoubleShadeWithFeather_TransClipping' - All subshaders removed
WARNING: Shader Did you use #pragma only_renderers and omit this platform?
WARNING: Shader If subshaders removal was intentional, you may have forgotten turning Fallback off?
WARNING: Shader Unsupported: 'UnityChanToonShader/NoOutline/AngelRing/ToonColor_ShadingGradeMap_TransClipping_StencilOut' - All subshaders removed
WARNING: Shader Did you use #pragma only_renderers and omit this platform?
WARNING: Shader If subshaders removal was intentional, you may have forgotten turning Fallback off?
WARNING: Shader Unsupported: 'UnityChanToonShader/NoOutline/AngelRing/ToonColor_ShadingGradeMap_TransClipping_StencilOut' - All subshaders removed
WARNING: Shader Did you use #pragma only_renderers and omit this platform?
WARNING: Shader If subshaders removal was intentional, you may have forgotten turning Fallback off?
WARNING: Shader Unsupported: 'UnityChanToonShader/NoOutline/ToonColor_DoubleShadeWithFeather_TransClipping_StencilOut' - All subshaders removed
WARNING: Shader Did you use #pragma only_renderers and omit this platform?
WARNING: Shader If subshaders removal was intentional, you may have forgotten turning Fallback off?
WARNING: Shader Unsupported: 'UnityChanToonShader/NoOutline/ToonColor_DoubleShadeWithFeather_TransClipping_StencilOut' - All subshaders removed
WARNING: Shader Did you use #pragma only_renderers and omit this platform?
WARNING: Shader If subshaders removal was intentional, you may have forgotten turning Fallback off?
WARNING: Shader Unsupported: 'UnityChanToonShader/Mobile/Toon_DoubleShadeWithFeather_StencilOut' - All subshaders removed
WARNING: Shader Did you use #pragma only_renderers and omit this platform?
WARNING: Shader If subshaders removal was intentional, you may have forgotten turning Fallback off?
WARNING: Shader Unsupported: 'UnityChanToonShader/Mobile/Toon_DoubleShadeWithFeather_StencilOut' - All subshaders removed
WARNING: Shader Did you use #pragma only_renderers and omit this platform?
WARNING: Shader If subshaders removal was intentional, you may have forgotten turning Fallback off?
WARNING: Shader Unsupported: 'UnityChanToonShader/Tessellation/Light/Toon_DoubleShadeWithFeather_StencilMask' - All subshaders removed
WARNING: Shader Did you use #pragma only_renderers and omit this platform?
WARNING: Shader If subshaders removal was intentional, you may have forgotten turning Fallback off?
WARNING: Shader Unsupported: 'UnityChanToonShader/Tessellation/Light/Toon_DoubleShadeWithFeather_StencilMask' - All subshaders removed
WARNING: Shader Did you use #pragma only_renderers and omit this platform?
WARNING: Shader If subshaders removal was intentional, you may have forgotten turning Fallback off?
Refreshing native plugins compatible for Editor in 9.49 ms, found 4 plugins.
Preloading 0 native plugins for Editor in 0.00 ms.
Unloading 61 Unused Serialized files (Serialized files now loaded: 0)
Unloading 61 unused Assets / (10.7 MB). Loaded Objects now: 4099.
Memory consumption went from 110.3 MB to 99.6 MB.
Total: 11.776500 ms (FindLiveObjects: 0.387500 ms CreateObjectMapping: 0.145600 ms MarkObjects: 3.916800 ms  DeleteObjects: 7.325500 ms)

Prepare: number of updated asset objects reloaded= 0
AssetImportParameters requested are different than current active one (requested -> active):
  custom:container-demuxer-ogg: 62fdf1f143b41e24485cea50d1cbac27 -> 
  custom:video-codec-MediaFoundation-h265: 746d11721c4dcdbdad8f713fa42b33f4 -> 
  custom:video-decoder-ogg-theora: a1e56fd34408186e4bbccfd4996cb3dc -> 
  custom:framework-win-MediaFoundation: 216162199b28c13a410421893ffa2e32 -> 
  custom:CustomObjectIndexerAttribute: 9a22284fe3817be447336de3de66b15e -> 
  custom:container-demuxer-webm: 4f35f7cbe854078d1ac9338744f61a02 -> 
  custom:container-muxer-webm: aa71ff27fc2769a1b78a27578f13a17b -> 
  custom:video-decoder-webm-vp8: 9c59270c3fd7afecdb556c50c9e8de78 -> 
  custom:SearchIndexIgnoredProperties: e643bd26f0fe6173181afceb89e7c659 -> 
  custom:AudioImporter_EditorPlatform: d09bf68614088b80899f8185d706f6e7 -> 
  custom:video-encoder-webm-vp8: eb34c28f22e8b96e1ab97ce403110664 -> 
  custom:audio-decoder-ogg-vorbis: bf7c407c2cedff20999df2af8eb42d56 -> 
  custom:audio-encoder-webm-vorbis: bf7c407c2cedff20999df2af8eb42d56 -> 
========================================================================
Received Prepare
WARNING: Shader Unsupported: 'UnityChanToonShader/NoOutline/ToonColor_ShadingGradeMap_StencilMask' - All subshaders removed
WARNING: Shader Did you use #pragma only_renderers and omit this platform?
WARNING: Shader If subshaders removal was intentional, you may have forgotten turning Fallback off?
WARNING: Shader Unsupported: 'UnityChanToonShader/NoOutline/ToonColor_ShadingGradeMap_StencilMask' - All subshaders removed
WARNING: Shader Did you use #pragma only_renderers and omit this platform?
WARNING: Shader If subshaders removal was intentional, you may have forgotten turning Fallback off?
WARNING: Shader Unsupported: 'UnityChanToonShader/Tessellation/Light/Toon_DoubleShadeWithFeather_StencilOut' - All subshaders removed
WARNING: Shader Did you use #pragma only_renderers and omit this platform?
WARNING: Shader If subshaders removal was intentional, you may have forgotten turning Fallback off?
WARNING: Shader Unsupported: 'UnityChanToonShader/Tessellation/Light/Toon_DoubleShadeWithFeather_StencilOut' - All subshaders removed
WARNING: Shader Did you use #pragma only_renderers and omit this platform?
WARNING: Shader If subshaders removal was intentional, you may have forgotten turning Fallback off?
WARNING: Shader Unsupported: 'UnityChanToonShader/Tessellation/NoOutline/ToonColor_DoubleShadeWithFeather_StencilOut' - All subshaders removed
WARNING: Shader Did you use #pragma only_renderers and omit this platform?
WARNING: Shader If subshaders removal was intentional, you may have forgotten turning Fallback off?
WARNING: Shader Unsupported: 'UnityChanToonShader/Tessellation/NoOutline/ToonColor_DoubleShadeWithFeather_StencilOut' - All subshaders removed
WARNING: Shader Did you use #pragma only_renderers and omit this platform?
WARNING: Shader If subshaders removal was intentional, you may have forgotten turning Fallback off?
WARNING: Shader Unsupported: 'UnityChanToonShader/Mobile/Toon_DoubleShadeWithFeather_Clipping' - All subshaders removed
WARNING: Shader Did you use #pragma only_renderers and omit this platform?
WARNING: Shader If subshaders removal was intentional, you may have forgotten turning Fallback off?
WARNING: Shader Unsupported: 'UnityChanToonShader/Mobile/Toon_DoubleShadeWithFeather_Clipping' - All subshaders removed
WARNING: Shader Did you use #pragma only_renderers and omit this platform?
WARNING: Shader If subshaders removal was intentional, you may have forgotten turning Fallback off?
WARNING: Shader Unsupported: 'UnityChanToonShader/NoOutline/ToonColor_DoubleShadeWithFeather_Clipping_StencilOut' - All subshaders removed
WARNING: Shader Did you use #pragma only_renderers and omit this platform?
WARNING: Shader If subshaders removal was intentional, you may have forgotten turning Fallback off?
WARNING: Shader Unsupported: 'UnityChanToonShader/NoOutline/ToonColor_DoubleShadeWithFeather_Clipping_StencilOut' - All subshaders removed
WARNING: Shader Did you use #pragma only_renderers and omit this platform?
WARNING: Shader If subshaders removal was intentional, you may have forgotten turning Fallback off?
WARNING: Shader Unsupported: 'UnityChanToonShader/NoOutline/ToonColor_DoubleShadeWithFeather_StencilOut' - All subshaders removed
WARNING: Shader Did you use #pragma only_renderers and omit this platform?
WARNING: Shader If subshaders removal was intentional, you may have forgotten turning Fallback off?
WARNING: Shader Unsupported: 'UnityChanToonShader/NoOutline/ToonColor_DoubleShadeWithFeather_StencilOut' - All subshaders removed
WARNING: Shader Did you use #pragma only_renderers and omit this platform?
WARNING: Shader If subshaders removal was intentional, you may have forgotten turning Fallback off?
WARNING: Shader Unsupported: 'UnityChanToonShader/NoOutline/ToonColor_DoubleShadeWithFeather_StencilMask' - All subshaders removed
WARNING: Shader Did you use #pragma only_renderers and omit this platform?
WARNING: Shader If subshaders removal was intentional, you may have forgotten turning Fallback off?
WARNING: Shader Unsupported: 'UnityChanToonShader/NoOutline/ToonColor_DoubleShadeWithFeather_StencilMask' - All subshaders removed
WARNING: Shader Did you use #pragma only_renderers and omit this platform?
WARNING: Shader If subshaders removal was intentional, you may have forgotten turning Fallback off?
WARNING: Shader Unsupported: 'UnityChanToonShader/Tessellation/NoOutline/ToonColor_ShadingGradeMap' - All subshaders removed
WARNING: Shader Did you use #pragma only_renderers and omit this platform?
WARNING: Shader If subshaders removal was intentional, you may have forgotten turning Fallback off?
WARNING: Shader Unsupported: 'UnityChanToonShader/Tessellation/NoOutline/ToonColor_ShadingGradeMap' - All subshaders removed
WARNING: Shader Did you use #pragma only_renderers and omit this platform?
WARNING: Shader If subshaders removal was intentional, you may have forgotten turning Fallback off?
WARNING: Shader Unsupported: 'UnityChanToonShader/Tessellation/NoOutline/ToonColor_DoubleShadeWithFeather' - All subshaders removed
WARNING: Shader Did you use #pragma only_renderers and omit this platform?
WARNING: Shader If subshaders removal was intentional, you may have forgotten turning Fallback off?
WARNING: Shader Unsupported: 'UnityChanToonShader/Tessellation/NoOutline/ToonColor_DoubleShadeWithFeather' - All subshaders removed
WARNING: Shader Did you use #pragma only_renderers and omit this platform?
WARNING: Shader If subshaders removal was intentional, you may have forgotten turning Fallback off?
WARNING: Shader Unsupported: 'UnityChanToonShader/Mobile/Toon_ShadingGradeMap_StencilOut' - All subshaders removed
WARNING: Shader Did you use #pragma only_renderers and omit this platform?
WARNING: Shader If subshaders removal was intentional, you may have forgotten turning Fallback off?
WARNING: Shader Unsupported: 'UnityChanToonShader/Mobile/Toon_ShadingGradeMap_StencilOut' - All subshaders removed
WARNING: Shader Did you use #pragma only_renderers and omit this platform?
WARNING: Shader If subshaders removal was intentional, you may have forgotten turning Fallback off?
WARNING: Shader Unsupported: 'UnityChanToonShader/NoOutline/ToonColor_DoubleShadeWithFeather_TransClipping_StencilMask' - All subshaders removed
WARNING: Shader Did you use #pragma only_renderers and omit this platform?
WARNING: Shader If subshaders removal was intentional, you may have forgotten turning Fallback off?
WARNING: Shader Unsupported: 'UnityChanToonShader/NoOutline/ToonColor_DoubleShadeWithFeather_TransClipping_StencilMask' - All subshaders removed
WARNING: Shader Did you use #pragma only_renderers and omit this platform?
WARNING: Shader If subshaders removal was intentional, you may have forgotten turning Fallback off?
WARNING: Shader Unsupported: 'UnityChanToonShader/Tessellation/NoOutline/ToonColor_DoubleShadeWithFeather_Clipping_StencilMask' - All subshaders removed
WARNING: Shader Did you use #pragma only_renderers and omit this platform?
WARNING: Shader If subshaders removal was intentional, you may have forgotten turning Fallback off?
WARNING: Shader Unsupported: 'UnityChanToonShader/Tessellation/NoOutline/ToonColor_DoubleShadeWithFeather_Clipping_StencilMask' - All subshaders removed
WARNING: Shader Did you use #pragma only_renderers and omit this platform?
WARNING: Shader If subshaders removal was intentional, you may have forgotten turning Fallback off?
WARNING: Shader Unsupported: 'UnityChanToonShader/Mobile/Toon_DoubleShadeWithFeather' - All subshaders removed
WARNING: Shader Did you use #pragma only_renderers and omit this platform?
WARNING: Shader If subshaders removal was intentional, you may have forgotten turning Fallback off?
WARNING: Shader Unsupported: 'UnityChanToonShader/Mobile/Toon_DoubleShadeWithFeather' - All subshaders removed
WARNING: Shader Did you use #pragma only_renderers and omit this platform?
WARNING: Shader If subshaders removal was intentional, you may have forgotten turning Fallback off?
WARNING: Shader Unsupported: 'UnityChanToonShader/Mobile/Toon_DoubleShadeWithFeather_TransClipping_StencilMask' - All subshaders removed
WARNING: Shader Did you use #pragma only_renderers and omit this platform?
WARNING: Shader If subshaders removal was intentional, you may have forgotten turning Fallback off?
WARNING: Shader Unsupported: 'UnityChanToonShader/Mobile/Toon_DoubleShadeWithFeather_TransClipping_StencilMask' - All subshaders removed
WARNING: Shader Did you use #pragma only_renderers and omit this platform?
WARNING: Shader If subshaders removal was intentional, you may have forgotten turning Fallback off?
WARNING: Shader Unsupported: 'UnityChanToonShader/NoOutline/ToonColor_DoubleShadeWithFeather_Clipping_StencilMask' - All subshaders removed
WARNING: Shader Did you use #pragma only_renderers and omit this platform?
WARNING: Shader If subshaders removal was intentional, you may have forgotten turning Fallback off?
WARNING: Shader Unsupported: 'UnityChanToonShader/NoOutline/ToonColor_DoubleShadeWithFeather_Clipping_StencilMask' - All subshaders removed
WARNING: Shader Did you use #pragma only_renderers and omit this platform?
WARNING: Shader If subshaders removal was intentional, you may have forgotten turning Fallback off?
WARNING: Shader Unsupported: 'UnityChanToonShader/Tessellation/Light/AngelRing/Toon_ShadingGradeMap' - All subshaders removed
WARNING: Shader Did you use #pragma only_renderers and omit this platform?
WARNING: Shader If subshaders removal was intentional, you may have forgotten turning Fallback off?
WARNING: Shader Unsupported: 'UnityChanToonShader/Tessellation/Light/AngelRing/Toon_ShadingGradeMap' - All subshaders removed
WARNING: Shader Did you use #pragma only_renderers and omit this platform?
WARNING: Shader If subshaders removal was intentional, you may have forgotten turning Fallback off?
WARNING: Shader Unsupported: 'UnityChanToonShader/Mobile/Toon_ShadingGradeMap' - All subshaders removed
WARNING: Shader Did you use #pragma only_renderers and omit this platform?
WARNING: Shader If subshaders removal was intentional, you may have forgotten turning Fallback off?
WARNING: Shader Unsupported: 'UnityChanToonShader/Mobile/Toon_ShadingGradeMap' - All subshaders removed
WARNING: Shader Did you use #pragma only_renderers and omit this platform?
WARNING: Shader If subshaders removal was intentional, you may have forgotten turning Fallback off?
WARNING: Shader Unsupported: 'UnityChanToonShader/Mobile/Toon_DoubleShadeWithFeather_TransClipping' - All subshaders removed
WARNING: Shader Did you use #pragma only_renderers and omit this platform?
WARNING: Shader If subshaders removal was intentional, you may have forgotten turning Fallback off?
WARNING: Shader Unsupported: 'UnityChanToonShader/Mobile/Toon_DoubleShadeWithFeather_TransClipping' - All subshaders removed
WARNING: Shader Did you use #pragma only_renderers and omit this platform?
WARNING: Shader If subshaders removal was intentional, you may have forgotten turning Fallback off?
WARNING: Shader Unsupported: 'UnityChanToonShader/Tessellation/Light/Toon_DoubleShadeWithFeather' - All subshaders removed
WARNING: Shader Did you use #pragma only_renderers and omit this platform?
WARNING: Shader If subshaders removal was intentional, you may have forgotten turning Fallback off?
WARNING: Shader Unsupported: 'UnityChanToonShader/Tessellation/Light/Toon_DoubleShadeWithFeather' - All subshaders removed
WARNING: Shader Did you use #pragma only_renderers and omit this platform?
WARNING: Shader If subshaders removal was intentional, you may have forgotten turning Fallback off?
WARNING: Shader Unsupported: 'UnityChanToonShader/NoOutline/ToonColor_DoubleShadeWithFeather_TransClipping' - All subshaders removed
WARNING: Shader Did you use #pragma only_renderers and omit this platform?
WARNING: Shader If subshaders removal was intentional, you may have forgotten turning Fallback off?
WARNING: Shader Unsupported: 'UnityChanToonShader/NoOutline/ToonColor_DoubleShadeWithFeather_TransClipping' - All subshaders removed
WARNING: Shader Did you use #pragma only_renderers and omit this platform?
WARNING: Shader If subshaders removal was intentional, you may have forgotten turning Fallback off?
WARNING: Shader Unsupported: 'UnityChanToonShader/Tessellation/NoOutline/ToonColor_ShadingGradeMap_StencilOut' - All subshaders removed
WARNING: Shader Did you use #pragma only_renderers and omit this platform?
WARNING: Shader If subshaders removal was intentional, you may have forgotten turning Fallback off?
WARNING: Shader Unsupported: 'UnityChanToonShader/Tessellation/NoOutline/ToonColor_ShadingGradeMap_StencilOut' - All subshaders removed
WARNING: Shader Did you use #pragma only_renderers and omit this platform?
WARNING: Shader If subshaders removal was intentional, you may have forgotten turning Fallback off?
WARNING: Shader Unsupported: 'UnityChanToonShader/NoOutline/ToonColor_DoubleShadeWithFeather' - All subshaders removed
WARNING: Shader Did you use #pragma only_renderers and omit this platform?
WARNING: Shader If subshaders removal was intentional, you may have forgotten turning Fallback off?
WARNING: Shader Unsupported: 'UnityChanToonShader/NoOutline/ToonColor_DoubleShadeWithFeather' - All subshaders removed
WARNING: Shader Did you use #pragma only_renderers and omit this platform?
WARNING: Shader If subshaders removal was intentional, you may have forgotten turning Fallback off?
WARNING: Shader Unsupported: 'UnityChanToonShader/Mobile/AngelRing/Toon_ShadingGradeMap_StencilOut' - All subshaders removed
WARNING: Shader Did you use #pragma only_renderers and omit this platform?
WARNING: Shader If subshaders removal was intentional, you may have forgotten turning Fallback off?
WARNING: Shader Unsupported: 'UnityChanToonShader/Mobile/AngelRing/Toon_ShadingGradeMap_StencilOut' - All subshaders removed
WARNING: Shader Did you use #pragma only_renderers and omit this platform?
WARNING: Shader If subshaders removal was intentional, you may have forgotten turning Fallback off?
WARNING: Shader Unsupported: 'UnityChanToonShader/Tessellation/NoOutline/AngelRing/ToonColor_ShadingGradeMap' - All subshaders removed
WARNING: Shader Did you use #pragma only_renderers and omit this platform?
WARNING: Shader If subshaders removal was intentional, you may have forgotten turning Fallback off?
WARNING: Shader Unsupported: 'UnityChanToonShader/Tessellation/NoOutline/AngelRing/ToonColor_ShadingGradeMap' - All subshaders removed
WARNING: Shader Did you use #pragma only_renderers and omit this platform?
WARNING: Shader If subshaders removal was intentional, you may have forgotten turning Fallback off?
WARNING: Shader Unsupported: 'UnityChanToonShader/Mobile/Toon_DoubleShadeWithFeather_Clipping_StencilMask' - All subshaders removed
WARNING: Shader Did you use #pragma only_renderers and omit this platform?
WARNING: Shader If subshaders removal was intentional, you may have forgotten turning Fallback off?
WARNING: Shader Unsupported: 'UnityChanToonShader/Mobile/Toon_DoubleShadeWithFeather_Clipping_StencilMask' - All subshaders removed
WARNING: Shader Did you use #pragma only_renderers and omit this platform?
WARNING: Shader If subshaders removal was intentional, you may have forgotten turning Fallback off?
WARNING: Shader Unsupported: 'UnityChanToonShader/Mobile/Toon_ShadingGradeMap_TransClipping' - All subshaders removed
WARNING: Shader Did you use #pragma only_renderers and omit this platform?
WARNING: Shader If subshaders removal was intentional, you may have forgotten turning Fallback off?
WARNING: Shader Unsupported: 'UnityChanToonShader/Mobile/Toon_ShadingGradeMap_TransClipping' - All subshaders removed
WARNING: Shader Did you use #pragma only_renderers and omit this platform?
WARNING: Shader If subshaders removal was intentional, you may have forgotten turning Fallback off?
WARNING: Shader Unsupported: 'UnityChanToonShader/Mobile/Toon_ShadingGradeMap_StencilMask' - All subshaders removed
WARNING: Shader Did you use #pragma only_renderers and omit this platform?
WARNING: Shader If subshaders removal was intentional, you may have forgotten turning Fallback off?
WARNING: Shader Unsupported: 'UnityChanToonShader/Mobile/Toon_ShadingGradeMap_StencilMask' - All subshaders removed
WARNING: Shader Did you use #pragma only_renderers and omit this platform?
WARNING: Shader If subshaders removal was intentional, you may have forgotten turning Fallback off?
WARNING: Shader Unsupported: 'UnityChanToonShader/NoOutline/ToonColor_ShadingGradeMap_TransClipping_StencilMask' - All subshaders removed
WARNING: Shader Did you use #pragma only_renderers and omit this platform?
WARNING: Shader If subshaders removal was intentional, you may have forgotten turning Fallback off?
WARNING: Shader Unsupported: 'UnityChanToonShader/NoOutline/ToonColor_ShadingGradeMap_TransClipping_StencilMask' - All subshaders removed
WARNING: Shader Did you use #pragma only_renderers and omit this platform?
WARNING: Shader If subshaders removal was intentional, you may have forgotten turning Fallback off?
WARNING: Shader Unsupported: 'UnityChanToonShader/Tessellation/NoOutline/AngelRing/ToonColor_ShadingGradeMap_TransClipping_StencilOut' - All subshaders removed
WARNING: Shader Did you use #pragma only_renderers and omit this platform?
WARNING: Shader If subshaders removal was intentional, you may have forgotten turning Fallback off?
WARNING: Shader Unsupported: 'UnityChanToonShader/Tessellation/NoOutline/AngelRing/ToonColor_ShadingGradeMap_TransClipping_StencilOut' - All subshaders removed
WARNING: Shader Did you use #pragma only_renderers and omit this platform?
WARNING: Shader If subshaders removal was intentional, you may have forgotten turning Fallback off?
WARNING: Shader Unsupported: 'UnityChanToonShader/Mobile/Toon_DoubleShadeWithFeather_StencilMask' - All subshaders removed
WARNING: Shader Did you use #pragma only_renderers and omit this platform?
WARNING: Shader If subshaders removal was intentional, you may have forgotten turning Fallback off?
WARNING: Shader Unsupported: 'UnityChanToonShader/Mobile/Toon_DoubleShadeWithFeather_StencilMask' - All subshaders removed
WARNING: Shader Did you use #pragma only_renderers and omit this platform?
WARNING: Shader If subshaders removal was intentional, you may have forgotten turning Fallback off?
WARNING: Shader Unsupported: 'UnityChanToonShader/Tessellation/NoOutline/ToonColor_DoubleShadeWithFeather_TransClipping_StencilMask' - All subshaders removed
WARNING: Shader Did you use #pragma only_renderers and omit this platform?
WARNING: Shader If subshaders removal was intentional, you may have forgotten turning Fallback off?
WARNING: Shader Unsupported: 'UnityChanToonShader/Tessellation/NoOutline/ToonColor_DoubleShadeWithFeather_TransClipping_StencilMask' - All subshaders removed
WARNING: Shader Did you use #pragma only_renderers and omit this platform?
WARNING: Shader If subshaders removal was intentional, you may have forgotten turning Fallback off?
WARNING: Shader Unsupported: 'UnityChanToonShader/Tessellation/NoOutline/ToonColor_DoubleShadeWithFeather_Clipping' - All subshaders removed
WARNING: Shader Did you use #pragma only_renderers and omit this platform?
WARNING: Shader If subshaders removal was intentional, you may have forgotten turning Fallback off?
WARNING: Shader Unsupported: 'UnityChanToonShader/Tessellation/NoOutline/ToonColor_DoubleShadeWithFeather_Clipping' - All subshaders removed
WARNING: Shader Did you use #pragma only_renderers and omit this platform?
WARNING: Shader If subshaders removal was intentional, you may have forgotten turning Fallback off?
WARNING: Shader Unsupported: 'UnityChanToonShader/Tessellation/Light/Toon_ShadingGradeMap_StencilMask' - All subshaders removed
WARNING: Shader Did you use #pragma only_renderers and omit this platform?
WARNING: Shader If subshaders removal was intentional, you may have forgotten turning Fallback off?
WARNING: Shader Unsupported: 'UnityChanToonShader/Tessellation/Light/Toon_ShadingGradeMap_StencilMask' - All subshaders removed
WARNING: Shader Did you use #pragma only_renderers and omit this platform?
WARNING: Shader If subshaders removal was intentional, you may have forgotten turning Fallback off?
WARNING: Shader Unsupported: 'UnityChanToonShader/Tessellation/NoOutline/ToonColor_ShadingGradeMap_StencilMask' - All subshaders removed
WARNING: Shader Did you use #pragma only_renderers and omit this platform?
WARNING: Shader If subshaders removal was intentional, you may have forgotten turning Fallback off?
WARNING: Shader Unsupported: 'UnityChanToonShader/Tessellation/NoOutline/ToonColor_ShadingGradeMap_StencilMask' - All subshaders removed
WARNING: Shader Did you use #pragma only_renderers and omit this platform?
WARNING: Shader If subshaders removal was intentional, you may have forgotten turning Fallback off?
WARNING: Shader Unsupported: 'UnityChanToonShader/Tessellation/NoOutline/AngelRing/ToonColor_ShadingGradeMap_StencilOut' - All subshaders removed
WARNING: Shader Did you use #pragma only_renderers and omit this platform?
WARNING: Shader If subshaders removal was intentional, you may have forgotten turning Fallback off?
WARNING: Shader Unsupported: 'UnityChanToonShader/Tessellation/NoOutline/AngelRing/ToonColor_ShadingGradeMap_StencilOut' - All subshaders removed
WARNING: Shader Did you use #pragma only_renderers and omit this platform?
WARNING: Shader If subshaders removal was intentional, you may have forgotten turning Fallback off?
WARNING: Shader Unsupported: 'UnityChanToonShader/NoOutline/ToonColor_ShadingGradeMap_StencilOut' - All subshaders removed
WARNING: Shader Did you use #pragma only_renderers and omit this platform?
WARNING: Shader If subshaders removal was intentional, you may have forgotten turning Fallback off?
WARNING: Shader Unsupported: 'UnityChanToonShader/NoOutline/ToonColor_ShadingGradeMap_StencilOut' - All subshaders removed
WARNING: Shader Did you use #pragma only_renderers and omit this platform?
WARNING: Shader If subshaders removal was intentional, you may have forgotten turning Fallback off?
WARNING: Shader Unsupported: 'UnityChanToonShader/NoOutline/ToonColor_ShadingGradeMap' - All subshaders removed
WARNING: Shader Did you use #pragma only_renderers and omit this platform?
WARNING: Shader If subshaders removal was intentional, you may have forgotten turning Fallback off?
WARNING: Shader Unsupported: 'UnityChanToonShader/NoOutline/ToonColor_ShadingGradeMap' - All subshaders removed
WARNING: Shader Did you use #pragma only_renderers and omit this platform?
WARNING: Shader If subshaders removal was intentional, you may have forgotten turning Fallback off?
WARNING: Shader Unsupported: 'UnityChanToonShader/NoOutline/ToonColor_DoubleShadeWithFeather_Clipping' - All subshaders removed
WARNING: Shader Did you use #pragma only_renderers and omit this platform?
WARNING: Shader If subshaders removal was intentional, you may have forgotten turning Fallback off?
WARNING: Shader Unsupported: 'UnityChanToonShader/NoOutline/ToonColor_DoubleShadeWithFeather_Clipping' - All subshaders removed
WARNING: Shader Did you use #pragma only_renderers and omit this platform?
WARNING: Shader If subshaders removal was intentional, you may have forgotten turning Fallback off?
WARNING: Shader Unsupported: 'UnityChanToonShader/NoOutline/ToonColor_ShadingGradeMap_TransClipping_StencilOut' - All subshaders removed
WARNING: Shader Did you use #pragma only_renderers and omit this platform?
WARNING: Shader If subshaders removal was intentional, you may have forgotten turning Fallback off?
WARNING: Shader Unsupported: 'UnityChanToonShader/NoOutline/ToonColor_ShadingGradeMap_TransClipping_StencilOut' - All subshaders removed
WARNING: Shader Did you use #pragma only_renderers and omit this platform?
WARNING: Shader If subshaders removal was intentional, you may have forgotten turning Fallback off?
WARNING: Shader Unsupported: 'UnityChanToonShader/Tessellation/NoOutline/ToonColor_DoubleShadeWithFeather_TransClipping_StencilOut' - All subshaders removed
WARNING: Shader Did you use #pragma only_renderers and omit this platform?
WARNING: Shader If subshaders removal was intentional, you may have forgotten turning Fallback off?
WARNING: Shader Unsupported: 'UnityChanToonShader/Tessellation/NoOutline/ToonColor_DoubleShadeWithFeather_TransClipping_StencilOut' - All subshaders removed
WARNING: Shader Did you use #pragma only_renderers and omit this platform?
WARNING: Shader If subshaders removal was intentional, you may have forgotten turning Fallback off?
WARNING: Shader Unsupported: 'UnityChanToonShader/Tessellation/NoOutline/ToonColor_DoubleShadeWithFeather_Clipping_StencilOut' - All subshaders removed
WARNING: Shader Did you use #pragma only_renderers and omit this platform?
WARNING: Shader If subshaders removal was intentional, you may have forgotten turning Fallback off?
WARNING: Shader Unsupported: 'UnityChanToonShader/Tessellation/NoOutline/ToonColor_DoubleShadeWithFeather_Clipping_StencilOut' - All subshaders removed
WARNING: Shader Did you use #pragma only_renderers and omit this platform?
WARNING: Shader If subshaders removal was intentional, you may have forgotten turning Fallback off?
WARNING: Shader Unsupported: 'UnityChanToonShader/Tessellation/NoOutline/ToonColor_ShadingGradeMap_TransClipping' - All subshaders removed
WARNING: Shader Did you use #pragma only_renderers and omit this platform?
WARNING: Shader If subshaders removal was intentional, you may have forgotten turning Fallback off?
WARNING: Shader Unsupported: 'UnityChanToonShader/Tessellation/NoOutline/ToonColor_ShadingGradeMap_TransClipping' - All subshaders removed
WARNING: Shader Did you use #pragma only_renderers and omit this platform?
WARNING: Shader If subshaders removal was intentional, you may have forgotten turning Fallback off?
WARNING: Shader Unsupported: 'UnityChanToonShader/Tessellation/Light/Toon_ShadingGradeMap_StencilOut' - All subshaders removed
WARNING: Shader Did you use #pragma only_renderers and omit this platform?
WARNING: Shader If subshaders removal was intentional, you may have forgotten turning Fallback off?
WARNING: Shader Unsupported: 'UnityChanToonShader/Tessellation/Light/Toon_ShadingGradeMap_StencilOut' - All subshaders removed
WARNING: Shader Did you use #pragma only_renderers and omit this platform?
WARNING: Shader If subshaders removal was intentional, you may have forgotten turning Fallback off?
WARNING: Shader Unsupported: 'UnityChanToonShader/Mobile/AngelRing/Toon_ShadingGradeMap' - All subshaders removed
WARNING: Shader Did you use #pragma only_renderers and omit this platform?
WARNING: Shader If subshaders removal was intentional, you may have forgotten turning Fallback off?
WARNING: Shader Unsupported: 'UnityChanToonShader/Mobile/AngelRing/Toon_ShadingGradeMap' - All subshaders removed
WARNING: Shader Did you use #pragma only_renderers and omit this platform?
WARNING: Shader If subshaders removal was intentional, you may have forgotten turning Fallback off?
WARNING: Shader Unsupported: 'UnityChanToonShader/Tessellation/Light/AngelRing/Toon_ShadingGradeMap_StencilOut' - All subshaders removed
WARNING: Shader Did you use #pragma only_renderers and omit this platform?
WARNING: Shader If subshaders removal was intentional, you may have forgotten turning Fallback off?
WARNING: Shader Unsupported: 'UnityChanToonShader/Tessellation/Light/AngelRing/Toon_ShadingGradeMap_StencilOut' - All subshaders removed
WARNING: Shader Did you use #pragma only_renderers and omit this platform?
WARNING: Shader If subshaders removal was intentional, you may have forgotten turning Fallback off?
WARNING: Shader Unsupported: 'UnityChanToonShader/Tessellation/NoOutline/AngelRing/ToonColor_ShadingGradeMap_TransClipping' - All subshaders removed
WARNING: Shader Did you use #pragma only_renderers and omit this platform?
WARNING: Shader If subshaders removal was intentional, you may have forgotten turning Fallback off?
WARNING: Shader Unsupported: 'UnityChanToonShader/Tessellation/NoOutline/AngelRing/ToonColor_ShadingGradeMap_TransClipping' - All subshaders removed
WARNING: Shader Did you use #pragma only_renderers and omit this platform?
WARNING: Shader If subshaders removal was intentional, you may have forgotten turning Fallback off?
WARNING: Shader Unsupported: 'UnityChanToonShader/NoOutline/AngelRing/ToonColor_ShadingGradeMap_TransClipping' - All subshaders removed
WARNING: Shader Did you use #pragma only_renderers and omit this platform?
WARNING: Shader If subshaders removal was intentional, you may have forgotten turning Fallback off?
WARNING: Shader Unsupported: 'UnityChanToonShader/NoOutline/AngelRing/ToonColor_ShadingGradeMap_TransClipping' - All subshaders removed
WARNING: Shader Did you use #pragma only_renderers and omit this platform?
WARNING: Shader If subshaders removal was intentional, you may have forgotten turning Fallback off?
WARNING: Shader Unsupported: 'UnityChanToonShader/Mobile/Toon_ShadingGradeMap_TransClipping_StencilMask' - All subshaders removed
WARNING: Shader Did you use #pragma only_renderers and omit this platform?
WARNING: Shader If subshaders removal was intentional, you may have forgotten turning Fallback off?
WARNING: Shader Unsupported: 'UnityChanToonShader/Mobile/Toon_ShadingGradeMap_TransClipping_StencilMask' - All subshaders removed
WARNING: Shader Did you use #pragma only_renderers and omit this platform?
WARNING: Shader If subshaders removal was intentional, you may have forgotten turning Fallback off?
WARNING: Shader Unsupported: 'UnityChanToonShader/NoOutline/ToonColor_ShadingGradeMap_TransClipping' - All subshaders removed
WARNING: Shader Did you use #pragma only_renderers and omit this platform?
WARNING: Shader If subshaders removal was intentional, you may have forgotten turning Fallback off?
WARNING: Shader Unsupported: 'UnityChanToonShader/NoOutline/ToonColor_ShadingGradeMap_TransClipping' - All subshaders removed
WARNING: Shader Did you use #pragma only_renderers and omit this platform?
WARNING: Shader If subshaders removal was intentional, you may have forgotten turning Fallback off?
WARNING: Shader Unsupported: 'UnityChanToonShader/NoOutline/AngelRing/ToonColor_ShadingGradeMap_StencilOut' - All subshaders removed
WARNING: Shader Did you use #pragma only_renderers and omit this platform?
WARNING: Shader If subshaders removal was intentional, you may have forgotten turning Fallback off?
WARNING: Shader Unsupported: 'UnityChanToonShader/NoOutline/AngelRing/ToonColor_ShadingGradeMap_StencilOut' - All subshaders removed
WARNING: Shader Did you use #pragma only_renderers and omit this platform?
WARNING: Shader If subshaders removal was intentional, you may have forgotten turning Fallback off?
WARNING: Shader Unsupported: 'UnityChanToonShader/Tessellation/NoOutline/ToonColor_ShadingGradeMap_TransClipping_StencilMask' - All subshaders removed
WARNING: Shader Did you use #pragma only_renderers and omit this platform?
WARNING: Shader If subshaders removal was intentional, you may have forgotten turning Fallback off?
WARNING: Shader Unsupported: 'UnityChanToonShader/Tessellation/NoOutline/ToonColor_ShadingGradeMap_TransClipping_StencilMask' - All subshaders removed
WARNING: Shader Did you use #pragma only_renderers and omit this platform?
WARNING: Shader If subshaders removal was intentional, you may have forgotten turning Fallback off?
WARNING: Shader Unsupported: 'UnityChanToonShader/Tessellation/Light/Toon_ShadingGradeMap' - All subshaders removed
WARNING: Shader Did you use #pragma only_renderers and omit this platform?
WARNING: Shader If subshaders removal was intentional, you may have forgotten turning Fallback off?
WARNING: Shader Unsupported: 'UnityChanToonShader/Tessellation/Light/Toon_ShadingGradeMap' - All subshaders removed
WARNING: Shader Did you use #pragma only_renderers and omit this platform?
WARNING: Shader If subshaders removal was intentional, you may have forgotten turning Fallback off?
WARNING: Shader Unsupported: 'UnityChanToonShader/Tessellation/NoOutline/ToonColor_ShadingGradeMap_TransClipping_StencilOut' - All subshaders removed
WARNING: Shader Did you use #pragma only_renderers and omit this platform?
WARNING: Shader If subshaders removal was intentional, you may have forgotten turning Fallback off?
WARNING: Shader Unsupported: 'UnityChanToonShader/Tessellation/NoOutline/ToonColor_ShadingGradeMap_TransClipping_StencilOut' - All subshaders removed
WARNING: Shader Did you use #pragma only_renderers and omit this platform?
WARNING: Shader If subshaders removal was intentional, you may have forgotten turning Fallback off?
WARNING: Shader Unsupported: 'UnityChanToonShader/Tessellation/NoOutline/ToonColor_DoubleShadeWithFeather_StencilMask' - All subshaders removed
WARNING: Shader Did you use #pragma only_renderers and omit this platform?
WARNING: Shader If subshaders removal was intentional, you may have forgotten turning Fallback off?
WARNING: Shader Unsupported: 'UnityChanToonShader/Tessellation/NoOutline/ToonColor_DoubleShadeWithFeather_StencilMask' - All subshaders removed
WARNING: Shader Did you use #pragma only_renderers and omit this platform?
WARNING: Shader If subshaders removal was intentional, you may have forgotten turning Fallback off?
WARNING: Shader Unsupported: 'UnityChanToonShader/NoOutline/AngelRing/ToonColor_ShadingGradeMap' - All subshaders removed
WARNING: Shader Did you use #pragma only_renderers and omit this platform?
WARNING: Shader If subshaders removal was intentional, you may have forgotten turning Fallback off?
WARNING: Shader Unsupported: 'UnityChanToonShader/NoOutline/AngelRing/ToonColor_ShadingGradeMap' - All subshaders removed
WARNING: Shader Did you use #pragma only_renderers and omit this platform?
WARNING: Shader If subshaders removal was intentional, you may have forgotten turning Fallback off?
WARNING: Shader Unsupported: 'UnityChanToonShader/Tessellation/NoOutline/ToonColor_DoubleShadeWithFeather_TransClipping' - All subshaders removed
WARNING: Shader Did you use #pragma only_renderers and omit this platform?
WARNING: Shader If subshaders removal was intentional, you may have forgotten turning Fallback off?
WARNING: Shader Unsupported: 'UnityChanToonShader/Tessellation/NoOutline/ToonColor_DoubleShadeWithFeather_TransClipping' - All subshaders removed
WARNING: Shader Did you use #pragma only_renderers and omit this platform?
WARNING: Shader If subshaders removal was intentional, you may have forgotten turning Fallback off?
WARNING: Shader Unsupported: 'UnityChanToonShader/NoOutline/AngelRing/ToonColor_ShadingGradeMap_TransClipping_StencilOut' - All subshaders removed
WARNING: Shader Did you use #pragma only_renderers and omit this platform?
WARNING: Shader If subshaders removal was intentional, you may have forgotten turning Fallback off?
WARNING: Shader Unsupported: 'UnityChanToonShader/NoOutline/AngelRing/ToonColor_ShadingGradeMap_TransClipping_StencilOut' - All subshaders removed
WARNING: Shader Did you use #pragma only_renderers and omit this platform?
WARNING: Shader If subshaders removal was intentional, you may have forgotten turning Fallback off?
WARNING: Shader Unsupported: 'UnityChanToonShader/NoOutline/ToonColor_DoubleShadeWithFeather_TransClipping_StencilOut' - All subshaders removed
WARNING: Shader Did you use #pragma only_renderers and omit this platform?
WARNING: Shader If subshaders removal was intentional, you may have forgotten turning Fallback off?
WARNING: Shader Unsupported: 'UnityChanToonShader/NoOutline/ToonColor_DoubleShadeWithFeather_TransClipping_StencilOut' - All subshaders removed
WARNING: Shader Did you use #pragma only_renderers and omit this platform?
WARNING: Shader If subshaders removal was intentional, you may have forgotten turning Fallback off?
WARNING: Shader Unsupported: 'UnityChanToonShader/Mobile/Toon_DoubleShadeWithFeather_StencilOut' - All subshaders removed
WARNING: Shader Did you use #pragma only_renderers and omit this platform?
WARNING: Shader If subshaders removal was intentional, you may have forgotten turning Fallback off?
WARNING: Shader Unsupported: 'UnityChanToonShader/Mobile/Toon_DoubleShadeWithFeather_StencilOut' - All subshaders removed
WARNING: Shader Did you use #pragma only_renderers and omit this platform?
WARNING: Shader If subshaders removal was intentional, you may have forgotten turning Fallback off?
WARNING: Shader Unsupported: 'UnityChanToonShader/Tessellation/Light/Toon_DoubleShadeWithFeather_StencilMask' - All subshaders removed
WARNING: Shader Did you use #pragma only_renderers and omit this platform?
WARNING: Shader If subshaders removal was intentional, you may have forgotten turning Fallback off?
WARNING: Shader Unsupported: 'UnityChanToonShader/Tessellation/Light/Toon_DoubleShadeWithFeather_StencilMask' - All subshaders removed
WARNING: Shader Did you use #pragma only_renderers and omit this platform?
WARNING: Shader If subshaders removal was intentional, you may have forgotten turning Fallback off?
Refreshing native plugins compatible for Editor in 12.29 ms, found 4 plugins.
Preloading 0 native plugins for Editor in 0.00 ms.
Unloading 61 Unused Serialized files (Serialized files now loaded: 0)
Unloading 61 unused Assets / (10.6 MB). Loaded Objects now: 4099.
Memory consumption went from 110.2 MB to 99.6 MB.
Total: 13.861300 ms (FindLiveObjects: 0.346400 ms CreateObjectMapping: 0.190300 ms MarkObjects: 4.859600 ms  DeleteObjects: 8.463600 ms)

Prepare: number of updated asset objects reloaded= 0
AssetImportParameters requested are different than current active one (requested -> active):
  custom:container-demuxer-ogg: 62fdf1f143b41e24485cea50d1cbac27 -> 
  custom:video-codec-MediaFoundation-h265: 746d11721c4dcdbdad8f713fa42b33f4 -> 
  custom:video-decoder-ogg-theora: a1e56fd34408186e4bbccfd4996cb3dc -> 
  custom:framework-win-MediaFoundation: 216162199b28c13a410421893ffa2e32 -> 
  custom:CustomObjectIndexerAttribute: 9a22284fe3817be447336de3de66b15e -> 
  custom:container-demuxer-webm: 4f35f7cbe854078d1ac9338744f61a02 -> 
  custom:container-muxer-webm: aa71ff27fc2769a1b78a27578f13a17b -> 
  custom:video-decoder-webm-vp8: 9c59270c3fd7afecdb556c50c9e8de78 -> 
  custom:SearchIndexIgnoredProperties: e643bd26f0fe6173181afceb89e7c659 -> 
  custom:AudioImporter_EditorPlatform: d09bf68614088b80899f8185d706f6e7 -> 
  custom:video-encoder-webm-vp8: eb34c28f22e8b96e1ab97ce403110664 -> 
  custom:audio-decoder-ogg-vorbis: bf7c407c2cedff20999df2af8eb42d56 -> 
  custom:audio-encoder-webm-vorbis: bf7c407c2cedff20999df2af8eb42d56 -> 
TcpMessagingSession - receive error
AssetImportWorkerClient::OnTransportError - code=10054 error=既存の接続はリモート ホストに強制的に切断されました。
